image_id,sensor,acq_datetime_utc,season_complete,aoi_cloud_pct,aoi_coverage_pct,status,reason,length_m,pct_aoi_alongshore_covered,flags
"LE07_135045_19991025,LE07_135046_19991025",L7,1999-10-25 04:05:43+00:00,False,24.430166960715376,51.47068500361913,extracted,,27429.56415762418,29.8147436495915,landsat_cloud_mask_issue
LE07_136045_19991101,L7,1999-11-01 04:11:55+00:00,True,4.810613248231842,91.37823254589722,extracted,,73930.18794580731,80.3588999410949,landsat_cloud_mask_issue
LE07_136045_19991219,L7,1999-12-19 04:11:58+00:00,True,0.0,90.59682832137922,extracted,,80256.85704615821,87.23571418060675,landsat_cloud_mask_issue
"LE07_136045_20000205,LE07_136046_20000205",L7,2000-02-05 04:11:48+00:00,True,0.0,93.46581562150423,extracted,,83704.12609187393,90.98274575203688,landsat_cloud_mask_issue
"LE07_135045_20000214,LE07_135046_20000214",L7,2000-02-14 04:05:34+00:00,True,0.0,50.20234256761202,extracted,,51224.60891254699,55.67892273102934,landsat_cloud_mask_issue
LE07_136045_20000308,L7,2000-03-08 04:11:35+00:00,True,0.0070368495665749,95.23590182272818,extracted,,88754.52395050744,96.4723086418559,landsat_cloud_mask_issue
"LE07_135045_20000402,LE07_135046_20000402",L7,2000-04-02 04:05:21+00:00,True,1.8601515445353611,52.46759228795157,extracted,,54015.75962801057,58.712782204359314,landsat_cloud_mask_issue
LE07_136045_20000409,L7,2000-04-09 04:11:25+00:00,True,8.460087804238652,93.52010265183918,extracted,,89354.58235086709,97.12454603355118,landsat_cloud_mask_issue
LE07_136045_20000730,L7,2000-07-30 04:10:13+00:00,True,18.998229689068264,94.14029084687768,extracted,,57563.952947862446,62.56951407376353,landsat_cloud_mask_issue
"LE07_135045_20000824,LE07_135046_20000824",L7,2000-08-24 04:03:50+00:00,True,25.302386634642325,54.3923142725538,extracted,,55839.55257662106,60.69516584415333,landsat_cloud_mask_issue
LE07_136045_20001221,L7,2000-12-21 04:09:28+00:00,True,23.325147724656567,93.13022307034284,extracted,,44907.26257786079,48.81224193245738,landsat_cloud_mask_issue
"LE07_135045_20001230,LE07_135046_20001230",L7,2000-12-30 04:03:17+00:00,True,0.0165786761556507,50.72218200960717,extracted,,55383.78381079509,60.199765011733795,landsat_cloud_mask_issue
"LE07_135045_20010131,LE07_135046_20010131",L7,2001-01-31 04:03:20+00:00,True,0.0,54.4021846417056,extracted,,56942.54795729012,61.894073866619685,landsat_cloud_mask_issue
"LE07_136045_20010207,LE07_136046_20010207",L7,2001-02-07 04:09:25+00:00,True,0.0,93.18286503915246,extracted,,82563.95159352184,89.74342564513243,landsat_cloud_mask_issue
LE07_136045_20010327,L7,2001-03-27 04:09:12+00:00,True,23.74944882558045,93.50036191353556,extracted,,69590.72269445282,75.64208988527481,landsat_cloud_mask_issue
"LE07_135045_20010421,LE07_135046_20010421",L7,2001-04-21 04:02:57+00:00,True,12.639759279238824,54.97795617556097,extracted,,54244.75925625849,58.96169484375923,landsat_cloud_mask_issue
"LE07_135045_20010928,LE07_135046_20010928",L7,2001-09-28 04:01:16+00:00,True,15.32499977750199,58.52964400868592,extracted,,50230.566210905265,54.598441533592684,landsat_cloud_mask_issue
LE07_136045_20011021,L7,2001-10-21 04:07:20+00:00,True,13.402524170064892,91.59538066723697,extracted,,76532.76562390845,83.1877887216396,landsat_cloud_mask_issue
"LE07_136045_20020210,LE07_136046_20020210",L7,2002-02-10 04:07:56+00:00,True,16.99318663166406,90.88800421135753,extracted,,65083.432759963536,70.74286169561253,landsat_cloud_mask_issue
"LE07_135045_20020219,LE07_135046_20020219",L7,2002-02-19 04:01:40+00:00,True,0.0,50.25827465947227,extracted,,52750.29945713515,57.33728201862517,landsat_cloud_mask_issue
LE07_136045_20020226,L7,2002-02-26 04:07:59+00:00,True,0.0,89.89603211160097,extracted,,79452.64303107228,86.36156851203509,landsat_cloud_mask_issue
"LE07_135045_20020307,LE07_135046_20020307",L7,2002-03-07 04:01:47+00:00,True,0.0,54.05014147529118,extracted,,54795.211115841026,59.5600120824359,landsat_cloud_mask_issue
"LE07_135045_20020323,LE07_135046_20020323",L7,2002-03-23 04:01:39+00:00,True,18.262376102632743,50.069092584062645,extracted,,44412.810090839805,48.27479357699979,landsat_cloud_mask_issue
"LE07_135045_20020408,LE07_135046_20020408",L7,2002-04-08 04:01:40+00:00,True,1.302114719774253,52.03165098374679,extracted,,54590.78632304012,59.337811220695784,landsat_cloud_mask_issue
LE07_136045_20020501,L7,2002-05-01 04:07:52+00:00,True,0.0,88.24932552477462,extracted,,103559.4917048075,100.0,landsat_cloud_mask_issue
LE07_136045_20020922,L7,2002-09-22 04:06:48+00:00,True,6.599753392479153,90.8912943344081,extracted,,70275.55517192307,76.38647301295985,landsat_cloud_mask_issue
"LE07_135045_20021001,LE07_135046_20021001",L7,2002-10-01 04:00:34+00:00,True,27.60601603297464,55.6540764624597,extracted,,48076.409473399275,52.25696681891226,landsat_cloud_mask_issue
LE07_136045_20021008,L7,2002-10-08 04:06:43+00:00,True,2.915674539073873,87.5978811607554,extracted,,76211.80912251605,82.83892295925658,landsat_cloud_mask_issue
"LE07_135045_20021017,LE07_135046_20021017",L7,2002-10-17 04:00:35+00:00,True,5.315182062935069,52.572876225570845,extracted,,53766.4836766505,58.441830083315764,landsat_cloud_mask_issue
"LE07_136045_20021109,LE07_136046_20021109",L7,2002-11-09 04:06:55+00:00,True,13.094480834713252,95.01217345528724,extracted,,82942.91438920706,90.15534172739898,landsat_cloud_mask_issue
"LE07_136045_20021227,LE07_136046_20021227",L7,2002-12-27 04:07:23+00:00,True,0.0053679373732219,93.61880634335724,extracted,,84195.75239635109,91.51712216994684,landsat_cloud_mask_issue
"LE07_136045_20030128,LE07_136046_20030128",L7,2003-01-28 04:07:32+00:00,True,0.0,95.45963019016912,extracted,,87198.34805039791,94.7808130982586,landsat_cloud_mask_issue
"LE07_135045_20030222,LE07_135046_20030222",L7,2003-02-22 04:01:31+00:00,True,0.0033205797028979,50.64979930249392,extracted,,52722.62375911667,57.3071997381703,landsat_cloud_mask_issue
LE07_136045_20030301,L7,2003-03-01 04:07:43+00:00,True,0.0,93.42962426794762,extracted,,84975.54553627041,92.36472340898956,landsat_cloud_mask_issue
"LE07_135045_20030310,LE07_135046_20030310",L7,2003-03-10 04:01:36+00:00,True,0.0355126090018703,52.08922813713232,extracted,,53336.18911068653,57.97411859857231,landsat_cloud_mask_issue
LE07_136045_20030402,L7,2003-04-02 04:07:46+00:00,True,8.936540286827993,93.48226623675724,extracted,,76991.818793438,83.68675955808477,landsat_cloud_mask_issue
"LE07_135045_20030411,LE07_135046_20030411",L7,2003-04-11 04:01:37+00:00,True,0.0,51.67302757123117,extracted,,54299.837521799716,59.021562523695344,landsat_cloud_mask_issue
LE07_136045_20030418,L7,2003-04-18 04:07:47+00:00,True,8.852403896456261,92.60051325919588,extracted,,84299.23623588616,91.62960460422408,landsat_cloud_mask_issue
"LE07_135045_20030427,LE07_135046_20030427",L7,2003-04-27 04:01:36+00:00,True,0.0618254839698885,52.00039481476607,extracted,,53336.309108982015,57.97424903150219,landsat_cloud_mask_issue
LE07_136045_20031112,L7,2003-11-12 04:07:34+00:00,True,0.0,61.05645851154833,extracted,,44740.24188982101,48.63069770632718,"slc_off,landsat_cloud_mask_issue"
"LE07_136045_20031128,LE07_136046_20031128",L7,2003-11-28 04:07:42+00:00,True,0.0,61.07948937290255,extracted,,46281.78864639987,50.30629200695638,"slc_off,landsat_cloud_mask_issue"
"LE07_136045_20031214,LE07_136046_20031214",L7,2003-12-14 04:07:48+00:00,True,0.0,62.071461472659074,extracted,,49154.04529381234,53.428310101969934,"slc_off,landsat_cloud_mask_issue"
"LE07_136045_20031230,LE07_136046_20031230",L7,2003-12-30 04:07:56+00:00,True,0.0135309294761588,61.89050470487596,extracted,,47986.73294481308,52.15949233131856,"slc_off,landsat_cloud_mask_issue"
"LE07_136045_20040115,LE07_136046_20040115",L7,2004-01-15 04:07:58+00:00,True,0.0,64.09159702572876,extracted,,49509.81599676385,53.81501738778679,"slc_off,landsat_cloud_mask_issue"
LE07_136045_20040216,L7,2004-02-16 04:08:09+00:00,True,0.0643059363816956,62.76896755938672,extracted,,48264.404475734475,52.46130921275486,"slc_off,landsat_cloud_mask_issue"
LE07_136045_20040303,L7,2004-03-03 04:08:12+00:00,True,0.2398458126628017,63.12594591037705,extracted,,47539.99289213682,51.67390531754002,"slc_off,landsat_cloud_mask_issue"
LE07_136045_20041029,L7,2004-10-29 04:07:51+00:00,True,0.0359386518541325,61.34927946305192,extracted,,43191.81944195169,46.947629828208356,"slc_off,landsat_cloud_mask_issue"
"LE07_136045_20041114,LE07_136046_20041114",L7,2004-11-14 04:07:58+00:00,True,0.002663383984978,62.8939922353096,extracted,,47076.44238238277,51.170046067807355,"slc_off,landsat_cloud_mask_issue"
LE07_136045_20041130,L7,2004-11-30 04:08:08+00:00,True,0.0,62.49588734618675,extracted,,47442.65217772137,51.568100193175404,"slc_off,landsat_cloud_mask_issue"
LE07_136045_20041216,L7,2004-12-16 04:08:14+00:00,True,0.5369637416812744,62.39224847009278,extracted,,46973.103534401984,51.05772123304563,"slc_off,landsat_cloud_mask_issue"
LE07_136045_20050101,L7,2005-01-01 04:08:23+00:00,True,0.0,62.63900769888794,extracted,,47246.53800086165,51.35493260963223,"slc_off,landsat_cloud_mask_issue"
LE07_136045_20050117,L7,2005-01-17 04:08:26+00:00,True,0.0,64.08337171810226,extracted,,48583.26089199903,52.807892273911996,"slc_off,landsat_cloud_mask_issue"
LE07_136045_20050202,L7,2005-02-02 04:08:31+00:00,True,14.273928906281853,64.45515562282029,extracted,,37228.94645935414,40.46624615147189,"slc_off,landsat_cloud_mask_issue"
LE07_136045_20050218,L7,2005-02-18 04:08:39+00:00,True,15.01545263551468,62.24748305586629,extracted,,39684.58181710985,43.13541501859766,"slc_off,landsat_cloud_mask_issue"
LE07_136045_20050407,L7,2005-04-07 04:08:39+00:00,True,0.0714908653407653,64.10804764098177,extracted,,47553.51041506225,51.68859827724158,"slc_off,landsat_cloud_mask_issue"
LE07_136045_20050423,L7,2005-04-23 04:08:34+00:00,True,5.3757016656389895,65.85510298085148,extracted,,46805.50214480898,50.87554580957498,"slc_off,landsat_cloud_mask_issue"
LE07_136045_20050914,L7,2005-09-14 04:08:05+00:00,True,10.463499147968646,64.48970191485162,extracted,,47676.22982362729,51.82198893872532,"slc_off,landsat_cloud_mask_issue"
"LE07_136045_20060205,LE07_136046_20060205",L7,2006-02-05 04:09:03+00:00,True,2.134274299612508,62.29683490162532,extracted,,46958.17897942064,51.04149889067461,"slc_off,landsat_cloud_mask_issue"
"LE07_136045_20060221,LE07_136046_20060221",L7,2006-02-21 04:09:07+00:00,True,9.495697364517545,62.13890899519642,extracted,,46132.595755090006,50.144125820750006,"slc_off,landsat_cloud_mask_issue"
"LE07_136045_20060309,LE07_136046_20060309",L7,2006-03-09 04:09:08+00:00,True,0.0,62.347831808909646,extracted,,47192.41300943036,51.29610109720692,"slc_off,landsat_cloud_mask_issue"
LE07_136045_20060325,L7,2006-03-25 04:09:07+00:00,True,11.310258611506244,62.9022175429361,extracted,,46310.15271484361,50.33712251613436,"slc_off,landsat_cloud_mask_issue"
LE07_136045_20060410,L7,2006-04-10 04:09:04+00:00,True,25.463004707983465,64.03730999539383,extracted,,62834.47153073048,68.29833862035922,"slc_off,landsat_cloud_mask_issue"
LE07_136045_20060917,L7,2006-09-17 04:08:33+00:00,True,29.789924827961507,60.17635059551228,extracted,,40152.050751667106,43.64353342572512,"slc_off,landsat_cloud_mask_issue"
LE07_136045_20061104,L7,2006-11-04 04:08:49+00:00,True,0.0,60.24215305652432,extracted,,47830.314867573914,51.98947268214555,"slc_off,landsat_cloud_mask_issue"
LE07_136045_20061120,L7,2006-11-20 04:09:01+00:00,True,0.0,58.94255445153649,extracted,,44006.62365741358,47.833286584145185,"slc_off,landsat_cloud_mask_issue"
LE07_136045_20061206,L7,2006-12-06 04:09:09+00:00,True,1.9386316621005504,58.949134697637696,extracted,,40124.14824738769,43.613204616725746,"slc_off,landsat_cloud_mask_issue"
LE07_136045_20061222,L7,2006-12-22 04:09:14+00:00,True,0.2109688335459169,60.312890702112256,extracted,,44835.920119982875,48.73469578259008,"slc_off,landsat_cloud_mask_issue"
"LE07_136045_20070123,LE07_136046_20070123",L7,2007-01-23 04:09:18+00:00,True,7.894369296989187,63.91557544252156,extracted,,35816.20537621109,38.93065801762075,"slc_off,landsat_cloud_mask_issue"
"LE07_136045_20070208,LE07_136046_20070208",L7,2007-02-08 04:09:25+00:00,True,29.522796536092024,62.55181943804698,extracted,,37000.12611475089,40.2175283855988,"slc_off,landsat_cloud_mask_issue"
LE07_136045_20070224,L7,2007-02-24 04:09:30+00:00,True,0.0,61.4858195696519,extracted,,46432.13842056619,50.469715674528466,"slc_off,landsat_cloud_mask_issue"
"LE07_136045_20070312,LE07_136046_20070312",L7,2007-03-12 04:09:33+00:00,True,0.0055056966147414,60.82779495953149,extracted,,49222.319008681974,53.50252066161084,"slc_off,landsat_cloud_mask_issue"
"LE07_136045_20070328,LE07_136046_20070328",L7,2007-03-28 04:09:34+00:00,True,0.1487735381727262,60.50207277752188,extracted,,43573.21330073838,47.362188370367804,"slc_off,landsat_cloud_mask_issue"
LE07_136045_20070429,L7,2007-04-29 04:09:30+00:00,True,5.314602346483978,63.87609396591433,extracted,,45677.010775401715,49.64892475587143,"slc_off,landsat_cloud_mask_issue"
LE07_136045_20070531,L7,2007-05-31 04:09:17+00:00,True,16.84439248195886,67.03132197144174,extracted,,41502.63746996804,45.11156246735656,"slc_off,landsat_cloud_mask_issue"
LE07_136045_20071022,L7,2007-10-22 04:08:54+00:00,True,0.0,64.97005988023952,extracted,,49869.64625085268,54.206137229187696,"slc_off,landsat_cloud_mask_issue"
LE07_136045_20071107,L7,2007-11-07 04:09:05+00:00,True,5.573280644144283,63.09962492597223,extracted,,41025.29603462469,44.5927130811138,"slc_off,landsat_cloud_mask_issue"
LE07_136045_20071209,L7,2007-12-09 04:09:19+00:00,True,11.061946237189831,61.13048628018688,extracted,,32781.20801896113,35.63174784669688,"slc_off,landsat_cloud_mask_issue"
LE07_136045_20071225,L7,2007-12-25 04:09:22+00:00,True,0.0,61.26373626373627,extracted,,45409.66321321681,49.35832957958349,"slc_off,landsat_cloud_mask_issue"
LE07_136045_20080110,L7,2008-01-10 04:09:23+00:00,True,0.0,61.90037507402777,extracted,,46765.12948844498,50.8316624874402,"slc_off,landsat_cloud_mask_issue"
"LE07_136045_20080227,LE07_136046_20080227",L7,2008-02-27 04:09:15+00:00,True,0.0,65.67085609001776,extracted,,50340.78336263974,54.71824278547798,"slc_off,landsat_cloud_mask_issue"
LE07_136045_20080330,L7,2008-03-30 04:09:11+00:00,True,15.13795030915816,64.66901362110943,extracted,,38659.81589730727,42.02153901881225,"slc_off,landsat_cloud_mask_issue"
LE07_136045_20080415,L7,2008-04-15 04:09:09+00:00,True,12.96522922167695,63.31677304731197,extracted,,41963.29481977293,45.612276978014044,"slc_off,landsat_cloud_mask_issue"
LE07_136045_20081109,L7,2008-11-09 04:08:06+00:00,True,0.0,65.71362768967559,extracted,,50735.395203820284,55.14716869980465,"slc_off,landsat_cloud_mask_issue"
LE07_136045_20081125,L7,2008-11-25 04:08:19+00:00,True,0.0,65.52444561426597,extracted,,49899.487775078145,54.238573668563205,"slc_off,landsat_cloud_mask_issue"
LE07_136045_20081211,L7,2008-12-11 04:08:29+00:00,True,0.7506639855741573,65.80904125814305,extracted,,49801.57395980212,54.13214560848056,"slc_off,landsat_cloud_mask_issue"
LE07_136045_20081227,L7,2008-12-27 04:08:37+00:00,True,1.0478866378345275,66.78620780417187,extracted,,51142.13723909576,55.58927960771279,"slc_off,landsat_cloud_mask_issue"
"LE07_136045_20090112,LE07_136046_20090112",L7,2009-01-12 04:08:43+00:00,True,0.0049302433403771,67.96736197933802,extracted,,54590.10644275193,59.33707222038253,"slc_off,landsat_cloud_mask_issue"
"LE07_136045_20090128,LE07_136046_20090128",L7,2009-01-28 04:08:47+00:00,True,2.698005206447198,69.3245377377114,extracted,,58020.363615386465,63.06561262542007,"slc_off,landsat_cloud_mask_issue"
LE07_136045_20090213,L7,2009-02-13 04:08:55+00:00,True,0.0,68.79153780351385,extracted,,52817.44496198221,57.41026626302414,"slc_off,landsat_cloud_mask_issue"
LE07_136045_20090301,L7,2009-03-01 04:09:04+00:00,True,0.0,67.23037441600316,extracted,,51689.9982796551,56.18478073875554,"slc_off,landsat_cloud_mask_issue"
LE07_136045_20090402,L7,2009-04-02 04:09:18+00:00,True,1.7333241757370037,64.16726985589261,extracted,,34229.03338517556,37.205471070843,"slc_off,landsat_cloud_mask_issue"
LE07_136045_20090520,L7,2009-05-20 04:09:28+00:00,True,14.566899270228523,61.6322300454037,extracted,,33015.586795062576,35.886507385937584,"slc_off,landsat_cloud_mask_issue"
LE07_136045_20090925,L7,2009-09-25 04:09:10+00:00,True,28.64822135523972,63.945186549976974,extracted,,21692.512100527467,23.578817500573336,"slc_off,landsat_cloud_mask_issue"
LE07_136045_20091027,L7,2009-10-27 04:09:22+00:00,True,0.0,67.32414292294531,extracted,,53010.192813532296,57.61977479731771,"slc_off,landsat_cloud_mask_issue"
LE07_136045_20091128,L7,2009-11-28 04:09:48+00:00,True,0.0,68.14338356254524,extracted,,54306.89785772482,59.0292368018748,"slc_off,landsat_cloud_mask_issue"
LE07_136045_20091214,L7,2009-12-14 04:10:00+00:00,True,0.0068047396257431,68.56451931302232,extracted,,53558.67425803669,58.21595028047466,"slc_off,landsat_cloud_mask_issue"
LE07_136045_20091230,L7,2009-12-30 04:10:17+00:00,True,0.0,66.41113377640325,extracted,,50498.19174814533,54.8893388566797,"slc_off,landsat_cloud_mask_issue"
LE07_136045_20100115,L7,2010-01-15 04:10:33+00:00,True,0.0,64.50121734552873,extracted,,47903.83782571704,52.06938894099678,"slc_off,landsat_cloud_mask_issue"
LE07_136045_20100304,L7,2010-03-04 04:11:06+00:00,True,10.285538762748605,60.46752648549055,extracted,,55288.7478077888,60.09646500846609,"slc_off,landsat_cloud_mask_issue"
LE07_136045_20100320,L7,2010-03-20 04:11:11+00:00,True,0.1877314844007181,60.41159439363032,extracted,,42271.074037718456,45.94681960621571,"slc_off,landsat_cloud_mask_issue"
LE07_136045_20100405,L7,2010-04-05 04:11:14+00:00,True,4.486554068492981,61.13377640323748,extracted,,46353.1713546233,50.38388190719924,"slc_off,landsat_cloud_mask_issue"
LE07_136045_20100507,L7,2010-05-07 04:11:12+00:00,True,3.815864369654656,65.64453510561295,extracted,,45890.16889244654,49.880618361354934,"slc_off,landsat_cloud_mask_issue"
LE07_136045_20100928,L7,2010-09-28 04:11:18+00:00,True,1.2455932434077517,63.98631308810949,extracted,,46856.64279848565,50.93113347661484,"slc_off,landsat_cloud_mask_issue"
LE07_136045_20101030,L7,2010-10-30 04:11:33+00:00,True,8.299766284203923,69.15838652365599,extracted,,52130.85665824642,56.66397462852871,"slc_off,landsat_cloud_mask_issue"
LE07_136045_20101115,L7,2010-11-15 04:11:45+00:00,True,0.0,68.46581562150425,extracted,,53670.382045340535,58.33737178841363,"slc_off,landsat_cloud_mask_issue"
LE07_136045_20101201,L7,2010-12-01 04:11:56+00:00,True,0.2669994449639167,68.41646377574521,extracted,,50561.52641430936,54.95818088511887,"slc_off,landsat_cloud_mask_issue"
LE07_136045_20101217,L7,2010-12-17 04:12:04+00:00,True,0.0,68.84088964927288,extracted,,54203.689631395,58.917053947168476,"slc_off,landsat_cloud_mask_issue"
LE07_136045_20110102,L7,2011-01-02 04:12:13+00:00,True,0.0,68.72244521945122,extracted,,53560.14828164239,58.21755248004607,"slc_off,landsat_cloud_mask_issue"
"LE07_136045_20110307,LE07_136046_20110307",L7,2011-03-07 04:12:35+00:00,True,0.0049354563279372,67.91307494900309,extracted,,63402.13394685497,68.91536298571192,"slc_off,landsat_cloud_mask_issue"
LE07_136045_20110323,L7,2011-03-23 04:12:35+00:00,True,1.541756860865446,68.60729091268013,extracted,,41496.3800484653,45.104760922244886,"slc_off,landsat_cloud_mask_issue"
LE07_136045_20110408,L7,2011-04-08 04:12:39+00:00,True,14.883736972572226,67.4458774758176,extracted,,47877.11513287543,52.040342535734155,"slc_off,landsat_cloud_mask_issue"
LE07_136045_20110510,L7,2011-05-10 04:12:38+00:00,True,1.588132223493934,68.23386194643679,extracted,,46421.70255060949,50.458372337619004,"slc_off,landsat_cloud_mask_issue"
LE07_136045_20111102,L7,2011-11-02 04:12:24+00:00,True,0.0505895883509608,69.56471672040534,extracted,,55510.27188352711,60.33725204731207,"slc_off,landsat_cloud_mask_issue"
LE07_136045_20111118,L7,2011-11-18 04:12:38+00:00,True,0.0,67.54787129038627,extracted,,54016.60882094766,58.7137052401605,"slc_off,landsat_cloud_mask_issue"
LE07_136045_20111204,L7,2011-12-04 04:12:47+00:00,True,3.750401582774184,67.18102257024412,extracted,,50184.93524572118,54.54884265839259,"slc_off,landsat_cloud_mask_issue"
LE07_136045_20111220,L7,2011-12-20 04:12:55+00:00,True,4.926038024651889,66.77469237349477,extracted,,48111.75452286566,52.29538535094093,"slc_off,landsat_cloud_mask_issue"
"LE07_136045_20120105,LE07_136046_20120105",L7,2012-01-05 04:13:03+00:00,True,0.0051100678556892,65.55570178324669,extracted,,51082.62680260374,55.524594350656244,"slc_off,landsat_cloud_mask_issue"
"LE07_136045_20120121,LE07_136046_20120121",L7,2012-01-21 04:13:02+00:00,True,0.0456865155880489,67.71731262749226,extracted,,52385.70781865582,56.940986759408496,"slc_off,landsat_cloud_mask_issue"
"LE07_136045_20120206,LE07_136046_20120206",L7,2012-02-06 04:13:07+00:00,True,0.0,66.75659669671646,extracted,,52183.09239383811,56.720752601997944,"slc_off,landsat_cloud_mask_issue"
LE07_136045_20120222,L7,2012-02-22 04:13:10+00:00,True,0.0,66.18247022438639,extracted,,51806.524351334825,56.31143951232046,"slc_off,landsat_cloud_mask_issue"
LE07_136045_20120309,L7,2012-03-09 04:13:06+00:00,True,13.692316947044466,68.04467987102718,extracted,,34622.753816352044,37.633428061252225,"slc_off,landsat_cloud_mask_issue"
LE07_136045_20120325,L7,2012-03-25 04:13:09+00:00,True,12.50017728456774,66.71382509705863,extracted,,51099.71448454643,55.543167917985244,"slc_off,landsat_cloud_mask_issue"
LE07_136045_20120426,L7,2012-04-26 04:13:21+00:00,True,0.6984910505799807,59.774955583338816,extracted,,58308.99070344783,63.37933772113895,"slc_off,landsat_cloud_mask_issue"
"LE07_135045_20120505,LE07_135046_20120505",L7,2012-05-05 04:07:24+00:00,True,0.042743352151583,58.85701125222084,extracted,,45979.13037518524,49.97731562520134,"slc_off,landsat_cloud_mask_issue"
"LE07_136045_20121019,LE07_136046_20121019",L7,2012-10-19 04:14:49+00:00,True,12.762166369441749,68.14009343949465,extracted,,41802.01369969526,45.43697141271224,"slc_off,landsat_cloud_mask_issue"
"LE07_136045_20121206,LE07_136046_20121206",L7,2012-12-06 04:15:01+00:00,True,0.0024008378641694,69.80654076462459,extracted,,56351.586276920454,61.251724214043975,"slc_off,landsat_cloud_mask_issue"
LE07_136045_20121222,L7,2012-12-22 04:15:10+00:00,True,0.0099459098518332,67.38007501480556,extracted,,52092.97814187905,56.6228023281294,"slc_off,landsat_cloud_mask_issue"
"LE07_136045_20130107,LE07_136046_20130107",L7,2013-01-07 04:15:12+00:00,True,22.1047294457159,67.7831150885043,extracted,,35287.099101246175,38.35554250135454,"slc_off,landsat_cloud_mask_issue"
"LE07_136045_20130123,LE07_136046_20130123",L7,2013-01-23 04:15:13+00:00,True,0.0,67.73047311969468,extracted,,51698.857666153875,56.194410506689,"slc_off,landsat_cloud_mask_issue"
"LE07_136045_20130208,LE07_136046_20130208",L7,2013-02-08 04:15:15+00:00,True,0.0324389860835281,67.16621701651641,extracted,,52544.19549377589,57.11325597149554,"slc_off,landsat_cloud_mask_issue"
"LE07_136045_20130224,LE07_136046_20130224",L7,2013-02-24 04:15:11+00:00,True,0.0,68.25689280779102,extracted,,53801.5982420671,58.47999808920337,"slc_off,landsat_cloud_mask_issue"
LE07_136045_20130312,L7,2013-03-12 04:15:10+00:00,True,0.0024761228926009,67.66796078173324,extracted,,55056.18056759788,59.843674529997706,"slc_off,landsat_cloud_mask_issue"
LE07_136045_20130328,L7,2013-03-28 04:15:04+00:00,True,1.8401775432665948,68.60729091268013,extracted,,54326.9565539437,59.05103973254751,"slc_off,landsat_cloud_mask_issue"
LE07_136045_20130413,L7,2013-04-13 04:15:02+00:00,True,1.955804255801875,67.89333421069948,extracted,,50942.46172242876,55.37224100263996,"slc_off,landsat_cloud_mask_issue"
LC08_136045_20130421,L8,2013-04-21 04:20:49+00:00,True,0.7856424000991773,96.63091399618344,extracted,,86856.33681507791,94.40906175551946,
LE07_136045_20130616,L7,2013-06-16 04:14:41+00:00,True,2.2319227876631333,67.03790221754294,extracted,,50277.02582248849,54.64894111140053,"slc_off,landsat_cloud_mask_issue"
LE07_136045_20130803,L7,2013-08-03 04:14:17+00:00,True,28.522891709368984,68.03809962492598,extracted,,60401.06058311431,65.65332672077642,"slc_off,landsat_cloud_mask_issue"
"LC08_136045_20130912,LC08_136046_20130912",L8,2013-09-12 04:21:02+00:00,True,4.722503326794991,94.15016121602947,extracted,,76385.12097007611,83.02730540225664,
"LC08_135045_20131007,LC08_135046_20131007",L8,2013-10-07 04:14:44+00:00,True,19.99686663103893,50.68599065605054,extracted,,41449.27572556037,45.05356057126127,
LC08_136045_20131014,L8,2013-10-14 04:20:54+00:00,True,9.425786656966562,94.5120747515957,no_shoreline,extraction returned null geometry,,,
"LC08_136045_20131030,LC08_136046_20131030",L8,2013-10-30 04:20:45+00:00,True,2.5376151582624584,96.46147265907746,extracted,,81492.82417704277,88.57915671417692,
LE07_136045_20131107,L7,2013-11-07 04:15:10+00:00,True,0.0,68.47897611370666,extracted,,55338.46737800032,60.150508019565564,"slc_off,landsat_cloud_mask_issue"
"LC08_135045_20131108,LC08_135046_20131108",L8,2013-11-08 04:14:36+00:00,True,0.0,51.48549055734685,extracted,,52457.20104812501,57.01869679144023,
LE07_136045_20131123,L7,2013-11-23 04:15:15+00:00,True,28.85883454691957,68.8672106336777,extracted,,35697.381246961246,38.80150135539266,"slc_off,landsat_cloud_mask_issue"
"LC08_136045_20131201,LC08_136046_20131201",L8,2013-12-01 04:20:39+00:00,True,0.0,93.66486806606568,extracted,,84005.50536695507,91.31033192060333,
"LC08_136045_20131217,LC08_136046_20131217",L8,2013-12-17 04:20:32+00:00,True,0.0,93.49871685201026,extracted,,83555.5509163428,90.82125099602479,
"LE07_136045_20131225,LE07_136046_20131225",L7,2013-12-25 04:15:26+00:00,True,0.0073576291545237,68.32105020727775,extracted,,53389.78056737,58.032370181923916,"slc_off,landsat_cloud_mask_issue"
"LC08_135045_20131226,LC08_135046_20131226",L8,2013-12-26 04:14:18+00:00,True,3.511533792987517,53.34934526551292,extracted,,28521.940536334074,31.00210927862399,
"LC08_136045_20140102,LC08_136046_20140102",L8,2014-01-02 04:20:25+00:00,True,0.0072067789506378,92.96900704086332,extracted,,82673.20326149272,89.86217745814426,
"LE07_136045_20140110,LE07_136046_20140110",L7,2014-01-10 04:15:29+00:00,True,0.0,68.46746068302954,extracted,,52922.32051052995,57.524261424489076,"slc_off,landsat_cloud_mask_issue"
"LC08_135045_20140111,LC08_135046_20140111",L8,2014-01-11 04:14:06+00:00,True,0.0164086624353337,51.245311574652895,extracted,,52512.322347750516,57.07861124755491,
"LC08_136045_20140118,LC08_136046_20140118",L8,2014-01-18 04:20:11+00:00,True,0.1359736879397655,95.2770283608607,extracted,,85574.85315252416,93.01614473100452,
LE07_136045_20140126,L7,2014-01-26 04:15:49+00:00,True,0.0,60.09409751924723,extracted,,44406.7474156604,48.26820371267434,"slc_off,landsat_cloud_mask_issue"
"LC08_135045_20140127,LC08_135046_20140127",L8,2014-01-27 04:13:58+00:00,True,0.0033094302214159,52.60577745607685,extracted,,52115.79255018442,56.64760059802654,
"LC08_136045_20140203,LC08_136046_20140203",L8,2014-02-03 04:20:04+00:00,True,0.0,93.17134960847535,extracted,,83325.1575083527,90.57082337864423,
"LE07_135045_20140204,LE07_135046_20140204",L7,2014-02-04 04:09:45+00:00,True,0.0952417353517278,52.84760150029612,extracted,,44440.7909062798,48.305207506825866,"slc_off,landsat_cloud_mask_issue"
LE07_136045_20140211,L7,2014-02-11 04:15:52+00:00,True,18.38672042415056,62.01059419622293,extracted,,44219.31013631841,48.06446753947653,"slc_off,landsat_cloud_mask_issue"
"LC08_136045_20140219,LC08_136046_20140219",L8,2014-02-19 04:19:51+00:00,True,0.0017819041553585,94.01197604790418,extracted,,84264.73305799445,91.59210114999397,
"LE07_136045_20140227,LE07_136046_20140227",L7,2014-02-27 04:15:45+00:00,True,0.6606018993793731,69.51371981312101,extracted,,51012.67581834143,55.44856067211025,"slc_off,landsat_cloud_mask_issue"
"LC08_135045_20140228,LC08_135046_20140228",L8,2014-02-28 04:13:31+00:00,True,1.2419415456402456,50.33065736658551,extracted,,48901.01650725856,53.15327881223756,
"LC08_135045_20140316,LC08_135046_20140316",L8,2014-03-16 04:13:21+00:00,True,0.0095518866599349,52.814700269790094,extracted,,53187.3362260732,57.81232198486218,
"LE07_136045_20140331,LE07_136046_20140331",L7,2014-03-31 04:16:00+00:00,True,0.0481950527494852,69.53017042837402,extracted,,55866.512562377786,60.7244701764976,"slc_off,landsat_cloud_mask_issue"
"LC08_135045_20140401,LC08_135046_20140401",L8,2014-04-01 04:13:04+00:00,True,4.540452952866626,51.61545041784563,extracted,,52167.44296485108,56.703742353098995,
"LC08_136045_20140408,LC08_136046_20140408",L8,2014-04-08 04:19:09+00:00,True,5.645448438036631,93.7059946041982,extracted,,76810.28086252017,83.48943572013061,
"LE07_136045_20140416,LE07_136046_20140416",L7,2014-04-16 04:16:07+00:00,True,10.307753473702672,69.39198526024873,extracted,,49511.78307769345,53.81715551923201,"slc_off,landsat_cloud_mask_issue"
"LC08_135045_20140417,LC08_135046_20140417",L8,2014-04-17 04:12:46+00:00,True,9.515499573743668,50.21056787523853,extracted,,49248.848459819055,53.53135702154245,
"LC08_136045_20140424,LC08_136046_20140424",L8,2014-04-24 04:18:53+00:00,True,13.016373294511194,93.8491149568994,extracted,,77022.71131195604,83.72033838256091,
LE07_136045_20140502,L7,2014-05-02 04:16:15+00:00,True,12.698063655842882,68.22070145423439,extracted,,40947.71692960656,44.50838796696365,"slc_off,landsat_cloud_mask_issue"
"LC08_136045_20140510,LC08_136046_20140510",L8,2014-05-10 04:18:38+00:00,True,26.77304572429801,93.27005329999342,no_shoreline,extraction returned null geometry,,,
"LC08_135045_20140519,LC08_135046_20140519",L8,2014-05-19 04:12:22+00:00,True,2.1644326848281827,50.09541356846746,extracted,,49598.11727022227,53.91099703285029,
"LC08_136045_20140526,LC08_136046_20140526",L8,2014-05-26 04:18:34+00:00,True,27.766303651575186,96.58814239652564,extracted,,57363.558552484494,62.351694078787496,
"LE07_136045_20141009,LE07_136046_20141009",L7,2014-10-09 04:16:59+00:00,True,6.438535266650278,70.21780614594985,extracted,,49554.63133028691,53.863729706833595,"slc_off,landsat_cloud_mask_issue"
"LC08_136045_20141017,LC08_136046_20141017",L8,2014-10-17 04:19:16+00:00,True,6.537646436202564,94.87069816411132,extracted,,72854.81785593889,79.19001940862923,
"LE07_136045_20141025,LE07_136046_20141025",L7,2014-10-25 04:17:08+00:00,True,0.1314988609585806,69.78680002632099,extracted,,57797.73491305326,62.82362490549267,"slc_off,landsat_cloud_mask_issue"
"LC08_136045_20141102,LC08_136046_20141102",L8,2014-11-02 04:19:13+00:00,True,0.5828872235033317,96.12917023096664,extracted,,85889.1152254198,93.35773394067368,
"LE07_136045_20141110,LE07_136046_20141110",L7,2014-11-10 04:17:17+00:00,True,0.2340190113596547,68.8639205106271,extracted,,52525.71549598963,57.093169017380035,"slc_off,landsat_cloud_mask_issue"
"LC08_135045_20141111,LC08_135046_20141111",L8,2014-11-11 04:13:05+00:00,True,2.083380733821612,51.01829308416135,extracted,,51315.123988689025,55.77730868335764,
"LC08_136045_20141118,LC08_136046_20141118",L8,2014-11-18 04:19:13+00:00,True,0.0506953662995577,95.84786471014016,extracted,,88545.82757948467,96.24546476030943,
"LE07_136045_20141126,LE07_136046_20141126",L7,2014-11-26 04:17:20+00:00,True,0.0,70.32144502204383,extracted,,54634.92461532325,59.38578762535136,"slc_off,landsat_cloud_mask_issue"
"LC08_135045_20141127,LC08_135046_20141127",L8,2014-11-27 04:13:03+00:00,True,0.0500335715454566,50.422780812002365,extracted,,50832.720686718036,55.252957268171784,
"LC08_136045_20141204,LC08_136046_20141204",L8,2014-12-04 04:19:12+00:00,True,0.0,95.431664144239,extracted,,87122.85403755402,94.69875438864568,
"LE07_136045_20141212,LE07_136046_20141212",L7,2014-12-12 04:17:28+00:00,True,24.73556609909445,69.36730933736922,extracted,,48231.632079218165,52.42568704262843,"slc_off,landsat_cloud_mask_issue"
"LC08_136045_20141220,LC08_136046_20141220",L8,2014-12-20 04:19:09+00:00,True,0.2695459004192604,98.87477791669409,extracted,,86420.71853393821,93.93556362384588,
"LC08_136045_20150105,LC08_136046_20150105",L8,2015-01-05 04:19:05+00:00,True,21.484843156980546,99.45219451207475,no_shoreline,extraction returned null geometry,,,
LE07_136045_20150113,L7,2015-01-13 04:17:36+00:00,True,23.750054022864457,68.8721458182536,extracted,,38401.856293374956,41.741148144972776,"slc_off,landsat_cloud_mask_issue"
"LC08_136045_20150121,LC08_136046_20150121",L8,2015-01-21 04:19:00+00:00,True,8.35973806016876,99.33539514377838,extracted,,79888.84335440533,86.83569929826666,
"LE07_136045_20150129,LE07_136046_20150129",L7,2015-01-29 04:17:41+00:00,True,0.2250700106006489,68.26347305389223,extracted,,52915.51262564218,57.516861549611065,"slc_off,landsat_cloud_mask_issue"
"LC08_136045_20150206,LC08_136046_20150206",L8,2015-02-06 04:18:57+00:00,True,1.289087306912136,98.20852799894716,no_shoreline,extraction returned null geometry,,,
"LE07_136045_20150214,LE07_136046_20150214",L7,2015-02-14 04:17:42+00:00,True,0.1774751829395974,70.16022899256433,extracted,,55381.94765408427,60.197769189222036,"slc_off,landsat_cloud_mask_issue"
"LC08_136045_20150222,LC08_136046_20150222",L8,2015-02-22 04:18:50+00:00,True,0.0753327605127457,95.23096663815228,extracted,,85481.65512768144,92.91484253008852,
"LE07_136045_20150302,LE07_136046_20150302",L7,2015-03-02 04:17:54+00:00,True,0.0,69.44133710600777,extracted,,54009.52860222786,58.70600935024767,"slc_off,landsat_cloud_mask_issue"
"LC08_136045_20150310,LC08_136046_20150310",L8,2015-03-10 04:18:41+00:00,True,0.0,94.98420740935713,extracted,,8661.466274498676,9.414637254889866,
"LE07_136045_20150318,LE07_136046_20150318",L7,2015-03-18 04:18:02+00:00,True,0.2162783941124935,69.9743370402053,extracted,,54400.67367514069,59.1311670381964,"slc_off,landsat_cloud_mask_issue"
"LC08_135045_20150319,LC08_135046_20150319",L8,2015-03-19 04:12:26+00:00,True,1.110041497456825,51.14989800618544,extracted,,50326.731628899855,54.70296916184767,
"LC08_136045_20150326,LC08_136046_20150326",L8,2015-03-26 04:18:33+00:00,True,0.0,94.58281239718366,extracted,,86210.65877219097,93.70723779585975,
"LC08_136045_20150411,LC08_136046_20150411",L8,2015-04-11 04:18:24+00:00,True,1.838119694136568,93.47075080608016,extracted,,82888.95705662777,90.09669245285627,
"LE07_136045_20150419,LE07_136046_20150419",L7,2015-04-19 04:18:15+00:00,True,24.108373274084983,70.29183391458841,extracted,,39658.74003947844,43.10732612986787,"slc_off,landsat_cloud_mask_issue"
"LC08_135045_20150420,LC08_135046_20150420",L8,2015-04-20 04:12:13+00:00,True,2.6155983729141776,57.055668882016185,extracted,,54796.324541822134,59.56122232806754,
"LE07_136045_20150505,LE07_136046_20150505",L7,2015-05-05 04:18:22+00:00,True,13.498445758996644,70.24248206882937,extracted,,35221.81175839629,38.284577998256836,"slc_off,landsat_cloud_mask_issue"
"LC08_135045_20150506,LC08_135046_20150506",L8,2015-05-06 04:11:59+00:00,True,4.060505954716741,54.70158583931038,extracted,,54401.30993021604,59.13185861980004,
"LE07_136045_20150926,LE07_136046_20150926",L7,2015-09-26 04:19:00+00:00,True,12.454845554078757,67.6103836283477,extracted,,35673.58101082771,38.775631533508374,"slc_off,landsat_cloud_mask_issue"
"LC08_135045_20150927,LC08_135046_20150927",L8,2015-09-27 04:12:51+00:00,True,0.0,50.00493518457591,extracted,,50394.5272183534,54.776660019949354,
"LC08_136045_20151020,LC08_136046_20151020",L8,2015-10-20 04:19:05+00:00,True,12.26453930785895,96.33315786010397,extracted,,67824.6200828628,73.72241313354652,
LE07_136045_20151028,L7,2015-10-28 04:19:26+00:00,True,0.2338857980427594,69.86576297953545,extracted,,54941.190379370135,59.718685194967534,"slc_off,landsat_cloud_mask_issue"
"LC08_135045_20151029,LC08_135046_20151029",L8,2015-10-29 04:12:57+00:00,True,4.820107758734316,50.044416661183135,extracted,,50260.62641315497,54.63111566647279,
"LC08_136045_20151105,LC08_136046_20151105",L8,2015-11-05 04:19:09+00:00,True,2.7644557186649066,96.12917023096664,no_shoreline,extraction returned null geometry,,,
"LE07_136045_20151113,LE07_136046_20151113",L7,2015-11-13 04:19:42+00:00,True,0.0,69.88385865631375,extracted,,54136.116723475876,58.84360513421291,"slc_off,landsat_cloud_mask_issue"
"LC08_136045_20151121,LC08_136046_20151121",L8,2015-11-21 04:19:11+00:00,True,0.0,95.907086925051,extracted,,84846.26286271345,92.22419876381896,
"LE07_136045_20151129,LE07_136046_20151129",L7,2015-11-29 04:19:56+00:00,True,0.6916689261965143,70.20464565374745,extracted,,55970.793506116905,60.83781902838794,"slc_off,landsat_cloud_mask_issue"
"20151206T042142_20151206T042447_T46QCJ,20151206T042142_20151206T042447_T46QDJ,20151206T042142_20151206T043232_T46QCJ,20151206T042142_20151206T043232_T46QDH,20151206T042142_20151206T043232_T46QDJ",S2,2015-12-06 04:32:34+00:00,True,0.0,100.0,extracted,,93006.33270635414,100.0,
"LC08_136045_20151207,LC08_136046_20151207",L8,2015-12-07 04:19:10+00:00,True,5.927537783417287,96.61610844245575,extracted,,76806.79935458861,83.48565147237893,
"LC08_136045_20151223,LC08_136046_20151223",L8,2015-12-23 04:19:10+00:00,True,5.192835926652771,95.9218924787787,extracted,,74698.66923355163,81.19420568864308,
"20160105T042142_20160105T042453_T46QCJ,20160105T042142_20160105T042453_T46QDH,20160105T042142_20160105T042453_T46QDJ,20160105T042142_20160105T043239_T46QDH,20160105T042142_20160105T043239_T46QDJ",S2,2016-01-05 04:32:37+00:00,True,0.0,100.0,extracted,,93924.19871055102,100.0,
"LC08_136045_20160108,LC08_136046_20160108",L8,2016-01-08 04:19:05+00:00,True,0.0,97.25110219122196,extracted,,89771.5329806454,97.57775323983195,
LE07_136045_20160116,L7,2016-01-16 04:20:40+00:00,True,0.0,66.96387444890439,extracted,,51763.530129823775,56.264706662851935,"slc_off,landsat_cloud_mask_issue"
"LC08_136045_20160124,LC08_136046_20160124",L8,2016-01-24 04:19:07+00:00,True,0.0111178943434236,95.9202474172534,extracted,,87241.44668111077,94.82765943598996,
"LE07_136045_20160201,LE07_136046_20160201",L7,2016-02-01 04:20:50+00:00,True,4.811925245980967,67.24847009278146,extracted,,49899.62623407227,54.23872416746986,"slc_off,landsat_cloud_mask_issue"
"20160204T041952_20160204T042450_T46QCJ,20160204T041952_20160204T042450_T46QDJ",S2,2016-02-04 04:32:34+00:00,True,0.0,100.0,extracted,,94444.56676031805,100.0,
"LC08_136045_20160209,LC08_136046_20160209",L8,2016-02-09 04:19:02+00:00,True,12.673474469377318,96.45818253602684,no_shoreline,extraction returned null geometry,,,
"LE07_136045_20160217,LE07_136046_20160217",L7,2016-02-17 04:20:54+00:00,True,0.0517295844717828,69.52688030532343,extracted,,54237.205636602666,58.953484387611596,"slc_off,landsat_cloud_mask_issue"
"LE07_136045_20160304,LE07_136046_20160304",L7,2016-03-04 04:21:01+00:00,True,9.958926023606727,69.91346976376917,extracted,,32859.3063360821,35.71663732182837,"slc_off,landsat_cloud_mask_issue"
LE07_136045_20160405,L7,2016-04-05 04:21:12+00:00,True,23.357403498432717,69.96446667105349,extracted,,41578.98688811966,45.19455096534746,"slc_off,landsat_cloud_mask_issue"
"LC08_136045_20160413,LC08_136046_20160413",L8,2016-04-13 04:18:38+00:00,True,26.76056405875114,95.47772586694742,extracted,,57676.79035897368,62.69216343366705,
"LC08_136045_20160429,LC08_136046_20160429",L8,2016-04-29 04:18:37+00:00,True,28.15226451393024,91.44238994538397,no_shoreline,extraction returned null geometry,,,
"LE07_136045_20160507,LE07_136046_20160507",L7,2016-05-07 04:21:25+00:00,True,20.225741785832803,69.20938343094032,extracted,,68618.00610660907,74.5847892463142,"slc_off,landsat_cloud_mask_issue"
"LC08_135045_20160508,LC08_135046_20160508",L8,2016-05-08 04:12:26+00:00,True,0.0638376899174407,52.64196880963348,extracted,,51798.8234579152,56.303068975994776,
"LC08_136045_20160515,LC08_136046_20160515",L8,2016-05-15 04:18:35+00:00,True,7.771358369936365,96.01895110877146,extracted,,74233.91028805934,80.68903292180363,
"LC08_136045_20160531,LC08_136046_20160531",L8,2016-05-31 04:18:41+00:00,True,13.075727628807956,96.44995722840034,extracted,,68245.6162421942,74.18001765455891,
"LC08_136045_20161022,LC08_136046_20161022",L8,2016-10-22 04:19:23+00:00,True,0.0,95.40534315983416,extracted,,86655.32826172974,94.19057419753233,
"LE07_136045_20161115,LE07_136046_20161115",L7,2016-11-15 04:21:34+00:00,True,0.0,68.7010594196223,extracted,,53795.52504064949,58.47339678331466,"slc_off,landsat_cloud_mask_issue"
"20161120T042052_20161120T042434_T46QCJ,20161120T042052_20161120T042434_T46QDH,20161120T042052_20161120T042434_T46QDJ",S2,2016-11-20 04:32:37+00:00,True,0.0,100.0,extracted,,93452.94028206277,100.0,
"LC08_136045_20161123,LC08_136046_20161123",L8,2016-11-23 04:19:22+00:00,True,0.0,95.36257156017636,extracted,,87756.19991881934,95.38717382480364,
"20161130T042132_20161130T042556_T46QCJ,20161130T042132_20161130T042556_T46QDH,20161130T042132_20161130T042556_T46QDJ",S2,2016-11-30 04:32:36+00:00,True,0.0098669057596353,100.0,extracted,,92157.73259740756,100.0,
"LE07_136045_20161217,LE07_136046_20161217",L7,2016-12-17 04:21:28+00:00,True,3.879794391814501,66.89313680331644,extracted,,45513.97602153929,49.47171306689053,"slc_off,landsat_cloud_mask_issue"
"LC08_136045_20161225,LC08_136046_20161225",L8,2016-12-25 04:19:16+00:00,True,0.9792898213797382,96.18839244587748,extracted,,88208.15386700968,95.87842811631486,
"20161230T042152_20161230T042739_T46QDH,20161230T042152_20161230T042739_T46QDJ",S2,2016-12-30 04:32:32+00:00,True,0.0969153965803673,68.30459959202474,extracted,,74268.26266173145,80.72637245840374,
"LE07_136045_20170102,LE07_136046_20170102",L7,2017-01-02 04:21:19+00:00,True,1.048087279072624,67.22872935447785,extracted,,49723.63462884876,54.04742894440083,"slc_off,landsat_cloud_mask_issue"
"LC08_135045_20170103,LC08_135046_20170103",L8,2017-01-03 04:13:03+00:00,True,29.111141074676176,50.139830229650585,extracted,,38827.9518430219,42.20429548154555,
"20170109T042131_20170109T042934_T46QCJ,20170109T042131_20170109T042934_T46QDH,20170109T042131_20170109T042934_T46QDJ",S2,2017-01-09 04:32:31+00:00,True,0.0,100.0,extracted,,91992.10518620972,99.99141868066273,
"LC08_136045_20170110,LC08_136046_20170110",L8,2017-01-10 04:19:13+00:00,True,0.0,95.36257156017636,extracted,,87867.92379921052,95.50861282522884,
"LE07_136045_20170118,LE07_136046_20170118",L7,2017-01-18 04:21:08+00:00,True,0.0122382020612587,68.46417055997894,extracted,,54137.03467103206,58.844602903295716,"slc_off,landsat_cloud_mask_issue"
20170119T042101_20170119T042454_T46QCJ,S2,2017-01-19 04:32:33+00:00,True,0.0,60.62709745344476,extracted,,47819.64992772927,51.977880356227466,
"LC08_136045_20170126,LC08_136046_20170126",L8,2017-01-26 04:19:07+00:00,True,0.0017466820575613,95.9268276633546,extracted,,87879.73233965535,95.52144819527756,
"LE07_136045_20170203,LE07_136046_20170203",L7,2017-02-03 04:21:01+00:00,True,0.1637630075681274,67.97394222543923,extracted,,53533.13556740456,58.18819083413539,"slc_off,landsat_cloud_mask_issue"
"20170208T041921_20170208T042858_T46QCJ,20170208T041921_20170208T042858_T46QDH,20170208T041921_20170208T042858_T46QDJ",S2,2017-02-08 04:32:32+00:00,True,0.0,100.0,extracted,,94528.48756157182,100.0,
"LC08_136045_20170211,LC08_136046_20170211",L8,2017-02-11 04:18:59+00:00,True,0.0310453391814906,97.16226886885568,extracted,,88417.49284734634,96.10597048624601,
"20170218T041821_20170218T042837_T46QCJ,20170218T041821_20170218T042837_T46QDH,20170218T041821_20170218T042837_T46QDJ",S2,2017-02-18 04:32:32+00:00,True,0.0,100.0,extracted,,94923.64738547344,100.0,
"LE07_136045_20170219,LE07_136046_20170219",L7,2017-02-19 04:21:01+00:00,True,0.0,70.46950055932092,extracted,,55813.37757932665,60.66671476013766,"slc_off,landsat_cloud_mask_issue"
"LC08_136045_20170227,LC08_136046_20170227",L8,2017-02-27 04:18:54+00:00,True,0.0506769605884694,95.88241100217148,extracted,,85330.62379132031,92.75067803404382,
"LE07_136045_20170307,LE07_136046_20170307",L7,2017-03-07 04:21:09+00:00,True,7.135941957124017,70.01546357833783,extracted,,56671.936683067775,61.599931177247576,"slc_off,landsat_cloud_mask_issue"
"LC08_136045_20170315,LC08_136046_20170315",L8,2017-03-15 04:18:45+00:00,True,0.0087019704127545,96.27887082976903,extracted,,87201.25283952829,94.78397047774814,
"LE07_136045_20170323,LE07_136046_20170323",L7,2017-03-23 04:21:15+00:00,True,0.0,69.98914259393302,extracted,,55445.46085873243,60.26680528123091,"slc_off,landsat_cloud_mask_issue"
"LC08_136045_20170331,LC08_136046_20170331",L8,2017-03-31 04:18:37+00:00,True,10.965980209227386,95.93998815555702,extracted,,61396.23359390155,66.73503651511038,
"LC08_135045_20170409,LC08_135046_20170409",L8,2017-04-09 04:12:22+00:00,True,5.225001941430662,50.11186418372047,extracted,,50750.05072329743,55.16309861227981,
LE07_136045_20170424,L7,2017-04-24 04:21:26+00:00,True,6.866562134197957,68.45923537540304,extracted,,46944.63998537286,51.026782592796586,"slc_off,landsat_cloud_mask_issue"
"LC08_136045_20170502,LC08_136046_20170502",L8,2017-05-02 04:18:18+00:00,True,0.0,99.05737974600252,extracted,,91771.91979383756,99.75208673243212,
"LE07_136045_20170510,LE07_136046_20170510",L7,2017-05-10 04:21:30+00:00,True,14.229207405113128,68.24208725406329,extracted,,58886.34307433642,64.00689464601786,"slc_off,landsat_cloud_mask_issue"
"LC08_136045_20170518,LC08_136046_20170518",L8,2017-05-18 04:18:30+00:00,True,14.910995685966656,97.37283674409424,extracted,,77813.88166612454,84.58030615883102,
LE07_136045_20170915,L7,2017-09-15 04:21:37+00:00,True,9.911586443973802,68.2355070079621,extracted,,47373.05625966459,51.49245245615717,"slc_off,landsat_cloud_mask_issue"
LE07_136045_20171001,L7,2017-10-01 04:21:38+00:00,True,13.793581772448931,66.93755346449957,extracted,,41583.189286498884,45.1991187896727,"slc_off,landsat_cloud_mask_issue"
"LC08_135045_20171018,LC08_135046_20171018",L8,2017-10-18 04:13:09+00:00,True,13.326726701946187,51.78653681647694,extracted,,49970.65643886811,54.31593091181316,
"LC08_136045_20171025,LC08_136046_20171025",L8,2017-10-25 04:19:20+00:00,True,0.4425667742790161,94.17319207738367,no_shoreline,extraction returned null geometry,,,
"LC08_135045_20171103,LC08_135046_20171103",L8,2017-11-03 04:13:09+00:00,True,0.0,51.273277620583016,extracted,,51711.70368368228,56.208373569219866,
"LC08_136045_20171110,LC08_136046_20171110",L8,2017-11-10 04:19:18+00:00,True,0.0584979641457184,94.5054945054945,extracted,,85224.38875432978,92.63520516774976,
"20171110T041959_20171110T043026_T46QDH,20171110T041959_20171110T043026_T46QDJ",S2,2017-11-10 04:32:24+00:00,True,0.0,68.30459959202474,extracted,,75526.57145651816,82.09409940925886,
"LE07_136045_20171118,LE07_136046_20171118",L7,2017-11-18 04:21:37+00:00,True,0.0787054711424448,61.70296769099164,extracted,,45785.215340722476,49.766538413828776,"slc_off,landsat_cloud_mask_issue"
"20171120T042049_20171120T042828_T46QCJ,20171120T042049_20171120T042828_T46QDJ",S2,2017-11-20 04:32:26+00:00,True,0.0,100.0,extracted,,92165.15189001814,100.0,
20171125T042111_20171125T042854_T46QCJ,S2,2017-11-25 04:32:37+00:00,True,0.0,60.62709745344476,extracted,,50456.6409867615,54.84417498561032,
"LC08_136045_20171126,LC08_136046_20171126",L8,2017-11-26 04:19:12+00:00,True,0.0,97.12936763834968,extracted,,90049.57612402912,97.87997404785774,
"20171130T042119_20171130T042157_T46QCJ,20171130T042119_20171130T042157_T46QDH,20171130T042119_20171130T042157_T46QDJ",S2,2017-11-30 04:32:27+00:00,True,0.0016444885353675,100.0,extracted,,95105.85833178578,100.0,
LE07_136045_20171204,L7,2017-12-04 04:21:30+00:00,True,0.0,61.68816213726394,extracted,,45714.63436939161,49.68981996673001,"slc_off,landsat_cloud_mask_issue"
"LC08_136045_20171212,LC08_136046_20171212",L8,2017-12-12 04:19:11+00:00,True,27.05466562497243,96.0748832006317,extracted,,302.2055056171069,0.32848424523598574,
"20171215T042151_20171215T042935_T46QCJ,20171215T042151_20171215T042935_T46QDH,20171215T042151_20171215T042935_T46QDJ",S2,2017-12-15 04:32:33+00:00,True,0.0,100.0,extracted,,92259.30374371434,100.0,
LE07_136045_20171220,L7,2017-12-20 04:21:21+00:00,True,0.002671048163293,62.71797065210238,extracted,,46579.960836317034,50.630392213388085,"slc_off,landsat_cloud_mask_issue"
"20171220T042149_20171220T042245_T46QDH,20171220T042149_20171220T042245_T46QDJ",S2,2017-12-20 04:32:26+00:00,True,0.0245855811062412,68.30459959202474,extracted,,74420.40244700869,80.89174179022683,
"LC08_135045_20171221,LC08_135046_20171221",L8,2017-12-21 04:13:03+00:00,True,0.114394794852552,51.89017569257091,extracted,,52136.87145036398,56.6705124460478,
"LC08_136045_20171228,LC08_136046_20171228",L8,2017-12-28 04:19:12+00:00,True,0.0,94.55813647430416,extracted,,87204.45704373039,94.7874533084026,
"20171230T042149_20171230T042930_T46QCJ,20171230T042149_20171230T042930_T46QDJ",S2,2017-12-30 04:32:28+00:00,True,0.0,100.0,extracted,,94091.39253720663,100.0,
"20180104T042151_20180104T042930_T46QCJ,20180104T042151_20180104T042930_T46QDH",S2,2018-01-04 04:32:34+00:00,True,0.0,68.11870763966571,extracted,,54901.32660419778,59.6753550045628,
LE07_136045_20180105,L7,2018-01-05 04:21:09+00:00,True,0.0051907118420085,64.54892412976245,extracted,,48797.917028584234,53.041214161504605,"slc_off,landsat_cloud_mask_issue"
"LC08_135045_20180106,LC08_135046_20180106",L8,2018-01-06 04:12:58+00:00,True,0.0140457934677783,50.4787129038626,extracted,,51250.65924121058,55.70723830566368,
"LC08_136045_20180113,LC08_136046_20180113",L8,2018-01-13 04:19:06+00:00,True,0.0017487730471142,95.81167335658354,extracted,,87316.7730606225,94.90953593545923,
"20180119T042109_20180119T042848_T46QCJ,20180119T042109_20180119T042848_T46QDH,20180119T042109_20180119T042848_T46QDJ",S2,2018-01-19 04:32:31+00:00,True,0.0,100.0,extracted,,95302.56373638433,100.0,
"LE07_136045_20180121,LE07_136046_20180121",L7,2018-01-21 04:20:54+00:00,True,0.0,66.83884977298152,extracted,,51606.27482377937,56.09377698236888,"slc_off,landsat_cloud_mask_issue"
"20180124T042041_20180124T042623_T46QCJ,20180124T042041_20180124T042623_T46QDJ",S2,2018-01-24 04:32:32+00:00,True,0.0049334770598153,100.0,extracted,,94816.27544924151,100.0,
"LC08_136045_20180129,LC08_136046_20180129",L8,2018-01-29 04:18:57+00:00,True,0.0844199031795933,97.27084292952556,extracted,,90444.89090898325,98.30966403150352,
"20180129T042019_20180129T042020_T46QCJ,20180129T042019_20180129T042020_T46QDH",S2,2018-01-29 04:32:35+00:00,True,0.0,68.11870763966571,extracted,,56773.73139167575,61.71057759964756,
"LE07_136045_20180206,LE07_136046_20180206",L7,2018-02-06 04:20:38+00:00,True,0.9063095919597532,69.3459235375403,extracted,,51760.79560549914,56.26173435380341,"slc_off,landsat_cloud_mask_issue"
"LC08_136045_20180214,LC08_136046_20180214",L8,2018-02-14 04:18:51+00:00,True,0.0,97.61795091136408,extracted,,89943.09958397548,97.76423867823421,
20180218T041819_20180218T042200_T46QCJ,S2,2018-02-18 04:32:34+00:00,True,0.0,60.62709745344476,extracted,,51183.87940923425,55.63465153177636,
"LE07_136045_20180222,LE07_136046_20180222",L7,2018-02-22 04:20:29+00:00,True,0.0,68.63196683555965,extracted,,53843.042925799884,58.52504665847813,"slc_off,landsat_cloud_mask_issue"
"20180223T041751_20180223T042651_T46QDH,20180223T041751_20180223T042651_T46QDJ",S2,2018-02-23 04:32:35+00:00,True,0.0,68.30459959202474,extracted,,74632.4740040442,81.12225435222196,
"LC08_136045_20180302,LC08_136046_20180302",L8,2018-03-02 04:18:44+00:00,True,0.0567119636768465,97.51595709679542,extracted,,89241.71183659419,97.00186069195021,
"LE07_136045_20180310,LE07_136046_20180310",L7,2018-03-10 04:20:18+00:00,True,0.0024617563733907,68.0726459169573,extracted,,52824.46899844617,57.41790108526758,"slc_off,landsat_cloud_mask_issue"
"20180310T041559_20180310T042415_T46QCJ,20180310T041559_20180310T042415_T46QDH,20180310T041559_20180310T042415_T46QDJ",S2,2018-03-10 04:32:29+00:00,True,0.0,100.0,extracted,,94573.07203960256,100.0,
"LC08_136045_20180318,LC08_136046_20180318",L8,2018-03-18 04:18:35+00:00,True,0.0861649680617615,97.31361452918338,extracted,,93895.58853330999,100.0,
"LC08_136045_20180403,LC08_136046_20180403",L8,2018-04-03 04:18:28+00:00,True,7.42809692142684,96.32986773705336,extracted,,72177.04181038281,78.45330631563348,
LE07_136045_20180411,L7,2018-04-11 04:19:51+00:00,True,0.1075515616840468,67.62683424360071,extracted,,51823.925780423786,56.33035410915629,"slc_off,landsat_cloud_mask_issue"
"20180414T041551_20180414T043157_T46QDH,20180414T041551_20180414T043157_T46QDJ",S2,2018-04-14 04:32:39+00:00,True,0.0,68.30459959202474,extracted,,74732.05430845694,81.23049381354015,
"LE07_136045_20180427,LE07_136046_20180427",L7,2018-04-27 04:19:34+00:00,True,7.684236573962809,68.34079094558136,extracted,,44322.62953982612,48.176771238941434,"slc_off,landsat_cloud_mask_issue"
"LC08_135045_20180428,LC08_135046_20180428",L8,2018-04-28 04:12:03+00:00,True,0.0,50.28459564387708,extracted,,50886.03249505007,55.310904885923996,
"LC08_136045_20180505,LC08_136046_20180505",L8,2018-05-05 04:18:10+00:00,True,28.856814399256454,94.37388958347044,no_shoreline,extraction returned null geometry,,,
"LC08_135045_20180530,LC08_135046_20180530",L8,2018-05-30 04:11:40+00:00,True,6.883643233353647,51.23708626702639,extracted,,53229.17726995017,57.857801380380614,
"LC08_136045_20180910,LC08_136046_20180910",L8,2018-09-10 04:18:38+00:00,True,22.19059331862636,97.9469632164243,extracted,,40822.18209401071,44.371937058707296,
LE07_136045_20180918,L7,2018-09-18 04:16:53+00:00,True,2.4162122826361725,67.7781799039284,extracted,,50059.697775549364,54.41271497342323,"slc_off,landsat_cloud_mask_issue"
"LC08_136045_20180926,LC08_136046_20180926",L8,2018-09-26 04:18:44+00:00,True,5.446516198948538,97.67717312627492,extracted,,104012.73281312619,100.0,
LE07_136045_20181004,L7,2018-10-04 04:16:30+00:00,True,27.77920101383765,68.04138974797658,extracted,,23907.99690402973,25.986953156554055,"slc_off,landsat_cloud_mask_issue"
20181016T041739_20181016T042347_T46QCJ,S2,2018-10-16 04:32:38+00:00,True,0.8915331464981824,60.62709745344476,extracted,,50648.2357068359,55.05243011612598,
"LE07_136045_20181020,LE07_136046_20181020",L7,2018-10-20 04:16:07+00:00,True,0.0,68.48226623675725,extracted,,53059.86808574387,57.67376965841725,"slc_off,landsat_cloud_mask_issue"
LE07_136045_20181105,L7,2018-11-05 04:15:46+00:00,True,2.3033155094462967,67.08725406330197,extracted,,52840.314825983696,57.435124810851846,"slc_off,landsat_cloud_mask_issue"
"LC08_135045_20181106,LC08_135046_20181106",L8,2018-11-06 04:12:47+00:00,True,0.2277516876150499,50.21550305981444,extracted,,51030.90354065438,55.46837341375476,
"LE07_136045_20181121,LE07_136046_20181121",L7,2018-11-21 04:15:24+00:00,True,0.8298212652214834,66.22688688556953,extracted,,47334.38541170259,51.450418925763685,"slc_off,landsat_cloud_mask_issue"
"20181125T042109_20181125T042109_T46QDH,20181125T042109_20181125T042109_T46QDJ",S2,2018-11-25 04:32:35+00:00,True,0.0,68.30459959202474,extracted,,73318.8424991116,79.69439402077349,
"LC08_136045_20181129,LC08_136046_20181129",L8,2018-11-29 04:18:57+00:00,True,0.0,96.38086464433768,extracted,,89160.225731238,96.91328883830217,
"20181130T042121_20181130T042551_T46QCJ,20181130T042121_20181130T042551_T46QDH,20181130T042121_20181130T042551_T46QDJ",S2,2018-11-30 04:32:30+00:00,True,0.0,100.0,extracted,,93952.78410217678,100.0,
LE07_136045_20181207,L7,2018-12-07 04:14:59+00:00,True,0.0025364242962392,66.06567085609002,extracted,,51724.422124739474,56.222197961673345,"slc_off,landsat_cloud_mask_issue"
"20181210T042141_20181210T042635_T46QCJ,20181210T042141_20181210T042635_T46QDH,20181210T042141_20181210T042635_T46QDJ",S2,2018-12-10 04:32:30+00:00,True,0.1386925789925695,100.0,extracted,,99700.63632488163,100.0,
"LE07_136045_20181223,LE07_136046_20181223",L7,2018-12-23 04:14:32+00:00,True,0.0,66.32559057708758,extracted,,52047.991735317504,56.57390406012772,"slc_off,landsat_cloud_mask_issue"
"20181225T042159_20181225T042153_T46QCJ,20181225T042159_20181225T042153_T46QDH,20181225T042159_20181225T042153_T46QDJ",S2,2018-12-25 04:32:34+00:00,True,0.0,100.0,extracted,,93348.39321536664,100.0,
"20181230T042151_20181230T042652_T46QCJ,20181230T042151_20181230T042652_T46QDH,20181230T042151_20181230T042652_T46QDJ",S2,2018-12-30 04:32:32+00:00,True,0.0,100.0,extracted,,94172.03136021172,100.0,
"LC08_136045_20181231,LC08_136046_20181231",L8,2018-12-31 04:18:54+00:00,True,0.0,97.9370928472725,extracted,,91367.95765539168,99.31299745151271,
"20190104T042149_20190104T042450_T46QCJ,20190104T042149_20190104T042450_T46QDH,20190104T042149_20190104T042450_T46QDJ",S2,2019-01-04 04:32:36+00:00,True,0.0,100.0,extracted,,93694.324374974,100.0,
"LE07_136045_20190108,LE07_136046_20190108",L7,2019-01-08 04:14:02+00:00,True,8.357679438128319,66.94742383365137,extracted,,45842.40933689644,49.82870580097439,"slc_off,landsat_cloud_mask_issue"
"20190109T042141_20190109T042619_T46QCJ,20190109T042141_20190109T042619_T46QDH,20190109T042141_20190109T042619_T46QDJ",S2,2019-01-09 04:32:33+00:00,True,0.0,100.0,extracted,,94628.56918696944,100.0,
"LC08_136045_20190116,LC08_136046_20190116",L8,2019-01-16 04:18:52+00:00,True,12.599887743048855,98.07034283082189,extracted,,67840.2280058184,73.73937826719391,
"20190119T042111_20190119T042521_T46QCJ,20190119T042111_20190119T042521_T46QDH,20190119T042111_20190119T042521_T46QDJ",S2,2019-01-19 04:32:35+00:00,True,0.0,100.0,extracted,,94281.87671643737,100.0,
"LE07_136045_20190124,LE07_136046_20190124",L7,2019-01-24 04:13:32+00:00,True,0.0049235174999189,68.0775811015332,extracted,,54405.66876167772,59.136596480084485,"slc_off,landsat_cloud_mask_issue"
"20190124T042049_20190124T042052_T46QCJ,20190124T042049_20190124T042052_T46QDJ,20190124T042049_20190124T043232_T46QCJ,20190124T042049_20190124T043232_T46QDH,20190124T042049_20190124T043232_T46QDJ",S2,2019-01-24 04:32:34+00:00,True,0.0,100.0,extracted,,58472.352216004874,63.556904582613996,
"LC08_136045_20190201,LC08_136046_20190201",L8,2019-02-01 04:18:48+00:00,True,0.0,98.68395077975916,extracted,,91849.8631163359,99.8368077351477,
"20190203T041959_20190203T042111_T46QCJ,20190203T041959_20190203T042111_T46QDH,20190203T041959_20190203T042111_T46QDJ",S2,2019-02-03 04:32:39+00:00,True,0.0,100.0,extracted,,94531.89931819799,100.0,
"20190208T041931_20190208T042943_T46QCJ,20190208T041931_20190208T042943_T46QDH,20190208T041931_20190208T042943_T46QDJ",S2,2019-02-08 04:32:35+00:00,True,0.0,100.0,extracted,,94488.38696474259,100.0,
"20190213T041859_20190213T042733_T46QCJ,20190213T041859_20190213T042733_T46QDH,20190213T041859_20190213T042733_T46QDJ",S2,2019-02-13 04:32:38+00:00,True,0.0,100.0,extracted,,94692.05144595227,100.0,
"20190223T041759_20190223T042551_T46QCJ,20190223T041759_20190223T042551_T46QDH,20190223T041759_20190223T042551_T46QDJ",S2,2019-02-23 04:32:37+00:00,True,0.0,100.0,extracted,,94609.77048098476,100.0,
"20190310T041601_20190310T041832_T46QCJ,20190310T041601_20190310T041832_T46QDH,20190310T041601_20190310T041832_T46QDJ",S2,2019-03-10 04:32:33+00:00,True,0.0261439139270641,100.0,extracted,,94138.76019964748,100.0,
"LE07_136045_20190313,LE07_136046_20190313",L7,2019-03-13 04:12:03+00:00,True,0.0050237821908694,66.70066460485621,extracted,,51909.89228387649,56.42379596073532,"slc_off,landsat_cloud_mask_issue"
"20190315T041549_20190315T042425_T46QCJ,20190315T041549_20190315T042425_T46QDH,20190315T041549_20190315T042425_T46QDJ",S2,2019-03-15 04:32:36+00:00,True,0.0,100.0,extracted,,94493.33188128966,100.0,
"20190320T041551_20190320T042654_T46QCJ,20190320T041551_20190320T042654_T46QDH,20190320T041551_20190320T042654_T46QDJ",S2,2019-03-20 04:32:36+00:00,True,0.0,100.0,extracted,,93428.97891740933,100.0,
"20190325T041549_20190325T042403_T46QCJ,20190325T041549_20190325T042403_T46QDH,20190325T041549_20190325T042403_T46QDJ",S2,2019-03-25 04:32:39+00:00,True,0.0,100.0,extracted,,94624.41135844882,100.0,
"LE07_136045_20190329,LE07_136046_20190329",L7,2019-03-29 04:11:31+00:00,True,0.0,66.25320786997435,extracted,,105489.2918040845,100.0,"slc_off,landsat_cloud_mask_issue"
"20190330T041551_20190330T043120_T46QCJ,20190330T041551_20190330T043120_T46QDH,20190330T041551_20190330T043120_T46QDJ",S2,2019-03-30 04:32:38+00:00,True,0.0479484480986586,100.0,extracted,,93292.2266355719,100.0,
"20190404T041549_20190404T042931_T46QCJ,20190404T041549_20190404T042931_T46QDH,20190404T041549_20190404T042931_T46QDJ",S2,2019-04-04 04:32:41+00:00,True,2.7339994764768263,100.0,extracted,,94171.98702253036,100.0,
"20190409T041551_20190409T041550_T46QCJ,20190409T041551_20190409T041550_T46QDH,20190409T041551_20190409T041550_T46QDJ",S2,2019-04-09 04:32:40+00:00,True,0.0,100.0,extracted,,92556.53834002104,100.0,
"LE07_136045_20190414,LE07_136046_20190414",L7,2019-04-14 04:10:57+00:00,True,10.289678416142117,66.28281897742976,extracted,,41301.048604028314,44.89244413481338,"slc_off,landsat_cloud_mask_issue"
"20190414T041559_20190414T043038_T46QCJ,20190414T041559_20190414T043038_T46QDH,20190414T041559_20190414T043038_T46QDJ",S2,2019-04-14 04:32:43+00:00,True,8.975159218950889,100.0,extracted,,89226.42244955171,96.98524179299099,
"20190419T041551_20190419T042804_T46QCJ,20190419T041551_20190419T042804_T46QDH,20190419T041551_20190419T042804_T46QDJ",S2,2019-04-19 04:32:41+00:00,True,1.0253844248438886,100.0,extracted,,87659.32177790454,95.28187149772232,
"LC08_136045_20190422,LC08_136046_20190422",L8,2019-04-22 04:18:27+00:00,True,21.054617548228972,95.08620122392576,extracted,,58421.85640397691,63.502017830409685,
"20190424T041559_20190424T042606_T46QCJ,20190424T041559_20190424T042606_T46QDH,20190424T041559_20190424T042606_T46QDJ",S2,2019-04-24 04:32:45+00:00,True,0.0016444741123338,100.0,extracted,,94205.09697939672,100.0,
"20190429T041551_20190429T043015_T46QCJ,20190429T041551_20190429T043015_T46QDH,20190429T041551_20190429T043015_T46QDJ",S2,2019-04-29 04:32:42+00:00,True,9.501468321914762,100.0,extracted,,87305.76661895403,94.89757241190657,
LE07_136045_20190430,L7,2019-04-30 04:10:21+00:00,True,3.7159736712380216,66.47693623741527,extracted,,62212.2472426214,67.62200787241456,"slc_off,landsat_cloud_mask_issue"
"20190514T041559_20190514T043124_T46QCJ,20190514T041559_20190514T043124_T46QDH,20190514T041559_20190514T043124_T46QDJ",S2,2019-05-14 04:32:47+00:00,True,15.678957896110107,100.0,extracted,,84363.5897717804,91.69955409976131,
"LE07_136045_20190516,LE07_136046_20190516",L7,2019-05-16 04:09:44+00:00,True,28.83571252464156,67.11851023228269,extracted,,30055.53217684199,32.66905671395869,"slc_off,landsat_cloud_mask_issue"
"20190529T041551_20190529T043058_T46QCJ,20190529T041551_20190529T043058_T46QDH,20190529T041551_20190529T043058_T46QDJ",S2,2019-05-29 04:32:41+00:00,True,0.1554769661735543,100.0,extracted,,85127.76058066949,92.53017454420598,
"LC08_135045_20190602,LC08_135046_20190602",L8,2019-06-02 04:12:35+00:00,True,0.0239031638401691,50.027966045930114,extracted,,50394.909909587775,54.77707598868236,
"20190623T041559_20190623T042856_T46QCJ,20190623T041559_20190623T042856_T46QDH,20190623T041559_20190623T042856_T46QDJ",S2,2019-06-23 04:32:46+00:00,True,8.483287338574707,100.0,extracted,,77567.55030598977,84.31255468042367,
"20190628T041551_20190628T043015_T46QCJ,20190628T041551_20190628T043015_T46QDH,20190628T041551_20190628T043015_T46QDJ",S2,2019-06-28 04:32:43+00:00,True,14.56527488481102,100.0,extracted,,61291.71791701384,66.62143251849331,
"LE07_136045_20191007,LE07_136046_20191007",L7,2019-10-07 04:03:58+00:00,True,10.875526894231024,66.31736526946108,extracted,,43197.920157173525,46.95426104040601,"slc_off,landsat_cloud_mask_issue"
"20191021T041809_20191021T042325_T46QCJ,20191021T041809_20191021T042325_T46QDH,20191021T041809_20191021T042325_T46QDJ",S2,2019-10-21 04:32:39+00:00,True,12.971515064317954,100.0,extracted,,68812.00857315047,74.79566149255486,
"LE07_136045_20191023,LE07_136046_20191023",L7,2019-10-23 04:03:18+00:00,True,17.24262512226091,65.27768638547082,extracted,,30276.753872807603,32.9095150791387,"slc_off,landsat_cloud_mask_issue"
"LC08_136045_20191031,LC08_136046_20191031",L8,2019-10-31 04:19:25+00:00,True,10.080349492859124,96.16536158452324,extracted,,68127.28440388972,74.05139609118447,
"20191031T041909_20191031T043034_T46QCJ,20191031T041909_20191031T043034_T46QDH,20191031T041909_20191031T043034_T46QDJ",S2,2019-10-31 04:32:39+00:00,True,17.510528020000915,100.0,extracted,,61041.4020072391,66.34935000786858,
"20191105T041941_20191105T042414_T46QCJ,20191105T041941_20191105T042414_T46QDH,20191105T041941_20191105T042414_T46QDJ",S2,2019-11-05 04:32:41+00:00,True,0.0,100.0,extracted,,94553.53869724052,100.0,
"20191115T042031_20191115T042413_T46QCJ,20191115T042031_20191115T042413_T46QDH,20191115T042031_20191115T042413_T46QDJ",S2,2019-11-15 04:32:40+00:00,True,0.0049334605155808,100.0,extracted,,93069.50975094532,100.0,
"LC08_136045_20191116,LC08_136046_20191116",L8,2019-11-16 04:19:23+00:00,True,0.0,97.1688491149569,extracted,,87492.16077243353,95.10017475264516,
"20191120T042049_20191120T042151_T46QCJ,20191120T042049_20191120T042151_T46QDH,20191120T042049_20191120T042151_T46QDJ",S2,2019-11-20 04:32:36+00:00,True,0.0,100.0,extracted,,92477.97730763833,100.0,
LE07_136045_20191124,L7,2019-11-24 04:01:50+00:00,True,0.0,64.43376982299138,extracted,,47907.17464230822,52.07301591555242,"slc_off,landsat_cloud_mask_issue"
"20191125T042111_20191125T042223_T46QCJ,20191125T042111_20191125T042223_T46QDH,20191125T042111_20191125T042223_T46QDJ",S2,2019-11-25 04:32:38+00:00,True,0.0,100.0,extracted,,93041.78719108892,100.0,
"20191130T042129_20191130T042720_T46QCJ,20191130T042129_20191130T042720_T46QDH,20191130T042129_20191130T042720_T46QDJ",S2,2019-11-30 04:32:33+00:00,True,0.1175392545060209,100.0,extracted,,94523.49655732187,100.0,
"LC08_136045_20191202,LC08_136046_20191202",L8,2019-12-02 04:19:21+00:00,True,7.726280311087249,97.50608672764362,extracted,,73833.4132107435,80.25371001167771,
"20191205T042141_20191205T042629_T46QCJ,20191205T042141_20191205T042629_T46QDH,20191205T042141_20191205T042629_T46QDJ",S2,2019-12-05 04:32:36+00:00,True,0.0197336893480059,100.0,extracted,,95571.22837919454,100.0,
"LE07_136045_20191210,LE07_136046_20191210",L7,2019-12-10 04:01:03+00:00,True,7.077425478184852,64.85819569651905,extracted,,52785.08033027624,57.37508731551766,"slc_off,landsat_cloud_mask_issue"
"20191210T042149_20191210T042613_T46QCJ,20191210T042149_20191210T042613_T46QDH,20191210T042149_20191210T042613_T46QDJ",S2,2019-12-10 04:32:32+00:00,True,12.776983450205986,100.0,extracted,,83016.77454929265,90.2356245101007,
"20191215T042151_20191215T042501_T46QCJ,20191215T042151_20191215T042501_T46QDH,20191215T042151_20191215T042501_T46QDJ",S2,2019-12-15 04:32:33+00:00,True,0.0,100.0,extracted,,93541.60655619088,100.0,
"LC08_136045_20191218,LC08_136046_20191218",L8,2019-12-18 04:19:19+00:00,True,5.70922911023671,97.50608672764362,extracted,,74331.82098855422,80.79545759625458,
"20191220T042149_20191220T042402_T46QCJ,20191220T042149_20191220T042402_T46QDH,20191220T042149_20191220T042402_T46QDJ",S2,2019-12-20 04:32:33+00:00,True,0.0191726334743862,100.0,extracted,,94784.12071866951,100.0,
"20191225T042151_20191225T042319_T46QCJ,20191225T042151_20191225T042319_T46QDH,20191225T042151_20191225T042319_T46QDJ",S2,2019-12-25 04:32:33+00:00,True,0.0,100.0,extracted,,94150.22894843058,100.0,
"20200109T042139_20200109T042558_T46QCJ,20200109T042139_20200109T042558_T46QDH,20200109T042139_20200109T042558_T46QDJ",S2,2020-01-09 04:32:33+00:00,True,0.0,100.0,extracted,,94153.43782767488,100.0,
LE07_136045_20200111,L7,2020-01-11 03:59:25+00:00,True,1.3377656016080783,66.39303809962492,extracted,,47944.61797425948,52.11371518941248,"slc_off,landsat_cloud_mask_issue"
"20200114T042121_20200114T042841_T46QCJ,20200114T042121_20200114T042841_T46QDH,20200114T042121_20200114T042841_T46QDJ",S2,2020-01-14 04:32:32+00:00,True,0.0852289014455055,100.0,extracted,,94239.47591964413,100.0,
"LC08_136045_20200119,LC08_136046_20200119",L8,2020-01-19 04:19:11+00:00,True,3.1362062489773064,98.04731196946766,extracted,,88878.1771945232,96.60671434187304,
"20200119T042109_20200119T042226_T46QCJ,20200119T042109_20200119T042226_T46QDH,20200119T042109_20200119T042226_T46QDJ",S2,2020-01-19 04:32:32+00:00,True,0.0369136356996903,100.0,extracted,,93427.40623933007,100.0,
"LE07_136045_20200127,LE07_136046_20200127",L7,2020-01-27 03:58:37+00:00,True,4.613284887427164,65.49976969138646,extracted,,43451.391667208445,47.22977355131353,"slc_off,landsat_cloud_mask_issue"
"20200129T042019_20200129T042612_T46QCJ,20200129T042019_20200129T042612_T46QDH,20200129T042019_20200129T042612_T46QDJ",S2,2020-01-29 04:32:31+00:00,True,0.5121859723520689,100.0,extracted,,94250.4023217686,100.0,
"20200203T042001_20200203T042429_T46QCJ,20200203T042001_20200203T042429_T46QDH,20200203T042001_20200203T042429_T46QDJ",S2,2020-02-03 04:32:30+00:00,True,0.0,100.0,extracted,,94051.8886829475,100.0,
"LC08_136045_20200204,LC08_136046_20200204",L8,2020-02-04 04:19:06+00:00,True,0.0,97.9584786471014,extracted,,89979.41292125403,97.80370969701524,
"LE07_136045_20200212,LE07_136046_20200212",L7,2020-02-12 03:57:49+00:00,True,0.0051655759536159,64.87793643482266,extracted,,48404.589023999266,52.61368372173833,"slc_off,landsat_cloud_mask_issue"
"20200213T041901_20200213T041911_T46QCJ,20200213T041901_20200213T041911_T46QDH,20200213T041901_20200213T041911_T46QDJ",S2,2020-02-13 04:32:31+00:00,True,0.0,100.0,extracted,,87919.6783754414,95.56486779939284,
"20200218T041829_20200218T042942_T46QCJ,20200218T041829_20200218T042942_T46QDH,20200218T041829_20200218T042942_T46QDJ",S2,2020-02-18 04:32:34+00:00,True,0.0,100.0,extracted,,94413.1020342923,100.0,
"LC08_136045_20200220,LC08_136046_20200220",L8,2020-02-20 04:19:03+00:00,True,0.0,97.20339540698822,extracted,,88495.47835119377,96.19073733825411,
"20200223T041751_20200223T041751_T46QCJ,20200223T041751_20200223T041751_T46QDH,20200223T041751_20200223T041751_T46QDJ",S2,2020-02-23 04:32:33+00:00,True,0.0,100.0,extracted,,91231.09879619634,99.16423782195254,
LE07_136045_20200228,L7,2020-02-28 03:56:58+00:00,True,0.0,64.36303217740344,extracted,,48451.13076509688,52.664272570757475,"slc_off,landsat_cloud_mask_issue"
"20200228T041719_20200228T042849_T46QCJ,20200228T041719_20200228T042849_T46QDH,20200228T041719_20200228T042849_T46QDJ",S2,2020-02-28 04:32:36+00:00,True,0.0,100.0,extracted,,94127.64429788795,100.0,
"20200304T041701_20200304T041705_T46QCJ,20200304T041701_20200304T041705_T46QDH,20200304T041701_20200304T041705_T46QDJ",S2,2020-03-04 04:32:34+00:00,True,0.0098668446740029,100.0,extracted,,95694.54126868583,100.0,
"LC08_136045_20200307,LC08_136046_20200307",L8,2020-03-07 04:18:57+00:00,True,4.790608281899655,96.5404356122919,extracted,,79799.5727163111,86.73866599599033,
"20200309T041609_20200309T042748_T46QCJ,20200309T041609_20200309T042748_T46QDH,20200309T041609_20200309T042748_T46QDJ",S2,2020-03-09 04:32:36+00:00,True,0.8536368383353605,100.0,extracted,,93157.00793964404,100.0,
"20200314T041551_20200314T041545_T46QCJ,20200314T041551_20200314T041545_T46QDH,20200314T041551_20200314T041545_T46QDJ",S2,2020-03-14 04:32:34+00:00,True,0.0,100.0,extracted,,94078.63884546512,100.0,
"LC08_136045_20200323,LC08_136046_20200323",L8,2020-03-23 04:18:49+00:00,True,0.0069806274584897,96.01401592419556,extracted,,87306.28701241445,94.89813805697223,
"20200324T041551_20200324T043051_T46QCJ,20200324T041551_20200324T043051_T46QDH,20200324T041551_20200324T043051_T46QDJ",S2,2020-03-24 04:32:35+00:00,True,0.0104214516295351,100.0,extracted,,93073.22427515623,100.0,
"20200329T041549_20200329T042628_T46QCJ,20200329T041549_20200329T042628_T46QDH,20200329T041549_20200329T042628_T46QDJ",S2,2020-03-29 04:32:36+00:00,True,0.0,100.0,extracted,,94190.71402811984,100.0,
LE07_136045_20200331,L7,2020-03-31 03:55:12+00:00,True,0.0026157237204905,64.02579456471672,extracted,,43862.72044061956,47.6768700441517,"slc_off,landsat_cloud_mask_issue"
"20200403T041551_20200403T041545_T46QCJ,20200403T041551_20200403T041545_T46QDH,20200403T041551_20200403T041545_T46QDJ",S2,2020-04-03 04:32:34+00:00,True,0.2853839721298395,100.0,extracted,,94113.55977168147,100.0,
"20200413T041551_20200413T042800_T46QCJ,20200413T041551_20200413T042800_T46QDH,20200413T041551_20200413T042800_T46QDJ",S2,2020-04-13 04:32:37+00:00,True,0.2538745583539056,100.0,extracted,,93691.17183347265,100.0,
LE07_136045_20200416,L7,2020-04-16 03:54:17+00:00,True,11.442267374503247,64.13272356386129,extracted,,41067.169055840604,44.63822723460935,"slc_off,landsat_cloud_mask_issue"
"LC08_135045_20200417,LC08_135046_20200417",L8,2020-04-17 04:12:26+00:00,True,18.117705798720717,51.11864183720471,no_shoreline,extraction returned null geometry,,,
"20200418T041549_20200418T042822_T46QCJ,20200418T041549_20200418T042822_T46QDH,20200418T041549_20200418T042822_T46QDJ",S2,2020-04-18 04:32:33+00:00,True,10.8382516544538,100.0,extracted,,93884.26433607485,100.0,
"LC08_136045_20200424,LC08_136046_20200424",L8,2020-04-24 04:18:34+00:00,True,10.298558325091676,93.80305323419095,extracted,,70268.88858751876,76.37922672556387,
"20200508T041549_20200508T043114_T46QCJ,20200508T041549_20200508T043114_T46QDH,20200508T041549_20200508T043114_T46QDJ",S2,2020-05-08 04:32:36+00:00,True,0.0,100.0,extracted,,75627.74570518157,82.20407141867562,
"LC08_136045_20200510,LC08_136046_20200510",L8,2020-05-10 04:18:26+00:00,True,0.2140683725161256,95.48595117457393,extracted,,86829.33172326823,94.37970839485678,
"20200513T041551_20200513T041554_T46QCJ,20200513T041551_20200513T041554_T46QDH,20200513T041551_20200513T041554_T46QDJ",S2,2020-05-13 04:32:43+00:00,True,0.3695359042547185,100.0,extracted,,93874.66067483649,100.0,
"LE07_136045_20200518,LE07_136046_20200518",L7,2020-05-18 03:52:21+00:00,True,5.249194292191761,65.30565243140093,extracted,,67242.22844626878,73.08937874594433,"slc_off,landsat_cloud_mask_issue"
"20200518T041549_20200518T042847_T46QCJ,20200518T041549_20200518T042847_T46QDH,20200518T041549_20200518T042847_T46QDJ",S2,2020-05-18 04:32:38+00:00,True,0.2915555867396569,100.0,extracted,,93979.74499510939,100.0,
LE07_136045_20200907,L7,2020-09-07 03:45:28+00:00,True,18.80209812261252,64.92235309600579,extracted,,32887.08699637278,35.74683369170954,"slc_off,landsat_cloud_mask_issue"
LE07_136045_20201009,L7,2020-10-09 03:43:24+00:00,True,18.25338617607798,64.07021122589985,extracted,,22308.663587634783,24.248547377863893,"slc_off,landsat_cloud_mask_issue"
"20201010T041711_20201010T043012_T46QCJ,20201010T041711_20201010T043012_T46QDH,20201010T041711_20201010T043012_T46QDJ",S2,2020-10-10 04:32:44+00:00,True,20.753152900070997,100.0,extracted,,64630.99098885605,70.25107716180005,
"20201015T041739_20201015T042754_T46QCJ,20201015T041739_20201015T042754_T46QDH,20201015T041739_20201015T042754_T46QDJ",S2,2020-10-15 04:32:42+00:00,True,4.305104247728218,100.0,extracted,,82633.59560548383,89.8191256581346,
"20201020T041821_20201020T042503_T46QCJ,20201020T041821_20201020T042503_T46QDH,20201020T041821_20201020T042503_T46QDJ",S2,2020-10-20 04:32:44+00:00,True,8.45787215239154,100.0,extracted,,72743.94348609225,79.06950378923071,
LE07_136045_20201025,L7,2020-10-25 03:42:21+00:00,True,13.127571375677713,62.85122063565177,extracted,,54900.787517898185,59.67476904119368,"slc_off,landsat_cloud_mask_issue"
"20201109T042011_20201109T042039_T46QCJ,20201109T042011_20201109T042039_T46QDH,20201109T042011_20201109T042039_T46QDJ",S2,2020-11-09 04:32:43+00:00,True,0.0,100.0,extracted,,94639.66142357618,100.0,
"LE07_136045_20201110,LE07_136046_20201110",L7,2020-11-10 03:41:16+00:00,True,0.0,62.24912811739159,extracted,,46606.07965318076,50.65878223171821,"slc_off,landsat_cloud_mask_issue"
"20201114T042029_20201114T042031_T46QCJ,20201114T042029_20201114T042031_T46QDH,20201114T042029_20201114T042031_T46QDJ",S2,2020-11-14 04:32:39+00:00,True,0.0307683279048614,100.0,extracted,,90767.63736662152,98.66047539850166,
"LC08_136045_20201118,LC08_136046_20201118",L8,2020-11-18 04:19:20+00:00,True,0.0,97.86471014015925,extracted,,88791.58635041823,96.51259385915026,
"20201119T042101_20201119T042945_T46QCJ,20201119T042101_20201119T042945_T46QDH,20201119T042101_20201119T042945_T46QDJ",S2,2020-11-19 04:32:41+00:00,True,0.0,100.0,extracted,,94668.02911848758,100.0,
LE07_136045_20201126,L7,2020-11-26 03:40:09+00:00,True,22.336447939471864,62.45311574652892,extracted,,33648.73334870865,36.574710161639835,"slc_off,landsat_cloud_mask_issue"
"20201129T042131_20201129T042128_T46QCJ,20201129T042131_20201129T042128_T46QDH,20201129T042131_20201129T042128_T46QDJ",S2,2020-11-29 04:32:39+00:00,True,0.0,100.0,extracted,,92252.15143033894,100.0,
"LC08_136045_20201204,LC08_136046_20201204",L8,2020-12-04 04:19:23+00:00,True,0.3638289633282353,95.9218924787787,extracted,,87637.25107310983,95.25788160120634,
"20201204T042139_20201204T042415_T46QCJ,20201204T042139_20201204T042415_T46QDH,20201204T042139_20201204T042415_T46QDJ",S2,2020-12-04 04:32:37+00:00,True,13.646117038705816,100.0,extracted,,82833.96314960747,90.03691646696464,
"LE07_136045_20201212,LE07_136046_20201212",L7,2020-12-12 03:38:58+00:00,True,0.0052656526946874,63.63591498322037,extracted,,47067.45045519693,51.1602722339097,"slc_off,landsat_cloud_mask_issue"
"20201214T042149_20201214T043002_T46QCJ,20201214T042149_20201214T043002_T46QDH,20201214T042149_20201214T043002_T46QDJ",S2,2020-12-14 04:32:35+00:00,True,0.0,100.0,extracted,,94953.80233877267,100.0,
"20201219T042201_20201219T042155_T46QCJ,20201219T042201_20201219T042155_T46QDH,20201219T042201_20201219T042155_T46QDJ,20201219T042201_20201219T043241_T46QDH,20201219T042201_20201219T043241_T46QDJ",S2,2020-12-19 04:32:37+00:00,True,0.0,100.0,extracted,,93574.32228681372,100.0,
"LC08_136045_20201220,LC08_136046_20201220",L8,2020-12-20 04:19:22+00:00,True,0.0122448374804802,95.78535237217872,extracted,,87808.63024429017,95.44416330901105,
"20201224T042159_20201224T042635_T46QCJ,20201224T042159_20201224T042635_T46QDH,20201224T042159_20201224T042635_T46QDJ",S2,2020-12-24 04:32:35+00:00,True,0.0082223705616691,100.0,extracted,,94566.8541525998,100.0,
LE07_136045_20201228,L7,2020-12-28 03:37:47+00:00,True,0.0026116803151714,64.12120813318418,extracted,,48416.20052670361,52.62630492033001,"slc_off,landsat_cloud_mask_issue"
"20210103T042149_20210103T042426_T46QCJ,20210103T042149_20210103T042426_T46QDH,20210103T042149_20210103T042426_T46QDJ",S2,2021-01-03 04:32:37+00:00,True,0.0,100.0,extracted,,94347.91232632939,100.0,
"LC08_136045_20210105,LC08_136046_20210105",L8,2021-01-05 04:19:17+00:00,True,0.0,96.8546423636244,extracted,,89918.551655336,97.73755614710436,
"20210108T042151_20210108T042340_T46QCJ,20210108T042151_20210108T042340_T46QDH,20210108T042151_20210108T042340_T46QDJ",S2,2021-01-08 04:32:39+00:00,True,0.0,100.0,extracted,,93595.24270597128,100.0,
LE07_136045_20210113,L7,2021-01-13 03:36:40+00:00,True,0.0,62.46134105415543,extracted,,46121.96047183041,50.13256573025045,"slc_off,landsat_cloud_mask_issue"
"20210113T042129_20210113T042131_T46QCJ,20210113T042129_20210113T042131_T46QDH,20210113T042129_20210113T042131_T46QDJ",S2,2021-01-13 04:32:38+00:00,True,0.0,100.0,extracted,,93931.12438491764,100.0,
"20210118T042121_20210118T043020_T46QCJ,20210118T042121_20210118T043020_T46QDH,20210118T042121_20210118T043020_T46QDJ",S2,2021-01-18 04:32:39+00:00,True,0.0,100.0,extracted,,92948.40488531708,100.0,
"20210123T042059_20210123T042053_T46QCJ,20210123T042059_20210123T042053_T46QDH,20210123T042059_20210123T042053_T46QDJ",S2,2021-01-23 04:32:38+00:00,True,0.0,100.0,extracted,,94037.8969902352,100.0,
"20210128T042031_20210128T043138_T46QCJ,20210128T042031_20210128T043138_T46QDH,20210128T042031_20210128T043138_T46QDJ",S2,2021-01-28 04:32:39+00:00,True,0.0,100.0,extracted,,95097.98004665518,100.0,
LE07_136045_20210129,L7,2021-01-29 03:35:31+00:00,True,0.0027651766937189,61.29005724814108,extracted,,44947.08391468032,48.85552599421774,"slc_off,landsat_cloud_mask_issue"
"20210202T042009_20210202T042228_T46QCJ,20210202T042009_20210202T042228_T46QDH,20210202T042009_20210202T042228_T46QDJ",S2,2021-02-02 04:32:38+00:00,True,0.0,100.0,extracted,,94224.54797987637,100.0,
"LC08_136045_20210206,LC08_136046_20210206",L8,2021-02-06 04:19:09+00:00,True,0.0,97.34487069816412,extracted,,89375.76758460095,97.14757346152277,
"LE07_135045_20210207,LE07_135046_20210207",L7,2021-02-07 03:28:41+00:00,True,4.248567327257934,50.18918207540962,extracted,,15234.382043876029,16.559110917256554,"slc_off,landsat_cloud_mask_issue"
"20210207T041941_20210207T043054_T46QCJ,20210207T041941_20210207T043054_T46QDH,20210207T041941_20210207T043054_T46QDJ",S2,2021-02-07 04:32:38+00:00,True,0.0,100.0,extracted,,94161.05711083591,100.0,
"20210212T041909_20210212T043010_T46QCJ,20210212T041909_20210212T043010_T46QDH,20210212T041909_20210212T043010_T46QDJ",S2,2021-02-12 04:32:37+00:00,True,0.0,100.0,extracted,,95057.07881487333,100.0,
LE07_136045_20210214,L7,2021-02-14 03:34:20+00:00,True,0.0,60.54648943870501,extracted,,43763.14557865213,47.56863649853493,"slc_off,landsat_cloud_mask_issue"
"20210217T041831_20210217T042552_T46QCJ,20210217T041831_20210217T042552_T46QDH,20210217T041831_20210217T042552_T46QDJ",S2,2021-02-17 04:32:37+00:00,True,0.0,100.0,extracted,,93401.6620689872,100.0,
"LC08_136045_20210222,LC08_136046_20210222",L8,2021-02-22 04:19:04+00:00,True,0.2161834635622516,96.89412384023164,extracted,,86893.56138111622,94.44952324034371,
"20210222T041759_20210222T042756_T46QCJ,20210222T041759_20210222T042756_T46QDH,20210222T041759_20210222T042756_T46QDJ",S2,2021-02-22 04:32:36+00:00,True,0.0,100.0,extracted,,94326.89377584141,100.0,
"LE07_135045_20210223,LE07_135046_20210223",L7,2021-02-23 03:27:28+00:00,True,0.1478028002802267,51.05941962229388,extracted,,41641.175525569495,45.26214731040163,"slc_off,landsat_cloud_mask_issue"
LE07_136045_20210302,L7,2021-03-02 03:33:07+00:00,True,18.683728211022647,60.30795551753636,extracted,,38263.908610105114,41.59120501098382,"slc_off,landsat_cloud_mask_issue"
"20210304T041659_20210304T042904_T46QCJ,20210304T041659_20210304T042904_T46QDH,20210304T041659_20210304T042904_T46QDJ",S2,2021-03-04 04:32:37+00:00,True,0.6018968718684454,100.0,extracted,,93867.01446705418,100.0,
"20210309T041611_20210309T043053_T46QCJ,20210309T041611_20210309T043053_T46QDH,20210309T041611_20210309T043053_T46QDJ",S2,2021-03-09 04:32:38+00:00,True,15.15956203333612,100.0,extracted,,75478.03013136414,82.04133709930885,
"LC08_136045_20210310,LC08_136046_20210310",L8,2021-03-10 04:18:56+00:00,True,4.046930440054066,97.53569783509904,no_shoreline,extraction returned null geometry,,,
"LE07_135045_20210311,LE07_135046_20210311",L7,2021-03-11 03:26:14+00:00,True,3.764711792814676,51.05941962229388,extracted,,39299.380233970594,42.716717645620214,"slc_off,landsat_cloud_mask_issue"
"20210314T041549_20210314T043014_T46QCJ,20210314T041549_20210314T043014_T46QDH,20210314T041549_20210314T043014_T46QDJ",S2,2021-03-14 04:32:38+00:00,True,0.0,100.0,extracted,,92446.54067271709,100.0,
LE07_136045_20210318,L7,2021-03-18 03:31:51+00:00,True,9.151008884519864,60.609001776666446,extracted,,36549.13293918561,39.727318412158276,"slc_off,landsat_cloud_mask_issue"
"20210319T041551_20210319T042019_T46QCJ,20210319T041551_20210319T042019_T46QDH,20210319T041551_20210319T042019_T46QDJ",S2,2021-03-19 04:32:37+00:00,True,12.06007012424549,100.0,extracted,,93965.36821881175,100.0,
"20210324T041549_20210324T043007_T46QCJ,20210324T041549_20210324T043007_T46QDH,20210324T041549_20210324T043007_T46QDJ",S2,2021-03-24 04:32:37+00:00,True,0.0,100.0,extracted,,84110.95251636676,91.42494838735517,
"LE07_135045_20210327,LE07_135046_20210327",L7,2021-03-27 03:24:56+00:00,True,11.953117134047428,50.14476541422649,extracted,,37654.99141015685,40.929338489300925,"slc_off,landsat_cloud_mask_issue"
"LE07_136045_20210403,LE07_136046_20210403",L7,2021-04-03 03:30:33+00:00,True,25.32621604128732,61.49733500032901,extracted,,20469.528378356365,22.249487367778656,"slc_off,landsat_cloud_mask_issue"
"20210403T041549_20210403T042930_T46QCJ,20210403T041549_20210403T042930_T46QDH,20210403T041549_20210403T042930_T46QDJ",S2,2021-04-03 04:32:36+00:00,True,27.053791780041315,100.0,extracted,,58188.36819969425,63.24822630401549,
"20210408T041551_20210408T042251_T46QCJ,20210408T041551_20210408T042251_T46QDH,20210408T041551_20210408T042251_T46QDJ",S2,2021-04-08 04:32:34+00:00,True,9.684224211598794,100.0,extracted,,78501.53247168993,85.32775268661949,
"LC08_136045_20210411,LC08_136046_20210411",L8,2021-04-11 04:18:45+00:00,True,1.8599191664380557,94.956241363427,extracted,,74534.22381352936,81.01546066687973,
"20210413T041549_20210413T042710_T46QCJ,20210413T041549_20210413T042710_T46QDJ,20210413T041549_20210413T043228_T46QCJ,20210413T041549_20210413T043228_T46QDH,20210413T041549_20210413T043228_T46QDJ",S2,2021-04-13 04:32:31+00:00,True,13.276258688546724,100.0,extracted,,81902.79462890261,89.02477677054632,
"20210418T041541_20210418T042100_T46QCJ,20210418T041541_20210418T042100_T46QDH,20210418T041541_20210418T042100_T46QDJ",S2,2021-04-18 04:32:33+00:00,True,0.0,100.0,extracted,,91844.09895223877,99.83054233938996,
LE07_136045_20210419,L7,2021-04-19 03:29:13+00:00,True,16.17198883360529,62.60610646838192,extracted,,43058.257991233,46.802454338296734,"slc_off,landsat_cloud_mask_issue"
"LC08_135045_20210420,LC08_135046_20210420",L8,2021-04-20 04:12:30+00:00,True,1.7755183216796755,51.84411396986247,extracted,,51775.85621344742,56.27810457983416,
"20210428T041551_20210428T042248_T46QCJ,20210428T041551_20210428T042248_T46QDH,20210428T041551_20210428T042248_T46QDJ",S2,2021-04-28 04:32:35+00:00,True,9.673319091112692,100.0,extracted,,65810.04061277969,71.53265283997793,
"20210503T041549_20210503T043116_T46QCJ,20210503T041549_20210503T043116_T46QDH,20210503T041549_20210503T043116_T46QDJ",S2,2021-05-03 04:32:35+00:00,True,0.1284495504684912,100.0,extracted,,96110.92341262856,100.0,
"20210508T041551_20210508T043028_T46QCJ,20210508T041551_20210508T043028_T46QDH,20210508T041551_20210508T043028_T46QDJ",S2,2021-05-08 04:32:37+00:00,True,0.2031925111035858,100.0,extracted,,93383.26136971914,100.0,
"LC08_135045_20210522,LC08_135046_20210522",L8,2021-05-22 04:12:31+00:00,True,12.906751051905443,51.932947292228725,extracted,,39833.451536257315,43.29722993071447,
"20210523T041549_20210523T042747_T46QCJ,20210523T041549_20210523T042747_T46QDH,20210523T041549_20210523T042747_T46QDJ",S2,2021-05-23 04:32:38+00:00,True,12.027006521210447,100.0,extracted,,75935.67618649304,82.5387784635794,
"20210528T041551_20210528T042256_T46QCJ,20210528T041551_20210528T042256_T46QDH,20210528T041551_20210528T042256_T46QDJ",S2,2021-05-28 04:32:39+00:00,True,4.58031827603394,100.0,extracted,,44009.01491268898,47.83588577466194,
"LC08_136045_20210529,LC08_136046_20210529",L8,2021-05-29 04:18:45+00:00,True,26.11398305342409,93.98894518654998,extracted,,52622.650472561196,57.198533122349126,
"20210831T041549_20210831T043019_T46QCJ,20210831T041549_20210831T043019_T46QDH,20210831T041549_20210831T043019_T46QDJ",S2,2021-08-31 04:32:35+00:00,True,17.51749285153551,100.0,extracted,,72631.64346149798,78.94743854510651,
"20210925T041551_20210925T042254_T46QCJ,20210925T041551_20210925T042254_T46QDH,20210925T041551_20210925T042254_T46QDJ",S2,2021-09-25 04:32:42+00:00,True,27.74768891734721,100.0,extracted,,55089.73790008848,59.88014989140053,
"20211010T041709_20211010T043118_T46QCJ,20211010T041709_20211010T043118_T46QDH,20211010T041709_20211010T043118_T46QDJ",S2,2021-10-10 04:32:39+00:00,True,29.24054251652386,100.0,extracted,,41649.5905772853,45.27129410574489,
"LC08_135045_20211013,LC08_135046_20211013",L8,2021-10-13 04:13:16+00:00,True,19.53728805614846,50.37507402776864,extracted,,54119.45573775888,58.825495367129214,
"LC08_135045_20211029,LC08_135046_20211029",L8,2021-10-29 04:13:17+00:00,True,0.0,50.69257090215174,extracted,,51028.01432784049,55.46523296504401,
"20211030T041909_20211030T042055_T46QCJ,20211030T041909_20211030T042055_T46QDH,20211030T041909_20211030T042055_T46QDJ",S2,2021-10-30 04:32:40+00:00,True,6.790312827025685,100.0,extracted,,82962.3668215504,90.17648567559826,
"LC08_136045_20211105,LC08_136046_20211105",L8,2021-11-05 04:19:27+00:00,True,1.085055809449778,95.58300980456669,extracted,,61319.3692737959,66.6514883410825,
"20211109T042009_20211109T042005_T46QCJ,20211109T042009_20211109T042005_T46QDJ,20211109T042009_20211109T043232_T46QCJ,20211109T042009_20211109T043232_T46QDH,20211109T042009_20211109T043232_T46QDJ",S2,2021-11-09 04:32:34+00:00,True,0.0444136988691886,100.0,extracted,,94369.66796325186,100.0,
"LC09_136045_20211119,LC09_136046_20211119",L9,2021-11-19 04:17:43+00:00,True,0.0,100.0,extracted,,91201.52977556616,99.13209758213713,
"20211119T042049_20211119T042047_T46QCJ,20211119T042049_20211119T042047_T46QDH,20211119T042049_20211119T042047_T46QDJ",S2,2021-11-19 04:32:36+00:00,True,0.0,100.0,extracted,,93213.39204355367,100.0,
"LC08_136045_20211121,LC08_136046_20211121",L8,2021-11-21 04:19:22+00:00,True,0.0,97.40902809765085,extracted,,87758.67342697893,95.38986242062927,
LC09_136045_20211124,L9,2021-11-24 04:20:10+00:00,True,5.665660687245833,57.33697440284266,extracted,,56993.582798607764,61.94954652022582,
"20211124T042111_20211124T042110_T46QCJ,20211124T042111_20211124T042110_T46QDH,20211124T042111_20211124T042110_T46QDJ",S2,2021-11-24 04:32:38+00:00,True,18.760450874818297,100.0,extracted,,75710.4906211311,82.29401154470771,
LE07_136045_20211129,L7,2021-11-29 03:09:35+00:00,True,3.975972525159164,63.11607554122525,extracted,,41855.45986618029,45.495065071935095,"slc_off,landsat_cloud_mask_issue"
"20211129T042129_20211129T042148_T46QCJ,20211129T042129_20211129T042148_T46QDH,20211129T042129_20211129T042148_T46QDJ",S2,2021-11-29 04:32:34+00:00,True,5.9381960196374655,100.0,extracted,,88176.81809437575,95.84436749388668,
"20211214T042201_20211214T042155_T46QCJ,20211214T042201_20211214T042155_T46QDH,20211214T042201_20211214T042155_T46QDJ,20211214T042201_20211214T043241_T46QDH,20211214T042201_20211214T043241_T46QDJ",S2,2021-12-14 04:32:38+00:00,True,0.0,100.0,extracted,,94359.35386150387,100.0,
LE07_136045_20211215,L7,2021-12-15 03:08:04+00:00,True,7.310767639446429,62.38073303941568,extracted,,41144.168131942904,44.72192188254663,"slc_off,landsat_cloud_mask_issue"
"LC09_136045_20211215,LC09_136046_20211215",L9,2021-12-15 04:19:19+00:00,True,26.973521136264505,96.60623807330394,extracted,,64000.11104191637,69.56533808903953,
"20211219T042149_20211219T042318_T46QCJ,20211219T042149_20211219T042318_T46QDH,20211219T042149_20211219T042318_T46QDJ",S2,2021-12-19 04:32:32+00:00,True,0.0,100.0,extracted,,93313.38216908314,100.0,
"LC08_136045_20211223,LC08_136046_20211223",L8,2021-12-23 04:19:20+00:00,True,0.0,96.89083371718102,extracted,,88662.11607251651,96.3718652962136,
"20211224T042201_20211224T042159_T46QCJ,20211224T042201_20211224T042159_T46QDH,20211224T042201_20211224T042159_T46QDJ",S2,2021-12-24 04:32:40+00:00,True,0.0016444821722332,100.0,extracted,,93309.56355345287,100.0,
"20211229T042149_20211229T042426_T46QCJ,20211229T042149_20211229T042426_T46QDH,20211229T042149_20211229T042426_T46QDJ",S2,2021-12-29 04:32:34+00:00,True,0.0,100.0,extracted,,94938.68539872747,100.0,
LE07_136045_20211231,L7,2021-12-31 03:06:29+00:00,True,0.3057881075619093,63.26577614002764,extracted,,43832.67257158445,47.64420931693962,"slc_off,landsat_cloud_mask_issue"
"LC09_136045_20211231,LC09_136046_20211231",L9,2021-12-31 04:19:19+00:00,True,0.0,96.45653747450154,extracted,,88499.43433029213,96.19503731553493,
"LC08_136045_20220108,LC08_136046_20220108",L8,2022-01-08 04:19:16+00:00,True,0.0,97.05698493123644,extracted,,90951.92847674948,98.8607918225538,
"20220108T042139_20220108T043143_T46QCJ,20220108T042139_20220108T043143_T46QDH,20220108T042139_20220108T043143_T46QDJ",S2,2022-01-08 04:32:34+00:00,True,0.0,100.0,extracted,,94741.04612862524,100.0,
"LE07_136045_20220116,LE07_136046_20220116",L7,2022-01-16 03:04:57+00:00,True,3.915628821230104,62.2672237941699,extracted,,37527.61723496326,40.790888298873114,"slc_off,landsat_cloud_mask_issue"
"LC09_136045_20220116,LC09_136046_20220116",L9,2022-01-16 04:19:16+00:00,True,0.0,97.07179048496414,extracted,,88654.82117417188,96.36393605888249,
"20220118T042109_20220118T043126_T46QCJ,20220118T042109_20220118T043126_T46QDH,20220118T042109_20220118T043126_T46QDJ",S2,2022-01-18 04:32:34+00:00,True,0.0049334223370014,100.0,extracted,,92456.61949628976,100.0,
"20220123T042101_20220123T042056_T46QCJ,20220123T042101_20220123T042056_T46QDH,20220123T042101_20220123T042056_T46QDJ",S2,2022-01-23 04:32:38+00:00,True,0.0,100.0,extracted,,94610.62845232109,100.0,
"20220128T042029_20220128T043013_T46QCJ,20220128T042029_20220128T043013_T46QDH,20220128T042029_20220128T043013_T46QDJ",S2,2022-01-28 04:32:32+00:00,True,26.12815922017618,100.0,extracted,,57939.740515861224,62.97797882158829,
"LE07_136045_20220201,LE07_136046_20220201",L7,2022-02-01 03:03:24+00:00,True,4.206571265445878,61.57136276896756,extracted,,40330.77133965217,43.837794934404535,"slc_off,landsat_cloud_mask_issue"
"LC09_136045_20220201,LC09_136046_20220201",L9,2022-02-01 04:19:18+00:00,True,0.0052814334348841,95.16845430019085,extracted,,85477.88395798413,92.91074343259145,
"20220202T042011_20220202T042426_T46QCJ,20220202T042011_20220202T042426_T46QDH,20220202T042011_20220202T042426_T46QDJ",S2,2022-02-02 04:32:38+00:00,True,6.40716779188464,100.0,extracted,,83036.34760878255,90.25689957476365,
"20220207T041929_20220207T043013_T46QCJ,20220207T041929_20220207T043013_T46QDH,20220207T041929_20220207T043013_T46QDJ",S2,2022-02-07 04:32:33+00:00,True,0.0016444741123338,100.0,extracted,,94708.04640393279,100.0,
"LC08_136045_20220209,LC08_136046_20220209",L8,2022-02-09 04:19:09+00:00,True,0.0069398249816962,96.58485227347504,extracted,,88077.35113768847,95.7362512366179,
"LC09_135045_20220210,LC09_135046_20220210",L9,2022-02-10 04:13:05+00:00,True,0.0,51.38678686582878,extracted,,51420.897504208566,55.89227989587887,
"20220212T041911_20220212T043007_T46QCJ,20220212T041911_20220212T043007_T46QDH,20220212T041911_20220212T043007_T46QDJ",S2,2022-02-12 04:32:38+00:00,True,1.11820370287848,100.0,extracted,,92501.70460973453,100.0,
"LE07_136045_20220217,LE07_136046_20220217",L7,2022-02-17 03:01:45+00:00,True,3.435336262111574,62.528788576692776,extracted,,42571.94807354976,46.273856601684514,"slc_off,landsat_cloud_mask_issue"
"LC09_136045_20220217,LC09_136046_20220217",L9,2022-02-17 04:19:13+00:00,True,0.0034881816984271,96.0732381391064,extracted,,87233.2302986787,94.81872858552032,
"20220217T041829_20220217T042809_T46QCJ,20220217T041829_20220217T042809_T46QDH,20220217T041829_20220217T042809_T46QDJ",S2,2022-02-17 04:32:32+00:00,True,0.0032889482246676,100.0,extracted,,91681.2358396863,99.65351721705032,
"20220222T041801_20220222T041802_T46QCJ,20220222T041801_20220222T041802_T46QDH,20220222T041801_20220222T041802_T46QDJ",S2,2022-02-22 04:32:40+00:00,True,0.0,100.0,extracted,,93971.89584945662,100.0,
"LC08_136045_20220225,LC08_136046_20220225",L8,2022-02-25 04:19:04+00:00,True,0.1480528134952581,96.19990787655458,extracted,,85634.50645609798,93.08098527836736,
"LE07_135045_20220226,LE07_135046_20220226",L7,2022-02-26 02:54:43+00:00,True,0.1737836381988674,50.52148450352043,extracted,,41208.04778630883,44.79135628946612,"slc_off,landsat_cloud_mask_issue"
"20220227T041719_20220227T042728_T46QCJ,20220227T041719_20220227T042728_T46QDH,20220227T041719_20220227T042728_T46QDJ",S2,2022-02-27 04:32:34+00:00,True,0.0,100.0,extracted,,94700.00251231482,100.0,
"20220304T041711_20220304T043024_T46QCJ,20220304T041711_20220304T043024_T46QDH,20220304T041711_20220304T043024_T46QDJ",S2,2022-03-04 04:32:42+00:00,True,0.0,100.0,extracted,,92705.18387438051,100.0,
"20220309T041609_20220309T043037_T46QCJ,20220309T041609_20220309T043037_T46QDH,20220309T041609_20220309T043037_T46QDJ",S2,2022-03-09 04:32:36+00:00,True,0.0,100.0,extracted,,94351.48902848105,100.0,
"LC08_136045_20220313,LC08_136046_20220313",L8,2022-03-13 04:18:59+00:00,True,0.0017671619317006,94.8016055800487,extracted,,85415.82094166968,92.84328363224965,
"LE07_135045_20220314,LE07_135046_20220314",L7,2022-03-14 02:53:08+00:00,True,0.1346216926277426,53.140422451799694,extracted,,41192.00510489237,44.77391859227431,"slc_off,landsat_cloud_mask_issue"
"20220314T041551_20220314T043030_T46QCJ,20220314T041551_20220314T043030_T46QDH,20220314T041551_20220314T043030_T46QDJ",S2,2022-03-14 04:32:42+00:00,True,0.2198758621961647,100.0,extracted,,94357.14348774831,100.0,
"20220319T041549_20220319T042930_T46QCJ,20220319T041549_20220319T042930_T46QDH,20220319T041549_20220319T042930_T46QDJ",S2,2022-03-19 04:32:36+00:00,True,0.0,100.0,extracted,,88125.9463011535,95.78907206647118,
LE07_136045_20220321,L7,2022-03-21 02:58:38+00:00,True,0.0,58.44410080937027,extracted,,41957.69355021577,45.606188641538886,"slc_off,landsat_cloud_mask_issue"
"LC09_136045_20220321,LC09_136046_20220321",L9,2022-03-21 04:19:01+00:00,True,0.0,96.0617227084293,extracted,,86993.13349014052,94.557753793631,
"20220324T041551_20220324T042258_T46QCJ,20220324T041551_20220324T042258_T46QDH,20220324T041551_20220324T042258_T46QDJ",S2,2022-03-24 04:32:41+00:00,True,9.318087649248229,100.0,extracted,,75510.81579445997,82.07697368963039,
"LC08_136045_20220329,LC08_136046_20220329",L8,2022-03-29 04:18:47+00:00,True,8.984025212384562,96.3956701980654,extracted,,72587.56015972715,78.8995219127469,
"20220329T041549_20220329T042621_T46QCJ,20220329T041549_20220329T042621_T46QDH,20220329T041549_20220329T042621_T46QDJ",S2,2022-03-29 04:32:35+00:00,True,6.640483199375328,100.0,extracted,,92411.58215818439,100.0,
"LE07_135045_20220330,LE07_135046_20220330",L7,2022-03-30 02:51:36+00:00,True,6.593500754196004,58.848785944594326,extracted,,43467.4737619004,47.24725408902218,"slc_off,landsat_cloud_mask_issue"
"LC09_135045_20220330,LC09_135046_20220330",L9,2022-03-30 04:12:48+00:00,True,10.406972808846565,50.764953609264985,extracted,,38515.77036951249,41.864967792948356,
LE07_136045_20220406,L7,2022-04-06 02:57:05+00:00,True,19.48578888048805,54.97960123708626,extracted,,33495.152060858825,36.407773979194374,"slc_off,landsat_cloud_mask_issue"
"LC09_136045_20220406,LC09_136046_20220406",L9,2022-04-06 04:18:58+00:00,True,3.2980241124737484,94.22583404619331,extracted,,84400.16294651976,91.73930755056496,
"LC08_135045_20220407,LC08_135046_20220407",L8,2022-04-07 04:12:38+00:00,True,1.4964419008125107,54.041916167664674,extracted,,49896.011348010084,54.23479494348923,
"20220408T041549_20220408T043153_T46QCJ,20220408T041549_20220408T043153_T46QDH,20220408T041549_20220408T043153_T46QDJ",S2,2022-04-08 04:32:35+00:00,True,2.944763017415236,100.0,extracted,,94127.78411191727,100.0,
"20220413T041551_20220413T043119_T46QCJ,20220413T041551_20220413T043119_T46QDH,20220413T041551_20220413T043119_T46QDJ",S2,2022-04-13 04:32:41+00:00,True,3.6123327562517766,100.0,extracted,,100077.89468943198,100.0,
"20220418T041549_20220418T042507_T46QCJ,20220418T041549_20220418T042507_T46QDH,20220418T041549_20220418T042507_T46QDJ",S2,2022-04-18 04:32:34+00:00,True,1.7837965386979886,100.0,extracted,,124865.00964534924,100.0,
"LC08_135045_20220423,LC08_135046_20220423",L8,2022-04-23 04:12:39+00:00,True,0.9940062537907584,52.87392248470093,extracted,,50675.7314272252,55.08231676872305,
"20220423T041551_20220423T042300_T46QCJ,20220423T041551_20220423T042300_T46QDH,20220423T041551_20220423T042300_T46QDJ",S2,2022-04-23 04:32:43+00:00,True,9.161242750368109,100.0,extracted,,88730.55102341322,96.44625111240568,
"20220428T041539_20220428T042837_T46QCJ,20220428T041539_20220428T042837_T46QDH,20220428T041539_20220428T042837_T46QDJ",S2,2022-04-28 04:32:31+00:00,True,26.931255887459145,100.0,extracted,,75677.90743917291,82.25859504257924,
"LC09_135045_20220501,LC09_135046_20220501",L9,2022-05-01 04:12:35+00:00,True,2.87749147864558,53.58623412515628,extracted,,49809.10889166328,54.14033575180792,
"20220503T041551_20220503T042853_T46QCJ,20220503T041551_20220503T042853_T46QDH,20220503T041551_20220503T042853_T46QDJ",S2,2022-05-03 04:32:43+00:00,True,2.253039165504838,100.0,extracted,,76876.36577791901,83.56126714991197,
"LE07_136045_20220514,LE07_136046_20220514",L7,2022-05-14 02:51:40+00:00,True,19.60778760017203,82.89465025991973,extracted,,65008.30629057172,70.66120248975187,"slc_off,landsat_cloud_mask_issue"
"20220518T041549_20220518T042710_T46QCJ,20220518T041549_20220518T042710_T46QDH,20220518T041549_20220518T042710_T46QDJ",S2,2022-05-18 04:32:38+00:00,True,0.7816927081502772,100.0,extracted,,49640.50204630199,53.957067441632596,
"20220607T041549_20220607T042712_T46QCJ,20220607T041549_20220607T042712_T46QDH,20220607T041549_20220607T042712_T46QDJ",S2,2022-06-07 04:32:40+00:00,True,9.117770593539705,100.0,extracted,,74926.419914079,81.44176077617283,
LC09_136045_20220609,L9,2022-06-09 04:18:34+00:00,True,8.47368567860029,97.30538922155688,no_shoreline,extraction returned null geometry,,,
"LE07_135045_20220612,LE07_135046_20220612",L7,2022-06-12 02:44:28+00:00,True,0.4903710669142907,54.02546555241165,extracted,,45955.637148676644,49.951779509431134,"slc_off,landsat_cloud_mask_issue"
"LC08_135045_20220626,LC08_135046_20220626",L8,2022-06-26 04:13:05+00:00,True,28.372681462854764,52.158320721194976,extracted,,1729.4366170743733,1.8798224098634493,
"20220627T041559_20220627T042654_T46QCJ,20220627T041559_20220627T042654_T46QDH,20220627T041559_20220627T042654_T46QDJ",S2,2022-06-27 04:32:43+00:00,True,17.055079628983403,100.0,extracted,,66183.90540690637,71.93902761620258,
"20220727T041559_20220727T042654_T46QCJ,20220727T041559_20220727T042654_T46QDH,20220727T041559_20220727T042654_T46QDJ",S2,2022-07-27 04:32:43+00:00,True,9.915575719089004,100.0,extracted,,72258.61569441755,78.54197358088864,
"LC08_135045_20220829,LC08_135046_20220829",L8,2022-08-29 04:13:23+00:00,True,2.4887000788050653,50.96894123840232,extracted,,50449.31765332444,54.83621484057004,
"LE07_135045_20220922,LE07_135046_20220922",L7,2022-09-22 02:36:02+00:00,True,0.4235853266659971,77.02178061459499,extracted,,58583.987642306995,63.67824743729021,"slc_off,landsat_cloud_mask_issue"
"LC09_135045_20220922,LC09_135046_20220922",L9,2022-09-22 04:13:11+00:00,True,1.648247316030946,50.4688425347108,extracted,,46467.909444566685,50.50859722235509,
"LC08_136045_20221007,LC08_136046_20221007",L8,2022-10-07 04:19:37+00:00,True,0.0017578090667791,95.31486477594262,extracted,,82214.57431504037,89.36366773373953,
"LE07_135045_20221009,LE07_135046_20221009",L7,2022-10-09 02:34:06+00:00,True,20.048955583201224,74.22517602158321,extracted,,41219.92264298153,44.804263742371226,"slc_off,landsat_cloud_mask_issue"
"20221010T041711_20221010T042849_T46QCJ,20221010T041711_20221010T042849_T46QDH,20221010T041711_20221010T042849_T46QDJ",S2,2022-10-10 04:32:44+00:00,True,4.183552266425967,100.0,extracted,,80224.79667548262,87.20086595161153,
"LE07_135045_20221026,LE07_135046_20221026",L7,2022-10-26 02:31:58+00:00,True,0.0578424155219555,69.63380930446799,extracted,,54647.507076633294,59.39946421373184,"slc_off,landsat_cloud_mask_issue"
"20221030T041911_20221030T042256_T46QCJ,20221030T041911_20221030T042256_T46QDH,20221030T041911_20221030T042256_T46QDJ",S2,2022-10-30 04:32:42+00:00,True,0.0843724359127731,100.0,extracted,,93950.86624098738,100.0,
LE07_136045_20221031,L7,2022-10-31 02:37:07+00:00,True,0.0,52.81305520826479,extracted,,39611.010491493565,43.05544618640605,"slc_off,landsat_cloud_mask_issue"
"LC09_136045_20221031,LC09_136046_20221031",L9,2022-10-31 04:19:28+00:00,True,0.0017410395521855,96.24267947621242,extracted,,87722.20866492481,95.35022680970087,
"LC08_135045_20221101,LC08_135046_20221101",L8,2022-11-01 04:13:30+00:00,True,3.492852788850466,52.84760150029612,extracted,,47848.31821121133,52.009041533925355,
"LC08_136045_20221108,LC08_136046_20221108",L8,2022-11-08 04:19:39+00:00,True,0.7328207827309445,94.11232480094756,extracted,,83708.99976573756,90.98804322362778,
"LC09_135045_20221109,LC09_135046_20221109",L9,2022-11-09 04:13:18+00:00,True,0.1243162769468872,50.05922221491084,extracted,,49114.783275523856,53.385633995134626,
"20221109T042011_20221109T042447_T46QCJ,20221109T042011_20221109T042447_T46QDH,20221109T042011_20221109T042447_T46QDJ",S2,2022-11-09 04:32:42+00:00,True,0.6755628631829133,100.0,extracted,,92815.94208739462,100.0,
"20221114T042029_20221114T043106_T46QCJ,20221114T042029_20221114T043106_T46QDH,20221114T042029_20221114T043106_T46QDJ",S2,2022-11-14 04:32:38+00:00,True,0.0,100.0,extracted,,94451.16187972925,100.0,
"LC09_136045_20221116,LC09_136046_20221116",L9,2022-11-16 04:19:30+00:00,True,0.0,95.48266105152334,extracted,,87052.1702080962,94.621924139235,
LE07_136045_20221117,L7,2022-11-17 02:34:43+00:00,True,21.612036035717576,68.4197538987958,extracted,,42134.22623163894,45.798071990911886,"slc_off,landsat_cloud_mask_issue"
"LC08_136045_20221124,LC08_136046_20221124",L8,2022-11-24 04:19:35+00:00,True,0.0035095023216045,95.48101598999804,extracted,,85194.64186848068,92.60287159617467,
"20221124T042109_20221124T042319_T46QCJ,20221124T042109_20221124T042319_T46QDH,20221124T042109_20221124T042319_T46QDJ",S2,2022-11-24 04:32:38+00:00,True,0.0,100.0,extracted,,93709.82557206388,100.0,
"LC09_136045_20221202,LC09_136046_20221202",L9,2022-12-02 04:19:26+00:00,True,0.0,97.43534908205568,extracted,,91821.75974825832,99.80626059593297,
"LC08_135045_20221203,LC08_135046_20221203",L8,2022-12-03 04:13:25+00:00,True,0.0,51.64835164835166,extracted,,52375.105420510445,56.92946241359831,
"LE07_136045_20221204,LE07_136046_20221204",L7,2022-12-04 02:32:13+00:00,True,0.1902403143515847,78.52207672566955,extracted,,59883.18895946787,65.0904227820303,"slc_off,landsat_cloud_mask_issue"
"20221204T042139_20221204T042419_T46QCJ,20221204T042139_20221204T042419_T46QDH,20221204T042139_20221204T042419_T46QDJ",S2,2022-12-04 04:32:36+00:00,True,0.0,100.0,extracted,,94623.85450829112,100.0,
"20221209T042151_20221209T042821_T46QCJ,20221209T042151_20221209T042821_T46QDH,20221209T042151_20221209T042821_T46QDJ",S2,2022-12-09 04:32:39+00:00,True,0.0,100.0,extracted,,93821.50291688237,100.0,
"20221214T042149_20221214T042452_T46QCJ,20221214T042149_20221214T042452_T46QDH,20221214T042149_20221214T042452_T46QDJ",S2,2022-12-14 04:32:36+00:00,True,0.0,100.0,extracted,,94426.48860635931,100.0,
"LC09_136045_20221218,LC09_136046_20221218",L9,2022-12-18 04:19:28+00:00,True,0.0816023501476842,96.5124695663618,extracted,,87743.07888215352,95.37291182842773,
"LE07_136045_20221221,LE07_136046_20221221",L7,2022-12-21 02:29:33+00:00,True,2.320847688589029,89.92070803448048,extracted,,63697.81503921013,69.23675547740231,"slc_off,landsat_cloud_mask_issue"
"20221224T042159_20221224T042504_T46QCJ,20221224T042159_20221224T042504_T46QDH,20221224T042159_20221224T042504_T46QDJ",S2,2022-12-24 04:32:38+00:00,True,0.3368666410901848,100.0,extracted,,92663.4330845096,100.0,
"LC08_136045_20221226,LC08_136046_20221226",L8,2022-12-26 04:19:26+00:00,True,0.6541484668274742,97.09153122326776,extracted,,76243.99488749553,82.87390748640819,
"20221229T042201_20221229T042557_T46QCJ,20221229T042201_20221229T042557_T46QDH,20221229T042201_20221229T042557_T46QDJ",S2,2022-12-29 04:32:37+00:00,True,1.0432149047984118,100.0,extracted,,95157.94803759326,100.0,
"LC09_136045_20230103,LC09_136046_20230103",L9,2023-01-03 04:19:29+00:00,True,0.0,95.43330920576427,extracted,,87907.66391103649,95.55180859895272,
"20230103T042149_20230103T042448_T46QCJ,20230103T042149_20230103T042448_T46QDH,20230103T042149_20230103T042448_T46QDJ",S2,2023-01-03 04:32:37+00:00,True,0.0,100.0,extracted,,95058.29659800552,100.0,
"LC08_135045_20230104,LC08_135046_20230104",L8,2023-01-04 04:13:16+00:00,True,0.0,50.37342896624334,extracted,,50652.77205009521,55.057360924016535,
"20230108T042151_20230108T042807_T46QCJ,20230108T042151_20230108T042807_T46QDH,20230108T042151_20230108T042807_T46QDJ",S2,2023-01-08 04:32:37+00:00,True,10.175173896688449,100.0,extracted,,88411.33977135664,96.09928236017026,
"LC08_136045_20230111,LC08_136046_20230111",L8,2023-01-11 04:19:24+00:00,True,0.0,95.54846351253536,extracted,,86641.70109533449,94.17576206014617,
"LC09_135045_20230112,LC09_135046_20230112",L9,2023-01-12 04:13:16+00:00,True,0.75924541959871,50.58564190300717,extracted,,46315.496697251394,50.34293119266456,
"20230113T042129_20230113T042351_T46QCJ,20230113T042129_20230113T042351_T46QDH,20230113T042129_20230113T042351_T46QDJ",S2,2023-01-13 04:32:34+00:00,True,0.0,100.0,extracted,,94381.93001647794,100.0,
"20230118T042111_20230118T042700_T46QCJ,20230118T042111_20230118T042700_T46QDH,20230118T042111_20230118T042700_T46QDJ",S2,2023-01-18 04:32:34+00:00,True,0.0,100.0,extracted,,97311.68042508935,100.0,
"LC09_136045_20230119,LC09_136046_20230119",L9,2023-01-19 04:19:20+00:00,True,0.0,98.35822859774956,extracted,,91474.65095336713,99.42896842757297,
"20230123T042059_20230123T042242_T46QCJ,20230123T042059_20230123T042242_T46QDH,20230123T042059_20230123T042242_T46QDJ",S2,2023-01-23 04:32:36+00:00,True,0.0,100.0,extracted,,93635.20828883233,100.0,
"LE07_135045_20230124,LE07_135046_20230124",L7,2023-01-24 02:23:27+00:00,True,5.1606747410296,79.76738830032242,extracted,,22420.382957422782,24.369981475459543,"slc_off,landsat_cloud_mask_issue"
"LC09_135045_20230128,LC09_135046_20230128",L9,2023-01-28 04:13:16+00:00,True,0.0064205748453963,52.38204908863592,extracted,,52329.78779258966,56.88020412238007,
"20230128T042031_20230128T042545_T46QCJ,20230128T042031_20230128T042545_T46QDH,20230128T042031_20230128T042545_T46QDJ",S2,2023-01-28 04:32:36+00:00,True,0.0,100.0,extracted,,94603.15843300492,100.0,
"LC09_136045_20230204,LC09_136046_20230204",L9,2023-02-04 04:19:32+00:00,True,0.0054939017690363,91.45390537606106,extracted,,80957.78942030949,87.99759719598858,
"LC08_135045_20230205,LC08_135046_20230205",L8,2023-02-05 04:13:14+00:00,True,0.0,55.14246232809107,extracted,,54644.12713132934,59.39579036014058,
"20230207T041941_20230207T042359_T46QCJ,20230207T041941_20230207T042359_T46QDH,20230207T041941_20230207T042359_T46QDJ",S2,2023-02-07 04:32:37+00:00,True,0.0,100.0,extracted,,93251.56275321981,100.0,
"LC08_136045_20230212,LC08_136046_20230212",L8,2023-02-12 04:19:20+00:00,True,0.0,92.06093307889716,extracted,,83044.12537674315,90.26535367037299,
"20230212T041909_20230212T042627_T46QCJ,20230212T041909_20230212T042627_T46QDH,20230212T041909_20230212T042627_T46QDJ",S2,2023-02-12 04:32:37+00:00,True,0.0,100.0,extracted,,94475.0763176202,100.0,
"LC09_135045_20230213,LC09_135046_20230213",L9,2023-02-13 04:13:20+00:00,True,4.628864108180564,58.78133842205698,no_shoreline,extraction returned null geometry,,,
"LE07_136045_20230215,LE07_136046_20230215",L7,2023-02-15 02:24:36+00:00,True,4.151023338673656,76.97407383036125,extracted,,29600.45470779065,32.1744072910768,"slc_off,landsat_cloud_mask_issue"
"20230217T041831_20230217T043149_T46QCJ,20230217T041831_20230217T043149_T46QDH,20230217T041831_20230217T043149_T46QDJ",S2,2023-02-17 04:32:35+00:00,True,0.0,100.0,extracted,,93439.01213191269,100.0,
"LC09_136045_20230220,LC09_136046_20230220",L9,2023-02-20 04:19:23+00:00,True,0.0017961916932403,93.25689280779102,extracted,,82379.01442370519,89.54240698228826,
"20230222T041759_20230222T043137_T46QCJ,20230222T041759_20230222T043137_T46QDH,20230222T041759_20230222T043137_T46QDJ",S2,2023-02-22 04:32:38+00:00,True,3.3708533980520587,100.0,extracted,,91479.94391625607,99.43472164810443,
"20230227T041731_20230227T042934_T46QCJ,20230227T041731_20230227T042934_T46QDH,20230227T041731_20230227T042934_T46QDJ",S2,2023-02-27 04:32:36+00:00,True,0.0,100.0,extracted,,94507.65149963497,100.0,
"LC08_136045_20230228,LC08_136046_20230228",L8,2023-02-28 04:19:05+00:00,True,0.3013846584214439,95.6208462196486,extracted,,81876.26392304238,88.9959390467852,
"LC09_135045_20230301,LC09_135046_20230301",L9,2023-03-01 04:13:07+00:00,True,0.0,52.07771270645522,extracted,,52186.49090706138,56.724446638110194,
"LE07_135045_20230304,LE07_135046_20230304",L7,2023-03-04 02:20:26+00:00,True,0.0473321987883813,92.1168651707574,extracted,,78712.22401012013,85.55676522839144,"slc_off,landsat_cloud_mask_issue"
"20230304T041709_20230304T042939_T46QCJ,20230304T041709_20230304T042939_T46QDH,20230304T041709_20230304T042939_T46QDJ",S2,2023-03-04 04:32:40+00:00,True,0.0,100.0,extracted,,94227.28718782646,100.0,
"20230309T041611_20230309T042704_T46QCJ,20230309T041611_20230309T042704_T46QDH,20230309T041611_20230309T042704_T46QDJ",S2,2023-03-09 04:32:33+00:00,True,3.794665932177886,100.0,extracted,,88561.1392369853,96.26210786628836,
"20230314T041559_20230314T043051_T46QCJ,20230314T041559_20230314T043051_T46QDH,20230314T041559_20230314T043051_T46QDJ",S2,2023-03-14 04:32:43+00:00,True,4.17787999169637,100.0,extracted,,92692.44082329523,100.0,
"LC08_136045_20230316,LC08_136046_20230316",L8,2023-03-16 04:18:59+00:00,True,9.251469408481816,94.43146673685597,extracted,,80673.27783003566,87.68834546743007,
"LC09_136045_20230324,LC09_136046_20230324",L9,2023-03-24 04:19:06+00:00,True,0.0380212009747717,95.2671579917089,extracted,,85204.43202220535,92.6135130676145,
"20230324T041549_20230324T043035_T46QCJ,20230324T041549_20230324T043035_T46QDH,20230324T041549_20230324T043035_T46QDJ",S2,2023-03-24 04:32:40+00:00,True,0.0,100.0,error,ValueError('too few sand/water interface pixels to threshold — check the classifier output and the search zone'),,,
"LC08_135045_20230325,LC08_135046_20230325",L8,2023-03-25 04:12:41+00:00,True,0.0222615684532099,50.36684872014213,extracted,,50442.1703489421,54.828446031458796,
"LE07_136045_20230326,LE07_136046_20230326",L7,2023-03-26 02:19:59+00:00,True,6.213187012851961,80.56359807856815,extracted,,61619.85467071255,66.97810290294842,"slc_off,landsat_cloud_mask_issue"
"20230329T041551_20230329T042636_T46QCJ,20230329T041551_20230329T042636_T46QDH,20230329T041551_20230329T042636_T46QDJ",S2,2023-03-29 04:32:36+00:00,True,1.1273160241362357,100.0,extracted,,94222.21237412796,100.0,
"20230408T041551_20230408T042946_T46QCJ,20230408T041551_20230408T042946_T46QDH,20230408T041551_20230408T042946_T46QDJ",S2,2023-04-08 04:32:38+00:00,True,0.0,100.0,extracted,,90189.05771951072,98.03158447772904,
"LC09_136045_20230409,LC09_136046_20230409",L9,2023-04-09 04:18:57+00:00,True,0.0263011704742853,95.55504375863656,extracted,,85332.07939817423,92.75226021540678,
"LE07_135045_20230412,LE07_135046_20230412",L7,2023-04-12 02:14:32+00:00,True,0.0,75.33888267421202,extracted,,61061.104693214846,66.3707659708857,"slc_off,landsat_cloud_mask_issue"
"20230413T041549_20230413T042548_T46QCJ,20230413T041549_20230413T042548_T46QDH,20230413T041549_20230413T042548_T46QDJ",S2,2023-04-13 04:32:39+00:00,True,1.5461539071705312,100.0,extracted,,94238.83996562604,100.0,
"LC08_136045_20230417,LC08_136046_20230417",L8,2023-04-17 04:18:34+00:00,True,21.04173100321496,96.02717641639798,extracted,,74791.32305833988,81.29491636776073,
"LC09_135045_20230418,LC09_135046_20230418",L9,2023-04-18 04:12:42+00:00,True,10.589783709936874,51.42462328091071,extracted,,46285.42842816012,50.31024829147839,
"LC09_136045_20230425,LC09_136046_20230425",L9,2023-04-25 04:18:51+00:00,True,14.4786790444724,94.14522603145356,extracted,,57631.3845001098,62.642809239249786,
"LC08_135045_20230426,LC08_135046_20230426",L8,2023-04-26 04:12:22+00:00,True,6.415372566736499,52.1994472593275,extracted,,49344.46323308509,53.63528612291857,
"20230428T041551_20230428T042618_T46QCJ,20230428T041551_20230428T042618_T46QDH,20230428T041551_20230428T042618_T46QDJ",S2,2023-04-28 04:32:38+00:00,True,0.0,100.0,extracted,,93947.41757882867,100.0,
"20230508T041551_20230508T042759_T46QCJ,20230508T041551_20230508T042759_T46QDH,20230508T041551_20230508T042759_T46QDJ",S2,2023-05-08 04:32:38+00:00,True,16.51460225298111,100.0,extracted,,75763.6677827217,82.3518128073062,
LE07_136045_20230509,L7,2023-05-09 02:16:33+00:00,True,15.739228221981229,54.443311179838126,extracted,,34018.394022774686,36.9765152421464,"slc_off,landsat_cloud_mask_issue"
"LC08_136045_20230519,LC08_136046_20230519",L8,2023-05-19 04:18:18+00:00,True,12.190863126547098,95.08620122392576,extracted,,66317.81223531277,72.08457851664431,
"20230523T041549_20230523T042634_T46QCJ,20230523T041549_20230523T042634_T46QDH,20230523T041549_20230523T042634_T46QDJ",S2,2023-05-23 04:32:43+00:00,True,21.546499569180018,100.0,extracted,,69309.52618792353,75.33644150861254,
"LC09_136045_20230527,LC09_136046_20230527",L9,2023-05-27 04:18:31+00:00,True,29.28134834953103,94.1814173850102,extracted,,73888.32373133565,80.31339536014745,
"20230528T041551_20230528T042633_T46QCJ,20230528T041551_20230528T042633_T46QDH,20230528T041551_20230528T042633_T46QDJ",S2,2023-05-28 04:32:42+00:00,True,3.718852451140252,100.0,extracted,,93383.96930381811,100.0,
"LC09_136045_20230730,LC09_136046_20230730",L9,2023-07-30 04:18:42+00:00,True,7.02059204648118,96.36605909061,no_shoreline,extraction returned null geometry,,,
"20230811T041559_20230811T042936_T46QCJ,20230811T041559_20230811T042936_T46QDH,20230811T041559_20230811T042936_T46QDJ",S2,2023-08-11 04:32:44+00:00,True,0.0,100.0,error,ValueError('too few sand/water interface pixels to threshold — check the classifier output and the search zone'),,,
"LE07_135045_20230923,LE07_135046_20230923",L7,2023-09-23 01:55:18+00:00,True,8.620007188772206,71.94347568599065,extracted,,40403.88733456413,43.91726884191753,"slc_off,landsat_cloud_mask_issue"
LC08_136045_20230924,L8,2023-09-24 04:19:07+00:00,True,6.969573423007791,96.46476278212803,no_shoreline,extraction returned null geometry,,,
"20230925T041551_20230925T042841_T46QCJ,20230925T041551_20230925T042841_T46QDH,20230925T041551_20230925T042841_T46QDJ",S2,2023-09-25 04:32:40+00:00,True,1.080406593967152,100.0,extracted,,95107.65522305446,100.0,
"LC08_136045_20231010,LC08_136046_20231010",L8,2023-10-10 04:19:11+00:00,True,3.2688541494788685,95.770546818451,extracted,,86884.15010392289,94.43929359122053,
"20231010T041709_20231010T042445_T46QCJ,20231010T041709_20231010T042445_T46QDJ,20231010T041709_20231010T043234_T46QCJ,20231010T041709_20231010T043234_T46QDH,20231010T041709_20231010T043234_T46QDJ",S2,2023-10-10 04:32:36+00:00,True,6.013145440353932,100.0,extracted,,91117.46479011099,99.04072259794671,
"LC09_136045_20231018,LC09_136046_20231018",L9,2023-10-18 04:19:17+00:00,True,1.4568711538601535,93.84746989537408,extracted,,83009.20375723117,90.22739538829475,
"LE07_135045_20231020,LE07_135046_20231020",L7,2023-10-20 01:51:53+00:00,True,0.8121862989728754,70.01052839376193,extracted,,50989.524822277766,55.42339654595409,"slc_off,landsat_cloud_mask_issue"
"20231020T041809_20231020T042653_T46QCJ,20231020T041809_20231020T042653_T46QDH,20231020T041809_20231020T042653_T46QDJ",S2,2023-10-20 04:32:40+00:00,True,0.0115114672593556,100.0,extracted,,94275.73857441368,100.0,
"LC08_136045_20231026,LC08_136046_20231026",L8,2023-10-26 04:19:14+00:00,True,0.3609551422004448,95.15364874646312,extracted,,86498.27830581642,94.0198677237135,
"LC09_135045_20231027,LC09_135046_20231027",L9,2023-10-27 04:13:04+00:00,True,0.9723494176895268,50.82088570112522,extracted,,49847.28423351239,54.18183068860043,
"LC09_136045_20231103,LC09_136046_20231103",L9,2023-11-03 04:19:09+00:00,True,0.0,98.5786668421399,extracted,,91398.38717872904,99.34607302035766,
"LC08_135045_20231104,LC08_135046_20231104",L8,2023-11-04 04:13:03+00:00,True,16.79022753263308,50.33723761268672,extracted,,43246.111921553966,47.00664339299344,
"20231109T042009_20231109T043050_T46QCJ,20231109T042009_20231109T043050_T46QDH,20231109T042009_20231109T043050_T46QDJ",S2,2023-11-09 04:32:40+00:00,True,0.0,100.0,extracted,,94494.92291856954,100.0,
"LC08_136045_20231111,LC08_136046_20231111",L8,2023-11-11 04:19:10+00:00,True,0.8855885838455128,96.91550964006052,extracted,,89031.43740016184,96.77330152191504,
"20231124T042101_20231124T042917_T46QCJ,20231124T042101_20231124T042917_T46QDH,20231124T042101_20231124T042917_T46QDJ",S2,2023-11-24 04:32:33+00:00,True,0.0,100.0,extracted,,94610.67513476378,100.0,
LE07_136045_20231126,L7,2023-11-26 01:52:33+00:00,True,0.1327115253244356,64.6147265907745,extracted,,93328.80816825695,100.0,"slc_off,landsat_cloud_mask_issue"
"LC08_136045_20231127,LC08_136046_20231127",L8,2023-11-27 04:19:16+00:00,True,0.0,94.11561492399817,extracted,,84732.3100258959,92.10033698466947,
"LC09_135045_20231128,LC09_135046_20231128",L9,2023-11-28 04:13:10+00:00,True,0.0032157998425645,52.29157070474436,extracted,,52791.42355214882,57.3819821219009,
"LC08_136045_20231213,LC08_136046_20231213",L8,2023-12-13 04:19:12+00:00,True,5.320028384839382,95.98604987826543,extracted,,74974.30428308774,81.49380900335623,
"LC09_135045_20231214,LC09_135046_20231214",L9,2023-12-14 04:13:09+00:00,True,0.0131111335824577,51.45587944989143,extracted,,51357.12376083293,55.82296060960101,
"20231214T042151_20231214T043121_T46QCJ,20231214T042151_20231214T043121_T46QDH,20231214T042151_20231214T043121_T46QDJ",S2,2023-12-14 04:32:34+00:00,True,0.0,100.0,extracted,,93334.99888760383,100.0,
"LE07_135045_20231218,LE07_135046_20231218",L7,2023-12-18 01:43:54+00:00,True,5.501955865301526,51.32262946634204,extracted,,16427.209987727263,17.85566303013833,"slc_off,landsat_cloud_mask_issue"
"20231219T042159_20231219T042422_T46QCJ,20231219T042159_20231219T042422_T46QDH,20231219T042159_20231219T042422_T46QDJ",S2,2023-12-19 04:32:39+00:00,True,0.0,100.0,extracted,,95166.28730568136,100.0,
"LC09_136045_20231221,LC09_136046_20231221",L9,2023-12-21 04:19:22+00:00,True,10.520144029917107,93.88695137198133,no_shoreline,extraction returned null geometry,,,
"LC08_135045_20231222,LC08_135046_20231222",L8,2023-12-22 04:13:04+00:00,True,0.0009125157234697,52.033296045272095,extracted,,51576.52033450995,56.06143514620646,
"20231224T042201_20231224T042441_T46QCJ,20231224T042201_20231224T042441_T46QDH,20231224T042201_20231224T042441_T46QDJ",S2,2023-12-24 04:32:35+00:00,True,15.474127359812268,100.0,extracted,,77112.26205095177,83.81767614233888,
LE07_136045_20231228,L7,2023-12-28 01:48:44+00:00,True,0.0888169011311823,60.043100611962885,extracted,,46945.108340251914,51.02729167418686,"slc_off,landsat_cloud_mask_issue"
"LC08_136045_20231229,LC08_136046_20231229",L8,2023-12-29 04:19:12+00:00,True,0.4929752102631853,95.16845430019085,extracted,,86439.88695398835,93.9563988630308,
"20231229T042159_20231229T042423_T46QCJ,20231229T042159_20231229T042423_T46QDH,20231229T042159_20231229T042423_T46QDJ",S2,2023-12-29 04:32:40+00:00,True,0.3077469754927776,100.0,extracted,,92100.31684251722,100.0,
"LC09_135045_20231230,LC09_135046_20231230",L9,2023-12-30 04:13:10+00:00,True,0.1839769016220076,52.00039481476607,extracted,,52120.86577629432,56.653114974232956,
"20240103T042151_20240103T042437_T46QCJ,20240103T042151_20240103T042437_T46QDH,20240103T042151_20240103T042437_T46QDJ",S2,2024-01-03 04:32:35+00:00,True,0.0,100.0,extracted,,94157.05523546007,100.0,
"LC09_136045_20240106,LC09_136046_20240106",L9,2024-01-06 04:19:15+00:00,True,0.0,97.0290188853063,extracted,,89914.78623456783,97.7334632984433,
"20240108T042149_20240108T042410_T46QCJ,20240108T042149_20240108T042410_T46QDH,20240108T042149_20240108T042410_T46QDJ",S2,2024-01-08 04:32:37+00:00,True,0.0,100.0,extracted,,94866.02699843788,100.0,
"20240113T042131_20240113T042413_T46QCJ,20240113T042131_20240113T042413_T46QDH,20240113T042131_20240113T042413_T46QDJ",S2,2024-01-13 04:32:32+00:00,True,0.685915518481491,100.0,extracted,,92905.12355118294,100.0,
"LC08_136045_20240114,LC08_136046_20240114",L8,2024-01-14 04:19:10+00:00,True,27.696123571217555,94.45943278278608,no_shoreline,extraction returned null geometry,,,
"LC09_135045_20240115,LC09_135046_20240115",L9,2024-01-15 04:13:08+00:00,True,3.275067954577742,51.66973744818056,extracted,,51742.68335220153,56.24204712195818,
"20240118T042119_20240118T042341_T46QCJ,20240118T042119_20240118T042341_T46QDH,20240118T042119_20240118T042341_T46QDJ",S2,2024-01-18 04:32:37+00:00,True,0.0,100.0,extracted,,95225.49639672814,100.0,
"LC09_136045_20240122,LC09_136046_20240122",L9,2024-01-22 04:19:16+00:00,True,7.283656074884353,96.17523195367508,extracted,,68452.09375637233,74.40444973518731,
"20240123T042051_20240123T043042_T46QCJ,20240123T042051_20240123T043042_T46QDH,20240123T042051_20240123T043042_T46QDJ",S2,2024-01-23 04:32:31+00:00,True,3.015862339330846,100.0,extracted,,93558.71279405664,100.0,
"20240128T042039_20240128T043025_T46QCJ,20240128T042039_20240128T043025_T46QDH,20240128T042039_20240128T043025_T46QDJ",S2,2024-01-28 04:32:37+00:00,True,0.0098669305758895,100.0,extracted,,94009.24010769217,100.0,
"LC08_136045_20240130,LC08_136046_20240130",L8,2024-01-30 04:19:04+00:00,True,0.9735639518219886,95.34118576034744,extracted,,81487.68456341772,88.57357017762796,
"LC09_135045_20240131,LC09_135046_20240131",L9,2024-01-31 04:13:08+00:00,True,0.0,53.3032835428045,extracted,,52889.46979202919,57.488554121770854,
"LC09_136045_20240207,LC09_136046_20240207",L9,2024-02-07 04:19:21+00:00,True,21.554129200567665,92.426136737514,no_shoreline,extraction returned null geometry,,,
"LC08_135045_20240208,LC08_135046_20240208",L8,2024-02-08 04:12:57+00:00,True,0.0,54.28703033493453,extracted,,54253.06836043565,58.970726478734406,
"LC08_136045_20240215,LC08_136046_20240215",L8,2024-02-15 04:19:06+00:00,True,5.65988513343829,92.32743304599592,extracted,,73438.55567732903,79.82451704057503,
"LC09_135045_20240216,LC09_135046_20240216",L9,2024-02-16 04:13:05+00:00,True,0.1556060778899643,52.95288543791538,extracted,,50738.15750356181,55.150171199523705,
"20240217T041839_20240217T042940_T46QCJ,20240217T041839_20240217T042940_T46QDH,20240217T041839_20240217T042940_T46QDJ",S2,2024-02-17 04:32:39+00:00,True,0.0263115857973413,100.0,extracted,,94709.96771148624,100.0,
"LC09_136045_20240223,LC09_136046_20240223",L9,2024-02-23 04:19:06+00:00,True,17.16763733039048,97.52253734289664,no_shoreline,extraction returned null geometry,,,
"LC08_135045_20240224,LC08_135046_20240224",L8,2024-02-24 04:12:54+00:00,True,21.363059214584982,55.48463512535369,no_shoreline,extraction returned null geometry,,,
"20240227T041729_20240227T042721_T46QCJ,20240227T041729_20240227T042721_T46QDH,20240227T041729_20240227T042721_T46QDJ",S2,2024-02-27 04:32:37+00:00,True,0.0032889482246676,100.0,extracted,,92726.18449886753,100.0,
"LC08_136045_20240302,LC08_136046_20240302",L8,2024-03-02 04:18:59+00:00,True,0.0,92.70415213528986,extracted,,83480.56451371759,90.73974403664955,
"LC09_135045_20240303,LC09_135046_20240303",L9,2024-03-03 04:13:02+00:00,True,0.0,53.984339014279136,extracted,,53472.06259729611,58.12180717097404,
"20240303T041701_20240303T042950_T46QCJ,20240303T041701_20240303T042950_T46QDH,20240303T041701_20240303T042950_T46QDJ",S2,2024-03-03 04:32:39+00:00,True,0.0,100.0,extracted,,94046.46438921872,100.0,
"20240308T041619_20240308T042959_T46QCJ,20240308T041619_20240308T042959_T46QDH,20240308T041619_20240308T042959_T46QDJ",S2,2024-03-08 04:32:33+00:00,True,0.0049334223370014,100.0,extracted,,93705.98471480998,100.0,
"LC09_136045_20240310,LC09_136046_20240310",L9,2024-03-10 04:19:13+00:00,True,0.0091257385048619,91.76482200434296,extracted,,81936.46063697623,89.06137025758287,
"LC08_135045_20240311,LC08_135046_20240311",L8,2024-03-11 04:12:42+00:00,True,0.0638692518769107,52.658419424886496,extracted,,51771.59295404218,56.27347060221976,
"20240313T041551_20240313T042926_T46QCJ,20240313T041551_20240313T042926_T46QDH,20240313T041551_20240313T042926_T46QDJ",S2,2024-03-13 04:32:38+00:00,True,0.859892288880317,100.0,extracted,,92784.07408053578,100.0,
"LC08_136045_20240318,LC08_136046_20240318",L8,2024-03-18 04:18:50+00:00,True,0.0339465050724276,93.76028163453311,extracted,,83328.10882249591,90.5740313287999,
"20240318T041549_20240318T043222_T46QCJ,20240318T041549_20240318T043222_T46QDH,20240318T041549_20240318T043222_T46QDJ",S2,2024-03-18 04:32:37+00:00,True,0.0,100.0,extracted,,94468.76700022127,100.0,
"LC09_135045_20240319,LC09_135046_20240319",L9,2024-03-19 04:13:00+00:00,True,12.43023431681141,57.76962558399684,no_shoreline,extraction returned null geometry,,,
"LC09_136045_20240326,LC09_136046_20240326",L9,2024-03-26 04:19:06+00:00,True,26.93774973150497,91.77633743502008,extracted,,58360.02585973145,63.43481071709941,
"20240328T041549_20240328T043056_T46QCJ,20240328T041549_20240328T043056_T46QDH,20240328T041549_20240328T043056_T46QDJ",S2,2024-03-28 04:32:38+00:00,True,0.0,100.0,extracted,,92348.09878845276,100.0,
"20240402T041551_20240402T042806_T46QCJ,20240402T041551_20240402T042806_T46QDH,20240402T041551_20240402T042806_T46QDJ",S2,2024-04-02 04:32:37+00:00,True,8.059225831889465,100.0,extracted,,83503.32386294291,90.76448245972055,
"LC08_136045_20240403,LC08_136046_20240403",L8,2024-04-03 04:18:39+00:00,True,10.437124424843116,94.9595314864776,extracted,,63969.54682729494,69.53211611662493,
"LC09_135045_20240404,LC09_135046_20240404",L9,2024-04-04 04:12:51+00:00,True,0.05012858792084,56.229847996315065,extracted,,55017.461657171356,59.801588757794946,
"LC09_136045_20240411,LC09_136046_20240411",L9,2024-04-11 04:18:59+00:00,True,0.0018284277930202,91.59867079028756,extracted,,84484.37013370205,91.83083710185005,
"LC08_135045_20240412,LC08_135046_20240412",L8,2024-04-12 04:12:25+00:00,True,20.303821203820352,53.03513851418044,no_shoreline,extraction returned null geometry,,,
"LC08_136045_20240419,LC08_136046_20240419",L8,2024-04-19 04:18:29+00:00,True,9.577374133710556,94.35250378364152,extracted,,69170.26403279933,75.18506960086884,
"LC09_135045_20240420,LC09_135046_20240420",L9,2024-04-20 04:12:37+00:00,True,8.452011630424277,51.75528064749621,extracted,,49490.21183585135,53.793708517229724,
"LC09_136045_20240427,LC09_136046_20240427",L9,2024-04-27 04:18:40+00:00,True,2.681524567721355,96.76251891820756,extracted,,89403.95867138484,97.17821594715744,
"20240427T041549_20240427T042806_T46QCJ,20240427T041549_20240427T042806_T46QDH,20240427T041549_20240427T042806_T46QDJ",S2,2024-04-27 04:32:37+00:00,True,1.7135807185603782,100.0,extracted,,88806.44977336032,96.52874975365252,
"LC08_135045_20240428,LC08_135046_20240428",L8,2024-04-28 04:12:15+00:00,True,22.3738830674174,53.17661380535632,extracted,,45479.63563996504,49.434386565179395,
"LC09_135045_20240506,LC09_135046_20240506",L9,2024-05-06 04:12:27+00:00,True,0.5390074883288711,51.47891031124564,extracted,,48770.52736004942,53.011442782662414,
"20240512T041551_20240512T042929_T46QCJ,20240512T041551_20240512T042929_T46QDH,20240512T041551_20240512T042929_T46QDJ",S2,2024-05-12 04:32:41+00:00,True,25.448236798861263,100.0,extracted,,75808.64889460888,82.40070532022705,
"LC09_136045_20240513,LC09_136046_20240513",L9,2024-05-13 04:18:35+00:00,True,12.814766827394122,94.44462722905836,extracted,,68610.17245794313,74.57627441080776,
"LC08_135045_20240514,LC08_135046_20240514",L8,2024-05-14 04:12:01+00:00,True,1.6975114293863105,50.85049680858064,extracted,,50743.937032834365,55.15645329655909,
"20240517T041549_20240517T043123_T46QCJ,20240517T041549_20240517T043123_T46QDH,20240517T041549_20240517T043123_T46QDJ",S2,2024-05-17 04:32:36+00:00,True,3.294823189045453,100.0,extracted,,93433.77946959095,100.0,
"LC09_135045_20240522,LC09_135046_20240522",L9,2024-05-22 04:12:18+00:00,True,5.022971482220101,51.65657695597815,extracted,,47188.93814226327,51.29232406767747,
"20240522T041551_20240522T042209_T46QCJ,20240522T041551_20240522T042209_T46QDH,20240522T041551_20240522T042209_T46QDJ",S2,2024-05-22 04:32:38+00:00,True,2.884227023327089,100.0,extracted,,89842.53639914398,97.65493086863475,
"20240601T041551_20240601T043107_T46QCJ,20240601T041551_20240601T043107_T46QDH,20240601T041551_20240601T043107_T46QDJ",S2,2024-06-01 04:32:42+00:00,True,12.688846086702988,100.0,extracted,,64116.39719161893,69.69173607784667,
LC08_136045_20240622,L8,2024-06-22 04:18:16+00:00,True,22.680535641181603,95.83634927946304,extracted,,42904.6866687748,46.635528987798686,
"LC09_136045_20240902,LC09_136046_20240902",L9,2024-09-02 04:18:47+00:00,True,24.31317462512296,95.7508060801474,extracted,,72428.37326400515,78.72649267826647,
"20240904T041549_20240904T042440_T46QCJ,20240904T041549_20240904T042440_T46QDH,20240904T041549_20240904T042440_T46QDJ",S2,2024-09-04 04:32:41+00:00,True,7.242135012356441,100.0,extracted,,63679.469969750935,69.21681518451189,
"LC08_135045_20240919,LC08_135046_20240919",L8,2024-09-19 04:12:47+00:00,True,2.9531093499743872,51.43613871158781,extracted,,45951.53645216609,49.947322230615306,
"20240919T041551_20240919T043220_T46QCJ,20240919T041551_20240919T043220_T46QDH,20240919T041551_20240919T043220_T46QDJ",S2,2024-09-19 04:32:39+00:00,True,0.655572378111938,100.0,extracted,,54297.31939297347,59.01882542714508,
"20240929T041551_20240929T042617_T46QCJ,20240929T041551_20240929T042617_T46QDH,20240929T041551_20240929T042617_T46QDJ",S2,2024-09-29 04:32:40+00:00,True,12.17050962605203,100.0,extracted,,82855.40065433472,90.06021810253775,
"20241009T041701_20241009T043128_T46QCJ,20241009T041701_20241009T043128_T46QDH,20241009T041701_20241009T043128_T46QDJ",S2,2024-10-09 04:32:35+00:00,True,3.856550098778164,100.0,extracted,,92689.7839202455,100.0,
LC08_136045_20241012,L8,2024-10-12 04:19:02+00:00,True,18.879977833855257,95.03849443969204,extracted,,53279.364353888945,57.912352558574945,
"LC09_135045_20241013,LC09_135046_20241013",L9,2024-10-13 04:12:50+00:00,True,27.16002102546253,50.52806474962164,extracted,,16605.739423285664,18.04971676444094,
"20241014T041629_20241014T043132_T46QCJ,20241014T041629_20241014T043132_T46QDH,20241014T041629_20241014T043132_T46QDJ",S2,2024-10-14 04:32:38+00:00,True,12.40266244873029,100.0,extracted,,74792.03074218889,81.29568558933575,
"20241019T041801_20241019T043051_T46QCJ,20241019T041801_20241019T043051_T46QDH,20241019T041801_20241019T043051_T46QDJ",S2,2024-10-19 04:32:38+00:00,True,20.847867133556207,100.0,extracted,,39216.51740325444,42.62664935136352,
"LC08_136045_20241028,LC08_136046_20241028",L8,2024-10-28 04:19:02+00:00,True,15.782246588498497,96.17194183062446,extracted,,51465.859686237854,55.941151832867234,
"LC09_135045_20241029,LC09_135046_20241029",L9,2024-10-29 04:13:00+00:00,True,6.626186086181761,54.390669211028495,extracted,,48087.88758225893,52.269443024194494,
"20241029T041911_20241029T043154_T46QCJ,20241029T041911_20241029T043154_T46QDH,20241029T041911_20241029T043154_T46QDJ",S2,2024-10-29 04:32:39+00:00,True,9.730430709696334,100.0,extracted,,76738.37220185611,83.41127413245229,
"20241103T041839_20241103T042938_T46QCJ,20241103T041839_20241103T042938_T46QDH,20241103T041839_20241103T042938_T46QDJ",S2,2024-11-03 04:32:36+00:00,True,2.391841080478367,100.0,extracted,,88843.66271114015,96.56919859906537,
"LC09_136045_20241105,LC09_136046_20241105",L9,2024-11-05 04:19:08+00:00,True,0.243480547156626,94.95459630190167,extracted,,85314.64971694617,92.7333149097241,
"20241108T042001_20241108T042243_T46QCJ,20241108T042001_20241108T042243_T46QDH,20241108T042001_20241108T042243_T46QDJ",S2,2024-11-08 04:32:35+00:00,True,16.894127531353504,100.0,extracted,,62634.89025433474,68.08140245036385,
"LC08_136045_20241113,LC08_136046_20241113",L8,2024-11-13 04:19:01+00:00,True,11.78622951040542,97.55708363492796,extracted,,71335.30940451814,77.53837978751972,
"20241113T041929_20241113T043121_T46QCJ,20241113T041929_20241113T043121_T46QDH,20241113T041929_20241113T043121_T46QDJ",S2,2024-11-13 04:32:34+00:00,True,13.29503189926732,100.0,extracted,,87193.75482188757,94.77582045857345,
"20241118T042051_20241118T043041_T46QCJ,20241118T042051_20241118T043041_T46QDH,20241118T042051_20241118T043041_T46QDJ",S2,2024-11-18 04:32:38+00:00,True,0.0971658738902133,100.0,extracted,,91353.49714596849,99.29727950648748,
"LC09_136045_20241121,LC09_136046_20241121",L9,2024-11-21 04:19:15+00:00,True,0.0605085077267893,92.86043298019348,extracted,,84072.14919574474,91.38277086493994,
"LC08_135045_20241122,LC08_135046_20241122",L8,2024-11-22 04:13:00+00:00,True,0.0,53.193064420609325,extracted,,53367.56227833642,58.008219867756985,
"20241123T042019_20241123T043006_T46QCJ,20241123T042019_20241123T043006_T46QDH,20241123T042019_20241123T043006_T46QDJ",S2,2024-11-23 04:32:39+00:00,True,0.0,100.0,extracted,,94783.96304246857,100.0,
"LC09_135045_20241130,LC09_135046_20241130",L9,2024-11-30 04:13:07+00:00,True,0.0,55.76429558465487,extracted,,54785.39487395995,59.5493422543043,
"LC09_136045_20241207,LC09_136046_20241207",L9,2024-12-07 04:19:10+00:00,True,0.1432754774941358,95.89557149437388,extracted,,86106.70293144905,93.59424231679243,
"20241208T042151_20241208T043104_T46QCJ,20241208T042151_20241208T043104_T46QDH,20241208T042151_20241208T043104_T46QDJ",S2,2024-12-08 04:32:39+00:00,True,0.0,100.0,extracted,,94789.71718787409,100.0,
"20241213T042109_20241213T042959_T46QCJ,20241213T042109_20241213T042959_T46QDH,20241213T042109_20241213T042959_T46QDJ",S2,2024-12-13 04:32:40+00:00,True,12.922006952999816,100.0,extracted,,121661.04220589218,100.0,
"LC08_136045_20241215,LC08_136046_20241215",L8,2024-12-15 04:19:02+00:00,True,0.0,97.3201947752846,extracted,,88600.94054332064,96.30537015578331,
"LC09_135045_20241216,LC09_135046_20241216",L9,2024-12-16 04:13:00+00:00,True,0.0,50.24017898269395,extracted,,50272.938291131024,54.64449814253372,
"20241218T042201_20241218T042613_T46QCJ,20241218T042201_20241218T042613_T46QDH,20241218T042201_20241218T042613_T46QDJ",S2,2024-12-18 04:32:37+00:00,True,15.214608874427526,100.0,extracted,,74645.60740049956,81.1365297831517,
"LC09_136045_20241223,LC09_136046_20241223",L9,2024-12-23 04:19:13+00:00,True,0.0,95.1223925774824,extracted,,87445.78009307676,95.0497609707356,
"20241223T042109_20241223T043013_T46QCJ,20241223T042109_20241223T043013_T46QDH,20241223T042109_20241223T043013_T46QDJ",S2,2024-12-23 04:32:40+00:00,True,0.001645196104795,100.0,extracted,,93989.24471941486,100.0,
"20241228T042201_20241228T042612_T46QCJ,20241228T042201_20241228T042612_T46QDH,20241228T042201_20241228T042612_T46QDJ",S2,2024-12-28 04:32:39+00:00,True,0.0016444991407008,100.0,extracted,,92903.74443559922,100.0,
"LC08_136045_20241231,LC08_136046_20241231",L8,2024-12-31 04:19:05+00:00,True,0.0,95.5978153582944,extracted,,87169.21936967268,94.74915148877464,
"20250107T042141_20250107T043034_T46QCJ,20250107T042141_20250107T043034_T46QDH,20250107T042141_20250107T043034_T46QDJ",S2,2025-01-07 04:32:35+00:00,True,0.0032889770707351,100.0,extracted,,94445.54301449224,100.0,
"LC09_136045_20250108,LC09_136046_20250108",L9,2025-01-08 04:19:09+00:00,True,0.0,97.21326577614002,no_shoreline,extraction returned null geometry,,,
"LC08_135045_20250109,LC08_135046_20250109",L8,2025-01-09 04:12:56+00:00,True,0.0097832867700037,51.5693886951372,extracted,,51904.72775890099,56.41818234663151,
"20250112T042039_20250112T042516_T46QCJ,20250112T042039_20250112T042516_T46QDH,20250112T042039_20250112T042516_T46QDJ",S2,2025-01-12 04:32:38+00:00,True,0.0,100.0,extracted,,93875.72983171807,100.0,
"LC08_136045_20250116,LC08_136046_20250116",L8,2025-01-16 04:19:07+00:00,True,0.0,93.83595446469698,extracted,,84551.77092090007,91.9040988270653,
"LC09_135045_20250117,LC09_135046_20250117",L9,2025-01-17 04:13:03+00:00,True,0.0,52.24879910508653,extracted,,52532.13308900831,57.10014466196556,
"20250117T042121_20250117T043109_T46QCJ,20250117T042121_20250117T043109_T46QDH,20250117T042121_20250117T043109_T46QDJ",S2,2025-01-17 04:32:37+00:00,True,0.0,100.0,extracted,,91964.72031365352,99.96165251484078,
"20250122T042009_20250122T042524_T46QCJ,20250122T042009_20250122T042524_T46QDH,20250122T042009_20250122T042524_T46QDJ",S2,2025-01-22 04:32:39+00:00,True,0.0,100.0,extracted,,94705.71655986842,100.0,
"LC09_136045_20250124,LC09_136046_20250124",L9,2025-01-24 04:19:13+00:00,True,9.03103560275798,94.8048957030993,extracted,,65652.9441912167,71.36189586001815,
"20250127T042101_20250127T042321_T46QCJ,20250127T042101_20250127T042321_T46QDH,20250127T042101_20250127T042321_T46QDJ",S2,2025-01-27 04:33:06+00:00,True,0.0,100.0,extracted,,92848.25565500498,100.0,
"LC08_136045_20250201,LC08_136046_20250201",L8,2025-02-01 04:19:06+00:00,True,3.215722951096052,92.80779101138384,extracted,,71673.894282196,77.9064068284739,
"20250201T041919_20250201T043048_T46QCJ,20250201T041919_20250201T043048_T46QDH,20250201T041919_20250201T043048_T46QDJ",S2,2025-02-01 04:32:41+00:00,True,0.0,100.0,extracted,,76277.37611487847,82.91019142921573,
"20250206T042011_20250206T042424_T46QCJ,20250206T042011_20250206T042424_T46QDH,20250206T042011_20250206T042424_T46QDJ",S2,2025-02-06 04:33:05+00:00,True,0.0,100.0,extracted,,94712.52078608032,100.0,
"LC09_136045_20250209,LC09_136046_20250209",L9,2025-02-09 04:19:10+00:00,True,0.0,95.1322629466342,extracted,,86102.5803661337,93.58976126753663,
"LC08_135045_20250210,LC08_135046_20250210",L8,2025-02-10 04:12:53+00:00,True,0.0031752451413768,52.959465684016585,extracted,,52764.247174805474,57.3524425813103,
"20250211T041819_20250211T042857_T46QCJ,20250211T041819_20250211T042857_T46QDH,20250211T041819_20250211T042857_T46QDJ",S2,2025-02-11 04:32:42+00:00,True,0.0,100.0,extracted,,93896.50754975264,100.0,
"20250216T041901_20250216T042320_T46QCJ,20250216T041901_20250216T042320_T46QDH,20250216T041901_20250216T042320_T46QDJ",S2,2025-02-16 04:33:02+00:00,True,0.0,100.0,extracted,,91332.9359587294,99.27493038992327,
"LC08_136045_20250217,LC08_136046_20250217",L8,2025-02-17 04:19:01+00:00,True,0.0,93.34901625320788,extracted,,83300.56172513589,90.54408883166946,
"LC09_135045_20250218,LC09_135046_20250218",L9,2025-02-18 04:13:02+00:00,True,0.0,54.49759821017306,extracted,,53890.21820380472,58.57632413457034,
"20250221T041719_20250221T043158_T46QCJ,20250221T041719_20250221T043158_T46QDH,20250221T041719_20250221T043158_T46QDJ",S2,2025-02-21 04:32:43+00:00,True,0.0,100.0,extracted,,94409.46157825562,100.0,
"LC09_136045_20250225,LC09_136046_20250225",L9,2025-02-25 04:19:08+00:00,True,0.0017705273026072,94.6206488122656,extracted,,84938.32974584296,92.32427146287279,
"20250226T041801_20250226T042150_T46QCJ,20250226T041801_20250226T042150_T46QDH,20250226T041801_20250226T042150_T46QDJ",S2,2025-02-26 04:33:02+00:00,True,0.0,100.0,extracted,,92628.94933112238,100.0,
"LC08_136045_20250305,LC08_136046_20250305",L8,2025-03-05 04:18:54+00:00,True,0.2744816862834193,94.56142659735474,extracted,,85338.12491045507,92.75883142440767,
"LC09_135045_20250306,LC09_135046_20250306",L9,2025-03-06 04:12:56+00:00,True,0.1148509396195582,52.71106139369613,extracted,,51625.23564656514,56.11438657235341,
"20250308T041641_20250308T043215_T46QCJ,20250308T041641_20250308T043215_T46QDH,20250308T041641_20250308T043215_T46QDJ",S2,2025-03-08 04:33:02+00:00,True,0.0,100.0,extracted,,94637.21382727788,100.0,
"LC09_136045_20250313,LC09_136046_20250313",L9,2025-03-13 04:19:04+00:00,True,1.8990352503656176,94.32618279923668,extracted,,83940.2069988216,91.23935543350173,
"20250313T041549_20250313T042533_T46QCJ,20250313T041549_20250313T042533_T46QDH,20250313T041549_20250313T042533_T46QDJ",S2,2025-03-13 04:32:40+00:00,True,1.36760916099769,100.0,extracted,,91511.22052368075,99.46871796052255,
"LC08_135045_20250314,LC08_135046_20250314",L8,2025-03-14 04:12:39+00:00,True,0.0231148751019774,50.9311048233204,extracted,,50928.12816882777,55.356661053073665,
"LC08_136045_20250321,LC08_136046_20250321",L8,2025-03-21 04:18:43+00:00,True,14.457139859076426,96.18674738435216,no_shoreline,extraction returned null geometry,,,
"20250323T041549_20250323T042936_T46QCJ,20250323T041549_20250323T042936_T46QDH,20250323T041549_20250323T042936_T46QDJ",S2,2025-03-23 04:32:41+00:00,True,25.70867182448166,100.0,extracted,,77440.05108364245,84.17396856917658,
"20250328T041611_20250328T043216_T46QCJ,20250328T041611_20250328T043216_T46QDH,20250328T041611_20250328T043216_T46QDJ",S2,2025-03-28 04:33:00+00:00,True,2.4058720752624847,100.0,extracted,,84778.45460378118,92.15049413454476,
"LC09_136045_20250329,LC09_136046_20250329",L9,2025-03-29 04:18:53+00:00,True,2.1071726794219336,96.42363624399552,extracted,,88417.4245045973,96.10589620064924,
"LC08_135045_20250330,LC08_135046_20250330",L8,2025-03-30 04:12:31+00:00,True,6.718098213812353,50.63170362571561,extracted,,50533.974034891355,54.92823264662103,
"20250402T041549_20250402T042950_T46QCJ,20250402T041549_20250402T042950_T46QDH,20250402T041549_20250402T042950_T46QDJ",S2,2025-04-02 04:32:38+00:00,True,0.2179863291965026,100.0,extracted,,90893.44004680123,98.79721744217525,
"20250412T041549_20250412T043139_T46QCJ,20250412T041549_20250412T043139_T46QDH,20250412T041549_20250412T043139_T46QDJ",S2,2025-04-12 04:32:41+00:00,True,1.025036183267159,100.0,extracted,,89144.88998493241,96.89661954883958,
LC09_136045_20250414,L9,2025-04-14 04:18:54+00:00,True,20.732423656812728,92.55609659801276,no_shoreline,extraction returned null geometry,,,
"LC08_136045_20250422,LC08_136046_20250422",L8,2025-04-22 04:18:27+00:00,True,14.944751859800268,95.57313943541487,extracted,,85140.20037393887,92.54369605862921,
"20250422T041549_20250422T042442_T46QCJ,20250422T041549_20250422T043231_T46QCJ,20250422T041549_20250422T043231_T46QDH,20250422T041549_20250422T043231_T46QDJ",S2,2025-04-22 04:32:36+00:00,True,14.5821130099377,100.0,extracted,,84563.22188711863,91.91654552947678,
"LC09_135045_20250423,LC09_135046_20250423",L9,2025-04-23 04:12:36+00:00,True,6.995363430216568,52.90682371520696,no_shoreline,extraction returned null geometry,,,
"20250427T041611_20250427T042944_T46QCJ,20250427T041611_20250427T042944_T46QDH,20250427T041611_20250427T042944_T46QDJ",S2,2025-04-27 04:33:00+00:00,True,4.767059597096099,100.0,extracted,,80330.86865499249,87.31616158151357,
"20250507T041611_20250507T042928_T46QCJ,20250507T041611_20250507T042928_T46QDH,20250507T041611_20250507T042928_T46QDJ",S2,2025-05-07 04:32:58+00:00,True,0.1705738834165876,100.0,extracted,,92134.90989183645,100.0,
LC08_136045_20250508,L8,2025-05-08 04:18:24+00:00,True,18.792364896671675,92.37020464565376,no_shoreline,extraction returned null geometry,,,
"LC09_135045_20250509,LC09_135046_20250509",L9,2025-05-09 04:12:30+00:00,True,11.425092858069789,53.869184707508055,extracted,,47049.41594569321,51.14066950618827,
"20250509T042221_20250509T042217_T46QCJ,20250509T042221_20250509T042217_T46QDH,20250509T042221_20250509T042217_T46QDJ",S2,2025-05-09 04:32:50+00:00,True,1.798496406625035,100.0,extracted,,91335.05889527808,99.2772379296501,
"LC09_135045_20250525,LC09_135046_20250525",L9,2025-05-25 04:12:20+00:00,True,19.3774729210726,53.189774297558735,extracted,,41001.33864712092,44.56667244252274,
"20250906T042221_20250906T042218_T46QCJ,20250906T042221_20250906T042218_T46QDH,20250906T042221_20250906T042218_T46QDJ",S2,2025-09-06 04:32:52+00:00,True,29.27923602504936,100.0,extracted,,61225.93254902416,66.5499266837219,
"LC08_136045_20250929,LC08_136046_20250929",L8,2025-09-29 04:19:15+00:00,True,22.41928437499829,95.22767651510166,extracted,,47010.80875980853,51.09870517370493,
"20250929T041549_20250929T043049_T46QCJ,20250929T041549_20250929T043049_T46QDH,20250929T041549_20250929T043049_T46QDJ",S2,2025-09-29 04:32:39+00:00,True,25.495946751974813,100.0,extracted,,41034.57297687926,44.6027967139992,
LC09_136045_20251007,L9,2025-10-07 04:19:21+00:00,True,16.014414140749192,95.51720734355465,extracted,,67119.78883503156,72.95629221199083,
"20251014T041741_20251014T042131_T46QCJ,20251014T041741_20251014T042131_T46QDH,20251014T041741_20251014T042131_T46QDJ",S2,2025-10-14 04:32:50+00:00,True,5.179621923392297,100.0,extracted,,91446.76571276817,99.39865838344367,
"LC08_136045_20251015,LC08_136046_20251015",L8,2025-10-15 04:19:18+00:00,True,0.298162924259039,94.4923340132921,extracted,,85409.0174326743,92.83588851377641,
"20251019T041709_20251019T043149_T46QCJ,20251019T041709_20251019T043149_T46QDH,20251019T041709_20251019T043149_T46QDJ",S2,2025-10-19 04:32:38+00:00,True,12.65780246045276,100.0,extracted,,74153.00365192072,80.6010909260008,
"LC09_136045_20251023,LC09_136046_20251023",L9,2025-10-23 04:19:23+00:00,True,15.23151969022096,95.62413634269922,no_shoreline,extraction returned null geometry,,,
"20251024T041851_20251024T043011_T46QCJ,20251024T041851_20251024T043011_T46QDH,20251024T041851_20251024T043011_T46QDJ",S2,2025-10-24 04:32:51+00:00,True,23.21699008479625,100.0,extracted,,56424.86772039703,61.3313779569533,
"20251026T042221_20251026T042221_T46QCJ,20251026T042221_20251026T042221_T46QDH,20251026T042221_20251026T042221_T46QDJ",S2,2025-10-26 04:32:54+00:00,True,20.84618066765776,100.0,extracted,,61365.723212298086,66.70187305684576,
"20251029T041809_20251029T042536_T46QCJ,20251029T041809_20251029T042536_T46QDH,20251029T041809_20251029T042536_T46QDJ",S2,2025-10-29 04:32:37+00:00,True,0.0016444741123338,100.0,extracted,,93328.59156660676,100.0,
"LC08_136045_20251031,LC08_136046_20251031",L8,2025-10-31 04:19:19+00:00,True,3.493427611224157,94.46272290583669,extracted,,82726.9214704971,89.92056681575771,
"LC09_136045_20251108,LC09_136046_20251108",L9,2025-11-08 04:19:24+00:00,False,0.5082441240403953,95.448114759492,extracted,,86107.73452274018,93.59536361167412,
"20251108T041859_20251108T042654_T46QCJ,20251108T041859_20251108T042654_T46QDH,20251108T041859_20251108T042654_T46QDJ",S2,2025-11-08 04:32:34+00:00,False,0.7091233987569957,100.0,extracted,,87963.69986374308,95.612717243199,
"20251113T042111_20251113T042528_T46QCJ,20251113T042111_20251113T042528_T46QDH,20251113T042111_20251113T042528_T46QDJ",S2,2025-11-13 04:32:48+00:00,False,0.0,100.0,extracted,,92996.3589691645,100.0,
"20251115T042221_20251115T042220_T46QCJ,20251115T042221_20251115T042220_T46QDH,20251115T042221_20251115T042220_T46QDJ",S2,2025-11-15 04:32:53+00:00,False,0.0,100.0,extracted,,92870.16758483014,100.0,
"LC08_136045_20251116,LC08_136046_20251116",L8,2025-11-16 04:19:19+00:00,False,0.0,95.10923208528,extracted,,87093.38879331836,94.66672694925909,
"20251118T041949_20251118T042929_T46QCJ,20251118T041949_20251118T042929_T46QDH,20251118T041949_20251118T042929_T46QDJ",S2,2025-11-18 04:32:34+00:00,False,0.0,100.0,extracted,,92979.17176331408,100.0,
"20251123T042121_20251123T042533_T46QCJ,20251123T042121_20251123T042533_T46QDH,20251123T042121_20251123T042533_T46QDJ",S2,2025-11-23 04:32:48+00:00,False,0.0444008583005131,100.0,extracted,,90817.17062638351,98.71431589824293,
"LC09_136045_20251124,LC09_136046_20251124",L9,2025-11-24 04:19:22+00:00,False,0.0,96.8612226097256,extracted,,88796.54253846053,96.51798102006579,
"LC08_135045_20251125,LC08_135046_20251125",L8,2025-11-25 04:13:09+00:00,False,0.0,51.465749819043225,extracted,,51193.8021505876,55.64543712020391,
"20251128T042029_20251128T042729_T46QCJ,20251128T042029_20251128T042729_T46QDH,20251128T042029_20251128T042729_T46QDJ",S2,2025-11-28 04:32:31+00:00,False,0.0,100.0,extracted,,94561.32989658625,100.0,
"LC09_135045_20251203,LC09_135046_20251203",L9,2025-12-03 04:13:13+00:00,False,0.1655123848537382,50.20234256761202,extracted,,50144.14234320281,54.50450254695958,
"20251203T042151_20251203T042603_T46QCJ,20251203T042151_20251203T042603_T46QDH,20251203T042151_20251203T042603_T46QDJ",S2,2025-12-03 04:32:46+00:00,False,10.719933354300904,100.0,extracted,,95057.96125962268,100.0,
"20251205T042221_20251205T042221_T46QCJ,20251205T042221_20251205T042221_T46QDH,20251205T042221_20251205T042221_T46QDJ",S2,2025-12-05 04:32:54+00:00,False,0.0,100.0,extracted,,93276.98215816346,100.0,
"20251208T042059_20251208T043045_T46QCJ,20251208T042059_20251208T043045_T46QDH,20251208T042059_20251208T043045_T46QDJ",S2,2025-12-08 04:32:35+00:00,False,1.2162628407734444,100.0,extracted,,93524.17087999264,100.0,
"LC09_136045_20251210,LC09_136046_20251210",L9,2025-12-10 04:19:20+00:00,False,0.0,97.3465157596894,extracted,,91289.25965678976,99.22745614868451,
"LC08_135045_20251211,LC08_135046_20251211",L8,2025-12-11 04:13:08+00:00,False,0.0,51.8885306310456,extracted,,51279.09977128061,55.73815192530502,
"20251213T042201_20251213T042619_T46QCJ,20251213T042201_20251213T042619_T46QDH,20251213T042201_20251213T042619_T46QDJ",S2,2025-12-13 04:32:47+00:00,False,0.0016445076250659,100.0,extracted,,94247.15989697557,100.0,
"LC08_136045_20251218,LC08_136046_20251218",L8,2025-12-18 04:19:17+00:00,False,0.0,94.8065407646246,extracted,,86291.31450788274,93.7949070737856,
"20251218T042109_20251218T043058_T46QCJ,20251218T042109_20251218T043058_T46QDH,20251218T042109_20251218T043058_T46QDJ",S2,2025-12-18 04:32:36+00:00,False,0.0,100.0,extracted,,92891.81555600921,100.0,
"LC09_135045_20251219,LC09_135046_20251219",L9,2025-12-19 04:13:15+00:00,False,0.0,51.69770349411069,extracted,,50923.69896514255,55.3518467012419,
"20251223T042211_20251223T042622_T46QCJ,20251223T042211_20251223T042622_T46QDH,20251223T042211_20251223T042622_T46QDJ",S2,2025-12-23 04:32:46+00:00,False,1.3341586228773936,100.0,extracted,,93277.96132563987,100.0,
"20251225T042231_20251225T042225_T46QCJ,20251225T042231_20251225T042225_T46QDH,20251225T042231_20251225T042225_T46QDJ",S2,2025-12-25 04:32:58+00:00,False,2.875688655779128,100.0,extracted,,93608.2080456969,100.0,
"LC08_135045_20251227,LC08_135046_20251227",L8,2025-12-27 04:13:06+00:00,False,1.8339362968047328,52.054681845101,extracted,,51625.812375614136,56.1150134517545,
"20260102T042201_20260102T042617_T46QCJ,20260102T042201_20260102T042617_T46QDH,20260102T042201_20260102T042617_T46QDJ",S2,2026-01-02 04:32:45+00:00,False,0.0016445021102186,100.0,extracted,,92426.36764238437,100.0,
"LC08_136045_20260103,LC08_136046_20260103",L8,2026-01-03 04:19:12+00:00,False,5.332183213913623,95.62742646574982,extracted,,69758.43305758589,75.82438375824553,
"LC09_135045_20260104,LC09_135046_20260104",L9,2026-01-04 04:13:13+00:00,False,0.5565216990301962,51.482200434296246,extracted,,49841.106864543755,54.175116157112775,
"20260107T042049_20260107T042546_T46QCJ,20260107T042049_20260107T042546_T46QDH,20260107T042049_20260107T042546_T46QDJ",S2,2026-01-07 04:32:36+00:00,False,0.0049334223370014,100.0,extracted,,93469.82077872464,100.0,
"20260112T042141_20260112T042553_T46QCJ,20260112T042141_20260112T042553_T46QDH,20260112T042141_20260112T042553_T46QDJ",S2,2026-01-12 04:32:41+00:00,False,1.6235080938406097,100.0,extracted,,94024.21973471531,100.0,
"20260117T042019_20260117T042556_T46QCJ,20260117T042019_20260117T042556_T46QDH,20260117T042019_20260117T042556_T46QDJ",S2,2026-01-17 04:32:35+00:00,False,0.0,100.0,extracted,,94082.96323783835,100.0,
"LC08_136045_20260119,LC08_136046_20260119",L8,2026-01-19 04:19:10+00:00,False,0.0,94.94308087122458,extracted,,86311.15248301592,93.81647009023469,
"LC09_135045_20260120,LC09_135046_20260120",L9,2026-01-20 04:13:11+00:00,False,0.0,52.25702441271304,extracted,,51956.56895999908,56.47453147825988,
"20260122T042101_20260122T042516_T46QCJ,20260122T042101_20260122T042516_T46QDH,20260122T042101_20260122T042516_T46QDJ",S2,2026-01-22 04:32:38+00:00,False,0.0,100.0,extracted,,92616.20337344121,100.0,
"LC09_136045_20260127,LC09_136046_20260127",L9,2026-01-27 04:19:18+00:00,False,0.0,95.67348818845824,extracted,,87791.25716962312,95.42527953219904,
"20260127T041939_20260127T043040_T46QCJ,20260127T041939_20260127T043040_T46QDH,20260127T041939_20260127T043040_T46QDJ",S2,2026-01-27 04:32:34+00:00,False,0.0,100.0,extracted,,94815.63477269476,100.0,
"20260201T042011_20260201T042426_T46QCJ,20260201T042011_20260201T042426_T46QDH,20260201T042011_20260201T042426_T46QDJ",S2,2026-02-01 04:32:37+00:00,False,0.0,100.0,extracted,,91649.8769604829,99.61943147878576,
"LC09_135045_20260205,LC09_135046_20260205",L9,2026-02-05 04:13:06+00:00,False,0.0,51.23873132855169,extracted,,50686.73776100225,55.094280175002446,
"20260206T041839_20260206T043141_T46QCJ,20260206T041839_20260206T043141_T46QDH,20260206T041839_20260206T043141_T46QDJ",S2,2026-02-06 04:32:33+00:00,False,0.0,100.0,extracted,,93060.97990948716,100.0,
"20260211T041911_20260211T042330_T46QCJ,20260211T041911_20260211T042330_T46QDH,20260211T041911_20260211T042330_T46QDJ",S2,2026-02-11 04:32:40+00:00,False,0.0,100.0,extracted,,94422.43983212287,100.0,
"LC09_136045_20260212,LC09_136046_20260212",L9,2026-02-12 04:19:15+00:00,False,0.0,95.33460551424623,extracted,,86841.62489537409,94.39307053845009,
"LC08_135045_20260213,LC08_135046_20260213",L8,2026-02-13 04:12:52+00:00,False,0.0,50.64157399486741,extracted,,50581.936714178875,54.98036599367269,
"20260216T041739_20260216T042840_T46QCJ,20260216T041739_20260216T042840_T46QDH,20260216T041739_20260216T042840_T46QDJ",S2,2026-02-16 04:32:34+00:00,False,0.0,100.0,extracted,,92079.67795814144,100.0,
"LC08_136045_20260220,LC08_136046_20260220",L8,2026-02-20 04:19:03+00:00,False,3.996634026240385,93.5776798052247,extracted,,76995.50992739384,83.6907716602107,
"LC09_135045_20260221,LC09_135046_20260221",L9,2026-02-21 04:12:59+00:00,False,1.075131677279201,50.06086727643614,no_shoreline,extraction returned null geometry,,,
"20260221T041811_20260221T042226_T46QCJ,20260221T041811_20260221T042226_T46QDH,20260221T041811_20260221T042226_T46QDJ",S2,2026-02-21 04:32:40+00:00,False,1.6071623305923888,100.0,extracted,,101767.14812130581,100.0,
"20260226T041629_20260226T043221_T46QCJ,20260226T041629_20260226T043221_T46QDH,20260226T041629_20260226T043221_T46QDJ",S2,2026-02-26 04:32:36+00:00,False,0.1529360924470463,100.0,extracted,,94200.17834308735,100.0,
"LC09_136045_20260228,LC09_136046_20260228",L9,2026-02-28 04:19:10+00:00,False,6.1280317224958125,94.7835099032704,no_shoreline,extraction returned null geometry,,,
"LC08_135045_20260301,LC08_135046_20260301",L8,2026-03-01 04:12:50+00:00,False,0.6293908490026988,53.684937816674335,extracted,,52884.88475756276,57.48357038865517,
"20260303T041701_20260303T042032_T46QCJ,20260303T041701_20260303T042032_T46QDH,20260303T041701_20260303T042032_T46QDJ",S2,2026-03-03 04:32:39+00:00,False,9.571896956349269,100.0,extracted,,90755.08697871659,98.64683367251803,
"LC08_136045_20260308,LC08_136046_20260308",L8,2026-03-08 04:18:55+00:00,False,1.2747319426851569,93.49378166743436,extracted,,83587.60379745316,90.85609108418822,
"20260308T041549_20260308T043123_T46QCJ,20260308T041549_20260308T043123_T46QDH,20260308T041549_20260308T043123_T46QDJ",S2,2026-03-08 04:32:37+00:00,False,1.1048157489286567,100.0,extracted,,92721.571327996,100.0,
"LC09_135045_20260309,LC09_135046_20260309",L9,2026-03-09 04:12:56+00:00,False,3.976425124944684,51.92965716917812,extracted,,51300.90959992947,55.761858260792906,
"20260313T041551_20260313T043044_T46QCJ,20260313T041551_20260313T043044_T46QDH,20260313T041551_20260313T043044_T46QDJ",S2,2026-03-13 04:32:40+00:00,False,10.97019055198886,100.0,extracted,,103885.57347148319,100.0,
"LC09_136045_20260316,LC09_136046_20260316",L9,2026-03-16 04:19:00+00:00,False,24.242627983672147,96.46640784365336,extracted,,85309.80059051151,92.7280441201212,
"20260318T041549_20260318T043132_T46QCJ,20260318T041549_20260318T043132_T46QDH,20260318T041549_20260318T043132_T46QDJ",S2,2026-03-18 04:32:34+00:00,False,16.50645374651618,100.0,extracted,,92107.80417182732,100.0,
"20260323T041551_20260323T042835_T46QCJ,20260323T041551_20260323T042835_T46QDH,20260323T041551_20260323T042835_T46QDJ",S2,2026-03-23 04:32:41+00:00,False,0.7410709731165881,100.0,extracted,,91499.93050477165,99.45644620083876,
"LC08_136045_20260324,LC08_136046_20260324",L8,2026-03-24 04:18:46+00:00,False,0.0071578575662133,93.61222609725604,extracted,,84361.0340789325,91.69677617275272,
"LC09_135045_20260325,LC09_135046_20260325",L9,2026-03-25 04:12:47+00:00,False,0.1388595008055169,51.08574060669869,extracted,,50772.59141303348,55.18759936199291,
LC09_136045_20260401,L9,2026-04-01 04:18:56+00:00,False,11.40080852337232,94.42488649075476,extracted,,89217.6413852527,96.97569715788337,
"LC08_135045_20260402,LC08_135046_20260402",L8,2026-04-02 04:12:27+00:00,False,0.2104150762480471,50.514904257419225,extracted,,50303.85417365961,54.678102362673485,
"20260402T041551_20260402T043003_T46QCJ,20260402T041551_20260402T043003_T46QDH,20260402T041551_20260402T043003_T46QDJ",S2,2026-04-02 04:32:39+00:00,False,10.713869525315085,100.0,extracted,,91974.42405478172,99.97220005954534,
"LC08_136045_20260409,LC08_136046_20260409",L8,2026-04-09 04:18:37+00:00,False,0.1274490203918432,93.31776008422716,extracted,,82438.25851598893,89.60680273477057,
"20260414T042231_20260414T042225_T46QCJ,20260414T042231_20260414T042225_T46QDH,20260414T042231_20260414T042225_T46QDJ",S2,2026-04-14 04:32:58+00:00,False,21.89615345897071,100.0,extracted,,79628.4834857179,86.55269944099771,
"LC08_135045_20260418,LC08_135046_20260418",L8,2026-04-18 04:12:24+00:00,False,0.0646655466761789,55.0207277752188,extracted,,53877.2587069103,58.5622377249025,
"20260422T041551_20260422T043130_T46QCJ,20260422T041551_20260422T043130_T46QDH,20260422T041551_20260422T043130_T46QDJ",S2,2026-04-22 04:32:38+00:00,False,6.286663308500049,100.0,extracted,,90978.50289944062,98.88967706460937,
"LC09_135045_20260426,LC09_135046_20260426",L9,2026-04-26 04:12:35+00:00,False,4.16871859424566,55.629400539580175,extracted,,54137.791942347336,58.84542602429058,
