{
"type": "FeatureCollection",
"name": "training_polygons",
"crs": { "type": "name", "properties": { "name": "urn:ogc:def:crs:OGC:1.3:CRS84" } },
"features": [
{"type":"Feature","properties":{"class":"water"},"geometry":{"type":"Polygon","coordinates":[[[91.940946945513588,21.464572368298079],[91.941882807569314,21.464655316313987],[91.942165051681371,21.463618462721548],[91.940709266261322,21.463341967184263],[91.940946945513588,21.464572368298079]]]}},
{"type":"Feature","properties":{"class":"water"},"geometry":{"type":"Polygon","coordinates":[[[91.949800497659993,21.462070080955822],[91.950023321958952,21.462070080955826],[91.949949047192618,21.46173828272283],[91.949755932800187,21.461807407416988],[91.949800497659993,21.462070080955822]]]}},
{"type":"Feature","properties":{"class":"water"},"geometry":{"type":"Polygon","coordinates":[[[91.951805916350835,21.459498624892312],[91.951969320836795,21.459484799737112],[91.951954465883517,21.459401848778302],[91.951805916350835,21.459498624892312]]]}},
{"type":"Feature","properties":{"class":"water"},"geometry":{"type":"Polygon","coordinates":[[[91.944393294671258,21.458752064634304],[91.946517552988226,21.456332630116133],[91.944824088315954,21.454950078076784],[91.941541143644201,21.456318804660633],[91.944393294671258,21.458752064634304]]]}},
{"type":"Feature","properties":{"class":"water"},"geometry":{"type":"Polygon","coordinates":[[[91.952429824388005,21.456166724563705],[91.952533809060839,21.456152899092476],[91.952474389247811,21.456069946237591],[91.952429824388005,21.456166724563705]]]}},
{"type":"Feature","properties":{"class":"water"},"geometry":{"type":"Polygon","coordinates":[[[91.957495363451628,21.452820922293711],[91.957703332797351,21.452668838547986],[91.957569638217947,21.452558232087856],[91.957495363451628,21.452820922293711]]]}},
{"type":"Feature","properties":{"class":"water"},"geometry":{"type":"Polygon","coordinates":[[[91.948196162707234,21.451922243313756],[91.949547963454464,21.451438336953437],[91.949042895043391,21.450346085265611],[91.948196162707234,21.451922243313756]]]}},
{"type":"Feature","properties":{"class":"water"},"geometry":{"type":"Polygon","coordinates":[[[91.955660776723377,21.445147408143008],[91.956284684760519,21.444469907317089],[91.956091570368088,21.444511387049925],[91.955660776723377,21.445147408143008]]]}},
{"type":"Feature","properties":{"class":"water"},"geometry":{"type":"Polygon","coordinates":[[[91.952778915789821,21.443972149603038],[91.954754624574164,21.443018109236938],[91.953477098593297,21.442022582202679],[91.95236297709836,21.442160850252574],[91.952778915789821,21.443972149603038]]]}},
{"type":"Feature","properties":{"class":"water"},"geometry":{"type":"Polygon","coordinates":[[[91.969832402138891,21.437169290630326],[91.970322615596672,21.436643853368206],[91.970099791297685,21.436491752755021],[91.969743272419308,21.436906572235774],[91.969832402138891,21.437169290630326]]]}},
{"type":"Feature","properties":{"class":"water"},"geometry":{"type":"Polygon","coordinates":[[[91.960221247375941,21.437846825359753],[91.962271230926618,21.435897176109613],[91.95986472849755,21.435523836047629],[91.958958576348337,21.43705867241659],[91.960221247375941,21.437846825359753]]]}},
{"type":"Feature","properties":{"class":"water"},"geometry":{"type":"Polygon","coordinates":[[[91.971065363259939,21.43437615506144],[91.971273332605648,21.433906018075756],[91.971050508306675,21.433988983536217],[91.971065363259939,21.43437615506144]]]}},
{"type":"Feature","properties":{"class":"water"},"geometry":{"type":"Polygon","coordinates":[[[91.972164629801611,21.432647702810158],[91.972357744194085,21.432426459444255],[91.972253759521209,21.432384976275827],[91.972164629801611,21.432647702810158]]]}},
{"type":"Feature","properties":{"class":"water"},"geometry":{"type":"Polygon","coordinates":[[[91.972669698212655,21.431168131423117],[91.973026217091032,21.43085009075536],[91.972847957651823,21.430863918624883],[91.972669698212655,21.431168131423117]]]}},
{"type":"Feature","properties":{"class":"water"},"geometry":{"type":"Polygon","coordinates":[[[91.963875565879292,21.431859521788457],[91.96626721335511,21.42966088907551],[91.964083535225015,21.428928004145572],[91.962523765132119,21.430877746493103],[91.963875565879292,21.431859521788457]]]}},
{"type":"Feature","properties":{"class":"water"},"geometry":{"type":"Polygon","coordinates":[[[91.968554876158038,21.42706120515534],[91.973650125128202,21.421999985594795],[91.969163929241958,21.42054796399475],[91.966178083635526,21.42522203910428],[91.968554876158038,21.42706120515534]]]}},
{"type":"Feature","properties":{"class":"water"},"geometry":{"type":"Polygon","coordinates":[[[91.998235072783103,21.395349634046806],[91.998561881754952,21.395349634046795],[91.998398477269021,21.395238984160809],[91.998249927736396,21.395280477877868],[91.998235072783103,21.395349634046806]]]}},
{"type":"Feature","properties":{"class":"water"},"geometry":{"type":"Polygon","coordinates":[[[91.992619900448631,21.40118629683322],[91.993481487738052,21.400162823048742],[91.993347793158676,21.400231976908536],[91.992619900448631,21.40118629683322]]]}},
{"type":"Feature","properties":{"class":"water"},"geometry":{"type":"Polygon","coordinates":[[[91.992114832037601,21.399886207282478],[91.994773868672155,21.395363465276663],[91.990525352038176,21.394962359079567],[91.990124268299994,21.399637252645363],[91.992114832037601,21.399886207282478]]]}},
{"type":"Feature","properties":{"class":"water"},"geometry":{"type":"Polygon","coordinates":[[[91.997700294465517,21.390978899892989],[92.001770551660357,21.386276065383512],[91.996497043250983,21.384560876352044],[91.994432204747071,21.39003834508625],[91.997700294465517,21.390978899892989]]]}},
{"type":"Feature","properties":{"class":"water"},"geometry":{"type":"Polygon","coordinates":[[[92.005142626051679,21.382264704722331],[92.007920502312373,21.379512017752578],[92.007578838387261,21.379525850479858],[92.005157481004943,21.382043385071071],[92.005142626051679,21.382264704722331]]]}},
{"type":"Feature","properties":{"class":"water"},"geometry":{"type":"Polygon","coordinates":[[[92.018838892962663,21.363741858539054],[92.019135992027955,21.363451339674786],[92.019106282121456,21.36328532863649],[92.018883457822469,21.363382168431691],[92.018838892962663,21.363741858539054]]]}},
{"type":"Feature","properties":{"class":"water"},"geometry":{"type":"Polygon","coordinates":[[[92.020710617074172,21.35943935358311],[92.021275105298272,21.358733786048067],[92.021037426046036,21.358719951356544],[92.020695762120909,21.359245668715765],[92.020710617074172,21.35943935358311]]]}},
{"type":"Feature","properties":{"class":"water"},"geometry":{"type":"Polygon","coordinates":[[[92.021067135952549,21.357696180559277],[92.021735608849497,21.357281136306284],[92.0213048152048,21.357239631816331],[92.021067135952549,21.357696180559277]]]}},
{"type":"Feature","properties":{"class":"water"},"geometry":{"type":"Polygon","coordinates":[[[92.022344661933403,21.355952986796364],[92.021720753896233,21.355648617504826],[92.022077272774624,21.355565607588321],[92.022418936699736,21.355676287466554],[92.022344661933403,21.355952986796364]]]}},
{"type":"Feature","properties":{"class":"water"},"geometry":{"type":"Polygon","coordinates":[[[92.029742428659716,21.343500999770555],[92.030158367351149,21.342366432822914],[92.029920688098883,21.342311087869202],[92.029742428659716,21.343500999770555]]]}},
{"type":"Feature","properties":{"class":"water"},"geometry":{"type":"Polygon","coordinates":[[[92.03078227538829,21.339682178507253],[92.031109084360168,21.339211737123915],[92.030930824920958,21.33915639097961],[92.03078227538829,21.339682178507253]]]}},
{"type":"Feature","properties":{"class":"water"},"geometry":{"type":"Polygon","coordinates":[[[92.01530341408538,21.34762410816575],[92.023830157259937,21.346683274850172],[92.022582341185597,21.335171413702572],[92.015897612215994,21.335697215515577],[92.01530341408538,21.34762410816575]]]}},
{"type":"Feature","properties":{"class":"water"},"geometry":{"type":"Polygon","coordinates":[[[92.037882943049382,21.311065528684171],[92.039398148282487,21.310013746687893],[92.039814086973919,21.308325344050026],[92.040705384169868,21.30746729592784],[92.04023002566538,21.307245863340768],[92.037882943049382,21.311065528684171]]]}},
{"type":"Feature","properties":{"class":"water"},"geometry":{"type":"Polygon","coordinates":[[[92.033485876882708,21.316711808535405],[92.033872105667612,21.316379680436228],[92.033604716508805,21.316324325679982],[92.033485876882708,21.316711808535405]]]}},
{"type":"Feature","properties":{"class":"water"},"geometry":{"type":"Polygon","coordinates":[[[92.035090211835396,21.315770776969885],[92.035268471274591,21.315438646742141],[92.035149631648466,21.315438646742162],[92.035090211835396,21.315770776969885]]]}},
{"type":"Feature","properties":{"class":"water"},"geometry":{"type":"Polygon","coordinates":[[[92.032535159873703,21.31452528474237],[92.036902516133836,21.312089624969587],[92.036694546788112,21.311868199350801],[92.033040228284747,21.313639594953528],[92.032535159873703,21.31452528474237]]]}},
{"type":"Feature","properties":{"class":"water"},"geometry":{"type":"Polygon","coordinates":[[[92.025583041745321,21.321610610728396],[92.029920688098926,21.321361523036121],[92.031495313145101,21.308325344050036],[92.025642461558391,21.308242307354032],[92.025583041745321,21.321610610728396]]]}},
{"type":"Feature","properties":{"class":"water"},"geometry":{"type":"Polygon","coordinates":[[[92.040705384169897,21.306498525895201],[92.041151032767871,21.306498525895201],[92.041715520991971,21.303398418860866],[92.041477841739692,21.303426098677374],[92.040705384169897,21.306498525895201]]]}},
{"type":"Feature","properties":{"class":"water"},"geometry":{"type":"Polygon","coordinates":[[[92.042577108281378,21.3030109008822],[92.047746632017848,21.299080303631648],[92.04727127351336,21.299024942356187],[92.042874207346699,21.302401941993679],[92.042577108281378,21.3030109008822]]]}},
{"type":"Feature","properties":{"class":"water"},"geometry":{"type":"Polygon","coordinates":[[[92.048311120241948,21.298056116659801],[92.050569073138348,21.295924677647609],[92.050301683979569,21.295758590192719],[92.048489379681158,21.297502499108738],[92.048311120241948,21.298056116659801]]]}},
{"type":"Feature","properties":{"class":"water"},"geometry":{"type":"Polygon","coordinates":[[[92.031851832023477,21.304173451752035],[92.036694546788112,21.30475472373746],[92.038803950151873,21.300187524761341],[92.03954669781514,21.2948174244036],[92.034288044359059,21.294928150103342],[92.031851832023477,21.304173451752035]]]}},
{"type":"Feature","properties":{"class":"water"},"geometry":{"type":"Polygon","coordinates":[[[92.051222691082046,21.293654799520937],[92.051519790147353,21.293544072862066],[92.052054568464939,21.291634024869005],[92.051222691082046,21.293654799520937]]]}},
{"type":"Feature","properties":{"class":"water"},"geometry":{"type":"Polygon","coordinates":[[[92.053213254819667,21.289945411049288],[92.054520490707063,21.289364080492717],[92.054312521361339,21.289253350602309],[92.05351035388496,21.289474810299751],[92.053213254819667,21.289945411049288]]]}},
{"type":"Feature","properties":{"class":"water"},"geometry":{"type":"Polygon","coordinates":[[[92.058679877621472,21.289142620628507],[92.059452335191295,21.289308715557919],[92.059511755004351,21.289004208044005],[92.059066106406362,21.28892116043075],[92.058679877621472,21.289142620628507]]]}},
{"type":"Feature","properties":{"class":"water"},"geometry":{"type":"Polygon","coordinates":[[[92.038239461927759,21.288727382484097],[92.042755367720545,21.288478239034593],[92.043230726225062,21.283052343662867],[92.038714820432247,21.283163078222458],[92.038239461927759,21.288727382484097]]]}},
{"type":"Feature","properties":{"class":"water"},"geometry":{"type":"Polygon","coordinates":[[[92.038893079871457,21.256833591177912],[92.045221289962683,21.25630750717654],[92.04438941257979,21.24476087466007],[92.036130058564012,21.243320943363816],[92.038893079871457,21.256833591177912]]]}},
{"type":"Feature","properties":{"class":"water"},"geometry":{"type":"Polygon","coordinates":[[[92.04590461781288,21.237284155209757],[92.046172006971673,21.23742261642364],[92.046142297065174,21.237145693865838],[92.04590461781288,21.237284155209757]]]}},
{"type":"Feature","properties":{"class":"water"},"geometry":{"type":"Polygon","coordinates":[[[92.04596403762595,21.235733380730423],[92.046172006971673,21.235484147596313],[92.045993747532506,21.235456454999849],[92.04596403762595,21.235733380730423]]]}},
{"type":"Feature","properties":{"class":"water"},"geometry":{"type":"Polygon","coordinates":[[[92.047657502298264,21.235013372749137],[92.047984311270113,21.235013372749133],[92.047806051830918,21.234902601978408],[92.047657502298264,21.235013372749137]]]}},
{"type":"Feature","properties":{"class":"water"},"geometry":{"type":"Polygon","coordinates":[[[92.049202417437897,21.226206836842049],[92.049529226409732,21.226234531175351],[92.049380676877078,21.226123753810899],[92.049202417437897,21.226206836842049]]]}},
{"type":"Feature","properties":{"class":"water"},"geometry":{"type":"Polygon","coordinates":[[[92.048251700428878,21.226345308456615],[92.048370540055018,21.226179142503536],[92.048281410335434,21.226151448159822],[92.048251700428878,21.226345308456615]]]}},
{"type":"Feature","properties":{"class":"water"},"geometry":{"type":"Polygon","coordinates":[[[92.03835830155387,21.232521010280752],[92.044359702673262,21.232244078517297],[92.044419122486332,21.220778647143216],[92.036545997255473,21.220363216235576],[92.03835830155387,21.232521010280752]]]}},
{"type":"Feature","properties":{"class":"water"},"geometry":{"type":"Polygon","coordinates":[[[92.039101049217138,21.201529120405539],[92.045577808841017,21.201307528509325],[92.04427057295365,21.190282912063427],[92.037437294451379,21.190089004413345],[92.039101049217138,21.201529120405539]]]}},
{"type":"Feature","properties":{"class":"water"},"geometry":{"type":"Polygon","coordinates":[[[92.043854634262232,21.174076895116798],[92.051549500053895,21.173495107638868],[92.051519790147353,21.167871044054547],[92.043468405477313,21.167843338778642],[92.043854634262232,21.174076895116798]]]}},
{"type":"Feature","properties":{"class":"water"},"geometry":{"type":"Polygon","coordinates":[[[92.051698049586562,21.160307311145768],[92.057729160612467,21.159670055919516],[92.06034363238723,21.151884237974389],[92.050598783044876,21.152355277741481],[92.051698049586562,21.160307311145768]]]}},
{"type":"Feature","properties":{"class":"water"},"geometry":{"type":"Polygon","coordinates":[[[92.083160840603483,21.137087285059199],[92.083398519855706,21.136727041187385],[92.083665909014513,21.136394507605399],[92.083992717986362,21.136061973277297],[92.083873878360237,21.136061973277293],[92.083606489201443,21.136311374093321],[92.083160840603483,21.137087285059199]]]}},
{"type":"Feature","properties":{"class":"water"},"geometry":{"type":"Polygon","coordinates":[[[92.084289817051683,21.135798716405063],[92.08459434359365,21.135590881701958],[92.084453221537629,21.135577026044704],[92.084289817051683,21.135798716405063]]]}},
{"type":"Feature","properties":{"class":"water"},"geometry":{"type":"Polygon","coordinates":[[[92.070868366776068,21.143432975830827],[92.074819784344754,21.143072747386185],[92.076958897615029,21.136727041187388],[92.071016916308722,21.13354023034092],[92.070868366776068,21.143432975830827]]]}},
{"type":"Feature","properties":{"class":"water"},"geometry":{"type":"Polygon","coordinates":[[[92.108035459847031,21.103913467605103],[92.109223856108315,21.103719446856282],[92.108362268818894,21.103386839268332],[92.108035459847031,21.103913467605103]]]}},
{"type":"Feature","properties":{"class":"water"},"geometry":{"type":"Polygon","coordinates":[[[92.11130354956552,21.103636295029151],[92.112076007135343,21.103220535194918],[92.11168977835041,21.103248252553435],[92.11130354956552,21.103636295029151]]]}},
{"type":"Feature","properties":{"class":"water"},"geometry":{"type":"Polygon","coordinates":[[[92.113115853863917,21.102416729547244],[92.11356150246192,21.101723790151198],[92.113353533116197,21.101723790151198],[92.112967304331264,21.102305859461215],[92.113115853863917,21.102416729547244]]]}},
{"type":"Feature","properties":{"class":"water"},"geometry":{"type":"Polygon","coordinates":[[[92.114898448255815,21.099478644294393],[92.115611486012568,21.099256899651699],[92.115611486012568,21.099090590952382],[92.115136127508094,21.09922918154809],[92.114898448255815,21.099478644294393]]]}},
{"type":"Feature","properties":{"class":"water"},"geometry":{"type":"Polygon","coordinates":[[[92.103371004521577,21.104162922481027],[92.108807917416868,21.099173745325341],[92.100043494990061,21.094212119577872],[92.096686275551974,21.102250424387151],[92.103371004521577,21.104162922481027]]]}},
{"type":"Feature","properties":{"class":"water"},"geometry":{"type":"Polygon","coordinates":[[[92.118760736104946,21.095182282900613],[92.119384644142102,21.094544747716689],[92.119087545076766,21.09451702873357],[92.118760736104946,21.095182282900613]]]}},
{"type":"Feature","properties":{"class":"water"},"geometry":{"type":"Polygon","coordinates":[[[92.123157802271621,21.090941236537386],[92.123781710308762,21.090885797221066],[92.123425191430371,21.090802638207808],[92.123157802271621,21.090941236537386]]]}},
{"type":"Feature","properties":{"class":"water"},"geometry":{"type":"Polygon","coordinates":[[[92.109818054238929,21.097954143188662],[92.116740462460811,21.090331402920071],[92.101558700223165,21.087919763637281],[92.101380440783998,21.094988250743036],[92.109818054238929,21.097954143188662]]]}},
{"type":"Feature","properties":{"class":"water"},"geometry":{"type":"Polygon","coordinates":[[[92.128223341335243,21.08824547582687],[92.128319898531458,21.088217755668314],[92.128371890867896,21.087531680096159],[92.128223341335243,21.08824547582687]]]}},
{"type":"Feature","properties":{"class":"water"},"geometry":{"type":"Polygon","coordinates":[[[92.12886210432562,21.085307110240425],[92.129010653858273,21.085265529178386],[92.129010653858273,21.084821997126035],[92.12886210432562,21.085307110240425]]]}},
{"type":"Feature","properties":{"class":"water"},"geometry":{"type":"Polygon","coordinates":[[[92.126158502831302,21.082368686550161],[92.126277342457399,21.082424129044362],[92.12801537198952,21.080442047030417],[92.126158502831302,21.082368686550161]]]}},
{"type":"Feature","properties":{"class":"water"},"geometry":{"type":"Polygon","coordinates":[[[92.139825059835758,21.065665693776726],[92.140122158901079,21.065748866853184],[92.143063439647719,21.062893231284459],[92.139825059835758,21.065665693776726]]]}},
{"type":"Feature","properties":{"class":"water"},"geometry":{"type":"Polygon","coordinates":[[[92.134328727127439,21.063891323734065],[92.140181578714149,21.063752700183169],[92.144192416095891,21.057514506709047],[92.137983045630804,21.056183658253584],[92.135012054977679,21.056544097552091],[92.134328727127439,21.063891323734065]]]}},
{"type":"Feature","properties":{"class":"water"},"geometry":{"type":"Polygon","coordinates":[[[92.141072875910098,21.055240966730338],[92.147222826562128,21.055157787779837],[92.152303220579,21.05077696402817],[92.155422760764822,21.047505125483511],[92.152035831420207,21.042375403382589],[92.14386560712407,21.043540004445351],[92.141072875910098,21.055240966730338]]]}},
{"type":"Feature","properties":{"class":"water"},"geometry":{"type":"Polygon","coordinates":[[[92.165910357770443,21.037994203532275],[92.16689078468599,21.037911014946708],[92.166177746929236,21.037716908066397],[92.165910357770443,21.037994203532275]]]}},
{"type":"Feature","properties":{"class":"water"},"geometry":{"type":"Polygon","coordinates":[[[92.158453171231045,21.040794858802489],[92.165969777583513,21.033917908209997],[92.157948102819987,21.028454943009006],[92.15310538805538,21.031366700655255],[92.158453171231045,21.040794858802489]]]}},
{"type":"Feature","properties":{"class":"water"},"geometry":{"type":"Polygon","coordinates":[[[92.172743636272742,21.02656920294444],[92.177348671785111,21.022492595097681],[92.167187883751339,21.012591797694242],[92.163444435528362,21.022353933006443],[92.172743636272742,21.02656920294444]]]}},
{"type":"Feature","properties":{"class":"water"},"geometry":{"type":"Polygon","coordinates":[[[92.174793619823433,21.012647266177236],[92.183320362997961,21.012480860666386],[92.185429766361707,21.001747313127556],[92.17452623066464,21.000221810893915],[92.174793619823433,21.012647266177236]]]}},
{"type":"Feature","properties":{"class":"water"},"geometry":{"type":"Polygon","coordinates":[[[92.180349372344821,20.997642289827869],[92.187034101314424,20.99902913465122],[92.189648573089187,20.997281708063309],[92.190510160378622,20.988738439210643],[92.181953707297524,20.986214198056825],[92.180349372344821,20.997642289827869]]]}},
{"type":"Feature","properties":{"class":"water"},"geometry":{"type":"Polygon","coordinates":[[[92.182993554026126,20.978197369129479],[92.195382585049771,20.977725777561247],[92.198056476637589,20.967378129222002],[92.184538469165744,20.965574846440649],[92.182993554026126,20.978197369129479]]]}},
{"type":"Feature","properties":{"class":"water"},"geometry":{"type":"Polygon","coordinates":[[[92.200433269160143,20.967378129221999],[92.200730368225464,20.967378129222013],[92.201057177197285,20.966323905005869],[92.20084920785159,20.966323905005876],[92.200433269160143,20.967378129221999]]]}},
{"type":"Feature","properties":{"class":"water"},"geometry":{"type":"Polygon","coordinates":[[[92.201161161870175,20.96790523854262],[92.201324566356121,20.967932981086971],[92.201785069907345,20.96646261914319],[92.201161161870175,20.96790523854262]]]}},
{"type":"Feature","properties":{"class":"water"},"geometry":{"type":"Polygon","coordinates":[[[92.194580417573448,20.957723377194664],[92.201889054580221,20.958944127387809],[92.202394122991251,20.95827826488112],[92.203463679626353,20.954227537441394],[92.195026066171408,20.94901137071377],[92.194580417573448,20.957723377194664]]]}},
{"type":"Feature","properties":{"class":"water"},"geometry":{"type":"Polygon","coordinates":[[[92.201621665421413,20.946597444786534],[92.209078851960811,20.947235612897902],[92.210950576072321,20.943378816324437],[92.212138972333562,20.937163337944028],[92.202037604112832,20.931585836390923],[92.201621665421413,20.946597444786534]]]}},
{"type":"Feature","properties":{"class":"water"},"geometry":{"type":"Polygon","coordinates":[[[92.215882420556554,20.932973293995396],[92.215971550276137,20.933001043016397],[92.217070816817824,20.930614608421241],[92.216951977191698,20.930614608421237],[92.215882420556554,20.932973293995396]]]}},
{"type":"Feature","properties":{"class":"water"},"geometry":{"type":"Polygon","coordinates":[[[92.205573082990099,20.932584807161589],[92.214812863921424,20.933028792032253],[92.218021533826814,20.922289538976351],[92.206761479251369,20.918265589616436],[92.205573082990099,20.932584807161589]]]}},
{"type":"Feature","properties":{"class":"water"},"geometry":{"type":"Polygon","coordinates":[[[92.216446908780654,20.923843587051163],[92.218764281490095,20.92409334327435],[92.220873684853856,20.921290499561472],[92.221378753264872,20.919736425012879],[92.220012097564435,20.918598610215422],[92.216446908780654,20.923843587051163]]]}},
{"type":"Feature","properties":{"class":"water"},"geometry":{"type":"Polygon","coordinates":[[[92.208841172708574,20.917599546198939],[92.219031670648889,20.917544042447226],[92.221230203732233,20.909579041031186],[92.212079552520493,20.908829698566517],[92.208841172708574,20.917599546198939]]]}},
{"type":"Feature","properties":{"class":"water"},"geometry":{"type":"Polygon","coordinates":[[[92.233470685223224,20.901141783722739],[92.235015600362871,20.899892807286282],[92.23593660746532,20.898865863316626],[92.235075020175898,20.899226682269042],[92.233470685223224,20.901141783722739]]]}},
{"type":"Feature","properties":{"class":"water"},"geometry":{"type":"Polygon","coordinates":[[[92.218318632892135,20.905526996422441],[92.226726536440552,20.90497191329354],[92.229192458682689,20.897145022530456],[92.219120800368472,20.896895221421278],[92.218318632892135,20.905526996422441]]]}},
{"type":"Feature","properties":{"class":"water"},"geometry":{"type":"Polygon","coordinates":[[[92.227914932701836,20.886403199401808],[92.240006864660174,20.890816599609842],[92.244166251574612,20.886264411127737],[92.246394494564456,20.883988265129574],[92.241938008584725,20.880296393993344],[92.236352546156795,20.879297074921187],[92.227914932701836,20.886403199401808]]]}},
{"type":"Feature","properties":{"class":"water"},"geometry":{"type":"Polygon","coordinates":[[[92.249276355498012,20.880907085708806],[92.249900263535181,20.880268635220016],[92.249603164469875,20.88018535886923],[92.249276355498012,20.880907085708806]]]}},
{"type":"Feature","properties":{"class":"water"},"geometry":{"type":"Polygon","coordinates":[[[92.238699628772807,20.878575340345375],[92.24814737904984,20.879297074921197],[92.251177789516049,20.871579887089382],[92.239323536809962,20.870136340323494],[92.238699628772807,20.878575340345375]]]}},
{"type":"Feature","properties":{"class":"water"},"geometry":{"type":"Polygon","coordinates":[[[92.253732841477756,20.871524366316333],[92.257892228392151,20.864917247868156],[92.249632874376402,20.858754043656528],[92.245503197368507,20.860503086743691],[92.253732841477756,20.871524366316333]]]}},
{"type":"Feature","properties":{"class":"water"},"geometry":{"type":"Polygon","coordinates":[[[92.269233985210604,20.849557351477177],[92.269404817173154,20.849585115922423],[92.269887603154288,20.848779944929976],[92.2698207558646,20.848752180336138],[92.269233985210604,20.849557351477177]]]}},
{"type":"Feature","properties":{"class":"water"},"geometry":{"type":"Polygon","coordinates":[[[92.266136727454679,20.850223696748802],[92.267830192126979,20.850390282605535],[92.269389962219904,20.848106652084898],[92.267317696239317,20.847405591384369],[92.266136727454679,20.850223696748802]]]}},
{"type":"Feature","properties":{"class":"water"},"geometry":{"type":"Polygon","coordinates":[[[92.269063153248027,20.840630816720811],[92.272227258293611,20.84120002059003],[92.273712753620202,20.841311084508636],[92.274292096797552,20.839922779635362],[92.27512397418046,20.838728827202619],[92.27512397418046,20.836549145429132],[92.272687761844864,20.835008077487686],[92.27034067922888,20.835480117992546],[92.269063153248027,20.840630816720811]]]}},
{"type":"Feature","properties":{"class":"water"},"geometry":{"type":"Polygon","coordinates":[[[92.269835610817793,20.824400659447466],[92.278540613431531,20.828316049956015],[92.282492031000231,20.825955720344197],[92.283115939037415,20.824900502200734],[92.28344274800925,20.821234950162676],[92.277263087450663,20.817680390289215],[92.269835610817793,20.824400659447466]]]}},
{"type":"Feature","properties":{"class":"water"},"geometry":{"type":"Polygon","coordinates":[[[92.29269738389381,20.822071509192575],[92.292890498286283,20.822071509192579],[92.293009337912423,20.821863237669202],[92.292845933426477,20.821849352890744],[92.29269738389381,20.822071509192575]]]}},
{"type":"Feature","properties":{"class":"water"},"geometry":{"type":"Polygon","coordinates":[[[92.28406665604642,20.819183451717819],[92.286116639597097,20.819641656838797],[92.286443448568917,20.817794942842717],[92.284616289317256,20.816836864259187],[92.28406665604642,20.819183451717819]]]}},
{"type":"Feature","properties":{"class":"water"},"geometry":{"type":"Polygon","coordinates":[[[92.293558971183231,20.820738566467789],[92.29398976482797,20.820141515381614],[92.293752085575704,20.820030435848736],[92.293558971183231,20.820738566467789]]]}},
{"type":"Feature","properties":{"class":"water"},"geometry":{"type":"Polygon","coordinates":[[[92.293752085575704,20.819294531875091],[92.294078894547553,20.819280646859916],[92.294049184640997,20.819072371478644],[92.29373723062244,20.819058486442987],[92.293752085575704,20.819294531875091]]]}},
{"type":"Feature","properties":{"class":"water"},"geometry":{"type":"Polygon","coordinates":[[[92.294034329687747,20.818364233029005],[92.294227444080207,20.818364233029005],[92.294212589126914,20.818142071260969],[92.294093749500817,20.818142071260979],[92.294034329687747,20.818364233029005]]]}},
{"type":"Feature","properties":{"class":"water"},"geometry":{"type":"Polygon","coordinates":[[[92.29363324594955,20.816739667540837],[92.293974909874677,20.816642470759795],[92.293945199968149,20.81639253589211],[92.29369266576262,20.816448077009639],[92.29363324594955,20.816739667540837]]]}},
{"type":"Feature","properties":{"class":"water"},"geometry":{"type":"Polygon","coordinates":[[[92.294242299033456,20.815975976858166],[92.294658237724903,20.815892664913196],[92.294732512491237,20.815253938471805],[92.294242299033456,20.815975976858166]]]}},
{"type":"Feature","properties":{"class":"water"},"geometry":{"type":"Polygon","coordinates":[[[92.293232162211396,20.815281709242942],[92.293514406323411,20.81530948000897],[92.29357382613648,20.814851261715354],[92.293336146884243,20.814837376290772],[92.293232162211396,20.815281709242942]]]}},
{"type":"Feature","properties":{"class":"water"},"geometry":{"type":"Polygon","coordinates":[[[92.285878960344817,20.814906803400891],[92.287587279970381,20.814948459651632],[92.287988363708564,20.812823976185285],[92.286027509877471,20.812712891258652],[92.285878960344817,20.814906803400891]]]}},
{"type":"Feature","properties":{"class":"water"},"geometry":{"type":"Polygon","coordinates":[[[92.295311855668601,20.814170874406297],[92.295519825014324,20.814240301823457],[92.295965473612299,20.813421056263266],[92.295757504266561,20.813337742906],[92.295311855668601,20.814170874406297]]]}},
{"type":"Feature","properties":{"class":"water"},"geometry":{"type":"Polygon","coordinates":[[[92.293960054921413,20.813962591962976],[92.294405703519388,20.814101446957164],[92.29437599361286,20.813795965801056],[92.294004619781219,20.813712652651024],[92.293960054921413,20.813962591962976]]]}},
{"type":"Feature","properties":{"class":"water"},"geometry":{"type":"Polygon","coordinates":[[[92.296901335668025,20.813309971776679],[92.297317274359486,20.813379399590399],[92.297317274359486,20.81318500163141],[92.297064740153942,20.813143344893305],[92.296901335668025,20.813309971776679]]]}},
{"type":"Feature","properties":{"class":"water"},"geometry":{"type":"Polygon","coordinates":[[[92.296440832116801,20.812213008075759],[92.296737931182122,20.812254665070999],[92.296767641088636,20.812115808375477],[92.296619091555982,20.812046379979737],[92.296440832116801,20.812213008075759]]]}},
{"type":"Feature","properties":{"class":"water"},"geometry":{"type":"Polygon","coordinates":[[[92.22481767494601,20.918879595770338],[92.225114774011345,20.918872657861751],[92.225092491581421,20.918733899622428],[92.224921659618886,20.918733899622424],[92.22481767494601,20.918879595770338]]]}},
{"type":"Feature","properties":{"class":"water"},"geometry":{"type":"Polygon","coordinates":[[[92.312699578466294,20.777689289046627],[92.313442326129589,20.77838372968888],[92.314690142203901,20.778494839895245],[92.316086507810894,20.77827261940072],[92.316056797904352,20.777967065686756],[92.314808981830041,20.778105953815206],[92.313769135101424,20.778022620953468],[92.312699578466294,20.777689289046627]]]}},
{"type":"Feature","properties":{"class":"water"},"geometry":{"type":"Polygon","coordinates":[[[92.318671269679143,20.778633727538292],[92.320840092855946,20.77960593746252],[92.320810382949404,20.779300386446568],[92.319324887622827,20.778605950019905],[92.318671269679143,20.778633727538292]]]}},
{"type":"Feature","properties":{"class":"water"},"geometry":{"type":"Polygon","coordinates":[[[92.299033021461781,20.779744824083572],[92.305598910805273,20.781828108068702],[92.309342359028221,20.775605947959221],[92.301706913049628,20.770716928026225],[92.299033021461781,20.779744824083572]]]}},
{"type":"Feature","properties":{"class":"water"},"geometry":{"type":"Polygon","coordinates":[[[92.284415747448278,20.80340923815211],[92.292526551931388,20.805186696838863],[92.295943191182516,20.798937726004866],[92.285752693242202,20.793799489371924],[92.284415747448278,20.80340923815211]]]}},
{"type":"Feature","properties":{"class":"water"},"geometry":{"type":"Polygon","coordinates":[[[92.297993174733207,20.772272542442675],[92.309342359028221,20.775605947959221],[92.315462599773781,20.76721673701984],[92.304559064076713,20.763994267261221],[92.297993174733207,20.772272542442675]]]}},
{"type":"Feature","properties":{"class":"water"},"geometry":{"type":"Polygon","coordinates":[[[92.300718130222975,20.799127802685568],[92.30184710667119,20.799391653023449],[92.301861961624439,20.798780630485194],[92.301163778820936,20.798752856674646],[92.300718130222975,20.799127802685568]]]}},
{"type":"Feature","properties":{"class":"water"},"geometry":{"type":"Polygon","coordinates":[[[92.292637035646379,20.798447344421081],[92.296053674897507,20.799377766175077],[92.297152941439194,20.79680867722859],[92.293929416580525,20.795169992236126],[92.292637035646379,20.798447344421081]]]}},
{"type":"Feature","properties":{"class":"water"},"geometry":{"type":"Polygon","coordinates":[[[92.315513663675645,20.763059286745946],[92.318454944422257,20.764087157302885],[92.326090390400893,20.75830876714307],[92.327932404605846,20.756197377173418],[92.323832437504493,20.752002291186415],[92.317444807600182,20.752085638398874],[92.315513663675645,20.763059286745946]]]}},
{"type":"Feature","properties":{"class":"water"},"geometry":{"type":"Polygon","coordinates":[[[92.337974353013507,20.762225873054028],[92.339786657311919,20.758892172329354],[92.342282289460556,20.757947610423194],[92.344510532450457,20.760225661442657],[92.341004763479702,20.763503772169052],[92.337974353013507,20.762225873054028]]]}},
{"type":"Feature","properties":{"class":"water"},"geometry":{"type":"Polygon","coordinates":[[[92.335211331706077,20.759156092983446],[92.33547872086487,20.759156092983439],[92.335760964976913,20.759781166378684],[92.335820384789983,20.760183990085942],[92.335850094696511,20.760559031882799],[92.335211331706077,20.759156092983446]]]}},
{"type":"Feature","properties":{"class":"water"},"geometry":{"type":"Polygon","coordinates":[[[92.335894659556274,20.751807814178679],[92.343084456936907,20.750279771843598],[92.343648945161007,20.747084724342379],[92.335449010958314,20.746362356421951],[92.335894659556274,20.751807814178679]]]}},
{"type":"Feature","properties":{"class":"water"},"geometry":{"type":"Polygon","coordinates":[[[92.347956881608098,20.753780355088175],[92.353542344036015,20.753363623237156],[92.354314801605838,20.744778691601539],[92.34976918590651,20.743834041533582],[92.347956881608098,20.753780355088175]]]}},
{"type":"Feature","properties":{"class":"sand"},"geometry":{"type":"Polygon","coordinates":[[[91.94323367988207,21.463949392628066],[91.94397642754538,21.464087639886024],[91.945996701189515,21.459636012301022],[91.945194533713163,21.459608362015334],[91.94323367988207,21.463949392628066]]]}},
{"type":"Feature","properties":{"class":"sand"},"geometry":{"type":"Polygon","coordinates":[[[91.946798868665866,21.457617527662268],[91.947289082123632,21.457714304960973],[91.948833997263293,21.455239550995255],[91.948670592777361,21.455115120915675],[91.946798868665866,21.457617527662268]]]}},
{"type":"Feature","properties":{"class":"sand"},"geometry":{"type":"Polygon","coordinates":[[[91.950586881748649,21.452861535539892],[91.951151369972763,21.452460587252546],[91.951626728477251,21.45171399095198],[91.951106805112957,21.451631035571502],[91.950586881748649,21.452861535539892]]]}},
{"type":"Feature","properties":{"class":"sand"},"geometry":{"type":"Polygon","coordinates":[[[91.955518726232881,21.444316950700355],[91.955741550531869,21.444358430476676],[91.956469443241886,21.443487352696756],[91.957509289970517,21.442159986077694],[91.957479580063946,21.442049371647609],[91.956781397260485,21.442699230223333],[91.955518726232881,21.444316950700355]]]}},
{"type":"Feature","properties":{"class":"sand"},"geometry":{"type":"Polygon","coordinates":[[[91.955919809971078,21.445561338859211],[91.956083214456996,21.445685777091207],[91.957583564736836,21.443763885888853],[91.957509289970517,21.443459699348729],[91.955919809971078,21.445561338859211]]]}},
{"type":"Feature","properties":{"class":"sand"},"geometry":{"type":"Polygon","coordinates":[[[91.958890800624246,21.441717527854117],[91.959113624923191,21.441855796193146],[91.959886082493014,21.440887915068046],[91.959678113147319,21.440735818878885],[91.958890800624246,21.441717527854117]]]}},
{"type":"Feature","properties":{"class":"sand"},"geometry":{"type":"Polygon","coordinates":[[[91.957687549409712,21.441551605674327],[91.9579103737087,21.441662220481827],[91.958935365484024,21.440749645811728],[91.958638266418703,21.440597549478419],[91.957687549409712,21.441551605674327]]]}},
{"type":"Feature","properties":{"class":"sand"},"geometry":{"type":"Polygon","coordinates":[[[91.959470143801596,21.439615832967007],[91.959618693334249,21.439726449242169],[91.961475562492481,21.438081023495052],[91.961312158006564,21.437942751578728],[91.959470143801596,21.439615832967007]]]}},
{"type":"Feature","properties":{"class":"sand"},"geometry":{"type":"Polygon","coordinates":[[[91.965115026042582,21.434195532758999],[91.965397270154625,21.43425084296149],[91.966140017817906,21.433227600822235],[91.966006323238517,21.43318611788149],[91.965115026042582,21.434195532758999]]]}},
{"type":"Feature","properties":{"class":"sand"},"geometry":{"type":"Polygon","coordinates":[[[91.969883466040883,21.428083626262744],[91.970136000246399,21.428166595032593],[91.971250121741335,21.427475187176455],[91.971844319871963,21.426811432554],[91.971710625292559,21.426742291273957],[91.969883466040883,21.428083626262744]]]}},
{"type":"Feature","properties":{"class":"sand"},"geometry":{"type":"Polygon","coordinates":[[[91.972007724357866,21.426258301396825],[91.972557357628716,21.426410412673949],[91.973062426039746,21.425636026340229],[91.972661342301549,21.425442429115044],[91.972007724357866,21.426258301396825]]]}},
{"type":"Feature","properties":{"class":"sand"},"geometry":{"type":"Polygon","coordinates":[[[91.975067844730617,21.422441639301383],[91.975929432020038,21.422718212370963],[91.977310942673782,21.421114081276137],[91.977102973328044,21.420118404837645],[91.975067844730617,21.422441639301383]]]}},
{"type":"Feature","properties":{"class":"sand"},"geometry":{"type":"Polygon","coordinates":[[[91.979910559495252,21.417062188932491],[91.980623597252006,21.417283455579668],[91.98237648173739,21.415181408899453],[91.98356487799866,21.413936761739865],[91.983148939307213,21.413355922769906],[91.979910559495252,21.417062188932491]]]}},
{"type":"Feature","properties":{"class":"sand"},"geometry":{"type":"Polygon","coordinates":[[[91.994750657807799,21.397617073820001],[91.994914062293745,21.397672397873713],[91.996295572947446,21.395860524231551],[91.996147023414792,21.395777537114824],[91.994750657807799,21.397617073820001]]]}},
{"type":"Feature","properties":{"class":"sand"},"geometry":{"type":"Polygon","coordinates":[[[91.994750657807799,21.398682058177162],[91.995211161359052,21.39877887455226],[91.99574593967661,21.398267130129202],[91.995968763975583,21.397630904835388],[91.996384702667044,21.397312791150345],[91.996102458554972,21.397119156394531],[91.994750657807799,21.398682058177162]]]}},
{"type":"Feature","properties":{"class":"sand"},"geometry":{"type":"Polygon","coordinates":[[[91.996741221545406,21.396552081705991],[91.997112595377047,21.396704223911463],[91.99737998453584,21.396358445942816],[91.997082885470533,21.396220134526423],[91.996741221545406,21.396552081705991]]]}},
{"type":"Feature","properties":{"class":"sand"},"geometry":{"type":"Polygon","coordinates":[[[91.99688977107806,21.394643375133182],[91.997112595377047,21.394726362893518],[91.99789990790012,21.393592192759534],[91.997795923227287,21.393453878726827],[91.99688977107806,21.394643375133182]]]}},
{"type":"Feature","properties":{"class":"sand"},"geometry":{"type":"Polygon","coordinates":[[[91.997706793507703,21.394726362893515],[91.998167297058927,21.394878506998488],[91.99844954117097,21.394131616237189],[91.998360411451401,21.393647518335985],[91.997706793507703,21.394726362893515]]]}},
{"type":"Feature","properties":{"class":"sand"},"geometry":{"type":"Polygon","coordinates":[[[91.99864265556343,21.391780268564133],[91.999415113133225,21.392098394284091],[92.000870898553288,21.390480095385644],[92.000232135562868,21.389968321922179],[91.99864265556343,21.391780268564133]]]}},
{"type":"Feature","properties":{"class":"sand"},"geometry":{"type":"Polygon","coordinates":[[[92.001940455188432,21.387686067113592],[92.002490088459268,21.38786588242094],[92.003782469393386,21.385901734008772],[92.003767614440122,21.385002643191399],[92.001940455188432,21.387686067113592]]]}},
{"type":"Feature","properties":{"class":"sand"},"geometry":{"type":"Polygon","coordinates":[[[92.00531252957974,21.383024623945825],[92.005936437616924,21.382983126752226],[92.00644150602794,21.381931860588747],[92.006084987149578,21.381973358080472],[92.00531252957974,21.383024623945825]]]}},
{"type":"Feature","properties":{"class":"sand"},"geometry":{"type":"Polygon","coordinates":[[[92.009561046213761,21.377076572829107],[92.010541473129308,21.375527273322803],[92.011299075745839,21.375803935151581],[92.010719732568475,21.37691057723778],[92.009561046213761,21.377076572829107]]]}},
{"type":"Feature","properties":{"class":"sand"},"geometry":{"type":"Polygon","coordinates":[[[92.011625884717716,21.373784291778158],[92.01239834228754,21.374102456624296],[92.014121516866354,21.371598618927745],[92.013170799857363,21.371266615133887],[92.011625884717716,21.373784291778158]]]}},
{"type":"Feature","properties":{"class":"sand"},"geometry":{"type":"Polygon","coordinates":[[[92.01523563836129,21.369053237269757],[92.015933821164793,21.369592751207811],[92.016825118360728,21.368292380901909],[92.016245775183378,21.368292380901906],[92.01523563836129,21.369053237269757]]]}},
{"type":"Feature","properties":{"class":"sand"},"geometry":{"type":"Polygon","coordinates":[[[92.018132354248095,21.365705439682031],[92.018310613687305,21.365816111899811],[92.018845392004849,21.364847727158779],[92.018741407332001,21.364764722454471],[92.018132354248095,21.365705439682031]]]}},
{"type":"Feature","properties":{"class":"sand"},"geometry":{"type":"Polygon","coordinates":[[[92.020048643219383,21.362136215822385],[92.020241757611842,21.362177718925178],[92.02089537555554,21.36084961380357],[92.020687406209817,21.360738937833261],[92.020048643219383,21.362136215822385]]]}},
{"type":"Feature","properties":{"class":"sand"},"geometry":{"type":"Polygon","coordinates":[[[92.022707679853951,21.355025177294802],[92.023405862657455,21.355135857581214],[92.024193175180528,21.354098226614369],[92.023093908638884,21.353849194089072],[92.022707679853951,21.355025177294802]]]}},
{"type":"Feature","properties":{"class":"sand"},"geometry":{"type":"Polygon","coordinates":[[[92.022187756489657,21.357695315884982],[92.022544275368034,21.357805994154525],[92.022871084339911,21.357003574806093],[92.022484855555007,21.356934400518615],[92.022187756489657,21.357695315884982]]]}},
{"type":"Feature","properties":{"class":"sand"},"geometry":{"type":"Polygon","coordinates":[[[92.024029770694611,21.35198143666064],[92.025158747142783,21.35217513112983],[92.026733372188971,21.348619413308349],[92.025634105647285,21.348273521757367],[92.024029770694611,21.35198143666064]]]}},
{"type":"Feature","properties":{"class":"sand"},"geometry":{"type":"Polygon","coordinates":[[[92.026079754245288,21.347305021072696],[92.027312715366349,21.347554064717027],[92.02823372246884,21.344786889348448],[92.026911631628167,21.343721512906843],[92.026079754245288,21.347305021072696]]]}},
{"type":"Feature","properties":{"class":"sand"},"geometry":{"type":"Polygon","coordinates":[[[92.026822501908569,21.341908971562663],[92.027357280226155,21.34196431666814],[92.027431554992475,21.339363074130642],[92.02713445592714,21.339363074130642],[92.026822501908569,21.341908971562663]]]}},
{"type":"Feature","properties":{"class":"sand"},"geometry":{"type":"Polygon","coordinates":[[[92.027892058543699,21.335212059633626],[92.02823372246884,21.335281244171224],[92.028649661160273,21.334188124662234],[92.028560531440675,21.334188124662216],[92.027892058543699,21.335212059633626]]]}},
{"type":"Feature","properties":{"class":"sand"},"geometry":{"type":"Polygon","coordinates":[[[92.030209431253184,21.329012992633988],[92.031501812187301,21.329137530040136],[92.031382972561161,21.32888845512214],[92.030922469009937,21.328694729893613],[92.031011598729521,21.328307278669321],[92.030996743776271,21.327864476017432],[92.030209431253184,21.329012992633988]]]}},
{"type":"Feature","properties":{"class":"sand"},"geometry":{"type":"Polygon","coordinates":[[[92.031739491439538,21.321512878455088],[92.033002162467142,21.321540554857688],[92.033744910130409,21.31950632536471],[92.033150711999795,21.318468442314902],[92.032170285084234,21.31866218104118],[92.031739491439538,21.321512878455088]]]}},
{"type":"Feature","properties":{"class":"sand"},"geometry":{"type":"Polygon","coordinates":[[[92.032140575177721,21.316738620927332],[92.032348544523416,21.317043070969348],[92.032749628261598,21.316807814174123],[92.033507230878172,21.315645363300309],[92.033611215551019,21.315091812030616],[92.033418101158574,21.315147167251489],[92.032140575177721,21.316738620927332]]]}},
{"type":"Feature","properties":{"class":"sand"},"geometry":{"type":"Polygon","coordinates":[[[92.035542359475556,21.316171235073632],[92.035973153120267,21.316240428587804],[92.036285107138866,21.315756073303838],[92.036507931437853,21.314842713278455],[92.037176404334801,21.313638730019505],[92.037072419661953,21.313375789833561],[92.036537641344367,21.313984703231078],[92.036166267512726,21.314565936391585],[92.035542359475556,21.316171235073632]]]}},
{"type":"Feature","properties":{"class":"sand"},"geometry":{"type":"Polygon","coordinates":[[[92.039374937418131,21.311299929731035],[92.039998845455301,21.311009306975265],[92.039894860782454,21.310691005201956],[92.039478922091021,21.310746362081648],[92.039374937418131,21.311299929731035]]]}},
{"type":"Feature","properties":{"class":"sand"},"geometry":{"type":"Polygon","coordinates":[[[92.036374236858435,21.31015127453157],[92.037131839474966,21.310289667200244],[92.038409365455834,21.308532070620579],[92.037250679101106,21.308352157973097],[92.036374236858435,21.31015127453157]]]}},
{"type":"Feature","properties":{"class":"sand"},"geometry":{"type":"Polygon","coordinates":[[[92.0383350906895,21.30598559417513],[92.039761166203022,21.306068632146761],[92.040281089567316,21.304477062852769],[92.038528205081974,21.303840430307556],[92.0383350906895,21.30598559417513]]]}},
{"type":"Feature","properties":{"class":"sand"},"geometry":{"type":"Polygon","coordinates":[[[92.042256798351673,21.306912848860684],[92.043460049566207,21.306871330119332],[92.044277071995822,21.304823057644231],[92.043133240594372,21.304435543423029],[92.042256798351673,21.306912848860684]]]}},
{"type":"Feature","properties":{"class":"sand"},"geometry":{"type":"Polygon","coordinates":[[[92.040221669754274,21.300837148275424],[92.041424920968808,21.300975549718249],[92.042256798351673,21.299425446113077],[92.041543760594919,21.299190161100899],[92.040221669754274,21.300837148275424]]]}},
{"type":"Feature","properties":{"class":"sand"},"geometry":{"type":"Polygon","coordinates":[[[92.045004964705868,21.299342404387097],[92.045658582649551,21.2996192099579],[92.046772704144487,21.298553505649899],[92.046178506013831,21.297916847440948],[92.045004964705868,21.299342404387097]]]}},
{"type":"Feature","properties":{"class":"sand"},"geometry":{"type":"Polygon","coordinates":[[[92.043564034239068,21.294498222505585],[92.044440476481753,21.294581266968535],[92.045391193490744,21.292477459447355],[92.044440476481753,21.292574345981368],[92.043564034239068,21.294498222505585]]]}},
{"type":"Feature","properties":{"class":"sand"},"geometry":{"type":"Polygon","coordinates":[[[92.052803815170364,21.291854615918293],[92.053561417786938,21.291937661874631],[92.054066486197968,21.290899584048869],[92.05339801330102,21.29088574296167],[92.052803815170364,21.291854615918293]]]}},
{"type":"Feature","properties":{"class":"sand"},"geometry":{"type":"Polygon","coordinates":[[[92.0442919269491,21.292809641583883],[92.045064384518923,21.292878846101186],[92.046000246574664,21.290747332018075],[92.045198079098313,21.290332098405525],[92.0442919269491,21.292809641583883]]]}},
{"type":"Feature","properties":{"class":"sand"},"geometry":{"type":"Polygon","coordinates":[[[92.045881406948524,21.28433876266277],[92.047352047321837,21.284255712414783],[92.047396612181615,21.281113610249896],[92.046282490686664,21.281099768241646],[92.045881406948524,21.28433876266277]]]}},
{"type":"Feature","properties":{"class":"sand"},"geometry":{"type":"Polygon","coordinates":[[[92.045019819659117,21.274912260143893],[92.046505314985694,21.274953787911226],[92.047040093303281,21.273015812947648],[92.045584307883203,21.272559000846382],[92.045019819659117,21.274912260143893]]]}},
{"type":"Feature","properties":{"class":"sand"},"geometry":{"type":"Polygon","coordinates":[[[92.046475605079181,21.26356089772694],[92.047337192368587,21.263616272351157],[92.047248062649004,21.261622772759125],[92.046772704144502,21.261802742580613],[92.046475605079181,21.26356089772694]]]}},
{"type":"Feature","properties":{"class":"sand"},"geometry":{"type":"Polygon","coordinates":[[[92.046252780780193,21.251101077847466],[92.046802414051001,21.251114922676678],[92.046965818536947,21.250270385713275],[92.04666871947164,21.249868882836125],[92.046341910499791,21.249730433314454],[92.046252780780193,21.251101077847466]]]}},
{"type":"Feature","properties":{"class":"sand"},"geometry":{"type":"Polygon","coordinates":[[[92.045316918724453,21.240301714824195],[92.045955681714887,21.240495556519413],[92.046327055546527,21.240827855975343],[92.046742994237974,21.240426327371804],[92.046995528443475,21.239055583554318],[92.046639009565084,21.238349437825594],[92.04597053666815,21.238072517008682],[92.045643727696287,21.238114055164381],[92.045316918724453,21.240301714824195]]]}},
{"type":"Feature","properties":{"class":"sand"},"geometry":{"type":"Polygon","coordinates":[[[92.044440476481753,21.237795595671603],[92.044648445827477,21.238044824898385],[92.045019819659117,21.237878672127341],[92.045450613303856,21.237130982340432],[92.04548032321037,21.236507904621465],[92.045376338537523,21.236050979287363],[92.044886125079742,21.235829439221735],[92.044455331435017,21.235829439221718],[92.044440476481753,21.237795595671603]]]}},
{"type":"Feature","properties":{"class":"sand"},"geometry":{"type":"Polygon","coordinates":[[[92.046297345639971,21.230152361493627],[92.04674299423796,21.230761619328039],[92.047277772555518,21.230775466067755],[92.047857115732882,21.229515407430284],[92.048035375172091,21.228490736426092],[92.047352047321837,21.228033786250823],[92.046297345639971,21.230152361493627]]]}},
{"type":"Feature","properties":{"class":"sand"},"geometry":{"type":"Polygon","coordinates":[[[92.045955681714901,21.215917166810222],[92.047218352742505,21.21604179996006],[92.04727777255556,21.214518498689124],[92.045955681714901,21.214407712528899],[92.045955681714901,21.215917166810222]]]}},
{"type":"Feature","properties":{"class":"sand"},"geometry":{"type":"Polygon","coordinates":[[[92.046282490686764,21.218936029061116],[92.047352047321851,21.219019116139776],[92.047396612181672,21.217648173359926],[92.046401330312861,21.217426605654595],[92.046282490686764,21.218936029061116]]]}},
{"type":"Feature","properties":{"class":"sand"},"geometry":{"type":"Polygon","coordinates":[[[92.047277772555574,21.20900678639207],[92.048451313863538,21.209034483953211],[92.048792977788665,21.206943303474812],[92.047767986013341,21.206430890495728],[92.047277772555574,21.20900678639207]]]}},
{"type":"Feature","properties":{"class":"sand"},"geometry":{"type":"Polygon","coordinates":[[[92.047916535545994,21.204949037550154],[92.048733557975595,21.204949037550147],[92.048882107508291,21.203467169735141],[92.048035375172134,21.203508717633483],[92.047916535545994,21.204949037550154]]]}},
{"type":"Feature","properties":{"class":"sand"},"geometry":{"type":"Polygon","coordinates":[[[92.048154214798245,21.201902190386065],[92.048718703022345,21.201902190386061],[92.048748412928887,21.201403609411411],[92.048718703022345,21.200849628576869],[92.048287909377635,21.200752681717205],[92.048154214798245,21.201902190386065]]]}},
{"type":"Feature","properties":{"class":"sand"},"geometry":{"type":"Polygon","coordinates":[[[92.047812550873147,21.198453637542855],[92.048094794985175,21.198716782966489],[92.048406749003775,21.198370538890643],[92.048421603957038,21.197539549797646],[92.048198779658051,21.197137903393767],[92.047961100405814,21.196653156279762],[92.047842260779674,21.196860905237671],[92.047812550873147,21.198453637542855]]]}},
{"type":"Feature","properties":{"class":"sand"},"geometry":{"type":"Polygon","coordinates":[[[92.047040093303323,21.192221108923896],[92.047604581527438,21.192318061381989],[92.048287909377635,21.192221108923896],[92.048258199471121,21.191251580844664],[92.047812550873147,21.19037900013506],[92.04732233741538,21.190309747477116],[92.047040093303323,21.192221108923896]]]}},
{"type":"Feature","properties":{"class":"sand"},"geometry":{"type":"Polygon","coordinates":[[[92.047129223022907,21.186583906646117],[92.047574871620867,21.187553465344745],[92.047871970686188,21.188176749721311],[92.048273054424371,21.187733525545728],[92.048050230125355,21.186805520623626],[92.047975955359036,21.185988317435267],[92.047931390499258,21.185406576819695],[92.047322337415338,21.185295768823828],[92.047040093303295,21.185711298380028],[92.047129223022907,21.186583906646117]]]}},
{"type":"Feature","properties":{"class":"sand"},"geometry":{"type":"Polygon","coordinates":[[[92.049104931807221,21.179672153973897],[92.049595145265002,21.179810669224157],[92.050694411806688,21.177954554091141],[92.051689693675499,21.176472415577553],[92.051214335170997,21.176029156314328],[92.049104931807221,21.179672153973897]]]}},
{"type":"Feature","properties":{"class":"sand"},"geometry":{"type":"Polygon","coordinates":[[[92.054393295169874,21.17052986061211],[92.054928073487417,21.17076535101581],[92.055195462646225,21.170751498649498],[92.055329157225614,21.170031173813943],[92.055121187879905,21.169518632853084],[92.054423005076387,21.16953248533483],[92.054393295169874,21.17052986061211]]]}},
{"type":"Feature","properties":{"class":"sand"},"geometry":{"type":"Polygon","coordinates":[[[92.057958483953655,21.164545508099224],[92.059132025261633,21.165044213385944],[92.05945883423351,21.164060654125919],[92.059770788252067,21.163174059895319],[92.05895376582248,21.16280002636131],[92.057958483953655,21.164545508099224]]]}},
{"type":"Feature","properties":{"class":"sand"},"geometry":{"type":"Polygon","coordinates":[[[92.059949047691291,21.1619549841561],[92.061018604326406,21.162273607193548],[92.061954466382147,21.160500392011127],[92.061389978158047,21.15997396466447],[92.059949047691291,21.1619549841561]]]}},
{"type":"Feature","properties":{"class":"sand"},"geometry":{"type":"Polygon","coordinates":[[[92.064286694044881,21.156399750543319],[92.065163136287552,21.156815361270191],[92.065980158717153,21.156593702361061],[92.066722906380463,21.155097496044124],[92.065608784885512,21.154626465000284],[92.064286694044881,21.156399750543319]]]}},
{"type":"Feature","properties":{"class":"sand"},"geometry":{"type":"Polygon","coordinates":[[[92.068134126940706,21.151592435014141],[92.068891729557251,21.15210503805179],[92.070525774416481,21.150137741055818],[92.070451499650147,21.149694402913305],[92.070080125818521,21.14954200512031],[92.069753316846658,21.149583568170314],[92.068134126940706,21.151592435014141]]]}},
{"type":"Feature","properties":{"class":"sand"},"geometry":{"type":"Polygon","coordinates":[[[92.074581176658072,21.14515011044011],[92.075130809928893,21.145316367499749],[92.076452900769567,21.14380619235806],[92.075828992732383,21.143612223793035],[92.074581176658072,21.14515011044011]]]}},
{"type":"Feature","properties":{"class":"sand"},"geometry":{"type":"Polygon","coordinates":[[[92.080047799459848,21.138084012939384],[92.080003234600071,21.138582807346076],[92.080701417403532,21.138361121150364],[92.081384745253786,21.13779304876017],[92.082216622636679,21.137224974192375],[92.082855385627099,21.136532197382191],[92.082365172169332,21.135645438339736],[92.081756119085426,21.135534593086376],[92.080047799459848,21.138084012939384]]]}},
{"type":"Feature","properties":{"class":"sand"},"geometry":{"type":"Polygon","coordinates":[[[92.084311171047133,21.13220919693887],[92.085039063757137,21.132638731470397],[92.086643398709867,21.130879017591305],[92.087029627494772,21.130200067281873],[92.087311871606815,21.12956268252908],[92.086955352728438,21.129396407795074],[92.086821658149034,21.12936869532129],[92.084311171047133,21.13220919693887]]]}},
{"type":"Feature","properties":{"class":"sand"},"geometry":{"type":"Polygon","coordinates":[[[92.092065456651866,21.122980831918081],[92.092763639455356,21.123479677143237],[92.093194433100066,21.123147113846233],[92.09398174562314,21.121678283697502],[92.093595516838235,21.121276431405587],[92.092065456651866,21.122980831918081]]]}},
{"type":"Feature","properties":{"class":"sand"},"geometry":{"type":"Polygon","coordinates":[[[92.098141132537549,21.115941392639762],[92.099478078331501,21.1160106800872],[92.100725894405798,21.11549795220991],[92.101052703377647,21.1145417792731],[92.100696184499284,21.113835038794139],[92.099953436835989,21.1136687464275],[92.098141132537549,21.115941392639762]]]}},
{"type":"Feature","properties":{"class":"sand"},"geometry":{"type":"Polygon","coordinates":[[[92.103429495900158,21.109733106021505],[92.103904854404675,21.110675451960635],[92.104335648049386,21.111077332967525],[92.105390349731266,21.110231995793473],[92.105568609170433,21.108804612258698],[92.104796151600638,21.108222568430538],[92.103429495900158,21.109733106021505]]]}},
{"type":"Feature","properties":{"class":"sand"},"geometry":{"type":"Polygon","coordinates":[[[92.109698286178357,21.1032058103461],[92.109995385243664,21.102374287102215],[92.110574728421028,21.101334876498253],[92.111376895897365,21.100295458617758],[92.112283048046592,21.100156869017265],[92.112877246177206,21.100766662291868],[92.112743551597816,21.10155661803768],[92.112461307485788,21.102249558213952],[92.111495735523519,21.102956353861963],[92.110723277953682,21.103344397100638],[92.109698286178357,21.1032058103461]]]}},
{"type":"Feature","properties":{"class":"sand"},"geometry":{"type":"Polygon","coordinates":[[[92.114273611784199,21.096608931203882],[92.11458556580277,21.097066287321834],[92.115031214400773,21.096927694707542],[92.11632359533489,21.095250713824306],[92.117482281689618,21.093795467134299],[92.118299304119247,21.092991610468584],[92.116754388979601,21.09419739383576],[92.114273611784199,21.096608931203882]]]}},
{"type":"Feature","properties":{"class":"sand"},"geometry":{"type":"Polygon","coordinates":[[[92.124063025986374,21.085396336230119],[92.124597804303932,21.08567354284656],[92.125266277200907,21.085340894844766],[92.125964460004397,21.084606294536187],[92.127271695891778,21.082984616847597],[92.127316260751584,21.082513356765009],[92.127048871592791,21.082374750573994],[92.126855757200332,21.082291586797325],[92.124063025986374,21.085396336230119]]]}},
{"type":"Feature","properties":{"class":"sand"},"geometry":{"type":"Polygon","coordinates":[[[92.125370261873755,21.089900879668598],[92.126439818508885,21.089651400835212],[92.127628214770155,21.08839014032041],[92.127940168788726,21.087198169993201],[92.126840902247068,21.087004127406974],[92.125370261873755,21.089900879668598]]]}},
{"type":"Feature","properties":{"class":"sand"},"geometry":{"type":"Polygon","coordinates":[[[92.129797037946943,21.085618101564648],[92.130376381124336,21.085701263479766],[92.131059708974533,21.08514684983318],[92.130881449535366,21.084786479853676],[92.13019812168514,21.08481420065235],[92.129797037946943,21.085618101564648]]]}},
{"type":"Feature","properties":{"class":"sand"},"geometry":{"type":"Polygon","coordinates":[[[92.133674180749281,21.074529429468853],[92.134149539253798,21.074778933687309],[92.134654607664828,21.074820517683023],[92.135189385982414,21.074210617913749],[92.135976698505502,21.073129425810631],[92.135605324673833,21.072685857545316],[92.135278515702012,21.072658134484797],[92.133674180749281,21.074529429468853]]]}},
{"type":"Feature","properties":{"class":"sand"},"geometry":{"type":"Polygon","coordinates":[[[92.140299489905814,21.066905487627359],[92.140997672709318,21.067293625017737],[92.141487886167099,21.067418383249546],[92.142394038316311,21.066392590236578],[92.142542587848965,21.06572720720234],[92.141874114952017,21.06538065235986],[92.141695855512822,21.065297479077525],[92.140299489905814,21.066905487627359]]]}},
{"type":"Feature","properties":{"class":"sand"},"geometry":{"type":"Polygon","coordinates":[[[92.149479851024097,21.056550162628987],[92.149970064481877,21.056993779010668],[92.151381285042135,21.055732241458553],[92.151425849901912,21.05491431579301],[92.151009911210451,21.054955905342116],[92.149479851024097,21.056550162628987]]]}},
{"type":"Feature","properties":{"class":"sand"},"geometry":{"type":"Polygon","coordinates":[[[92.160546791207082,21.044461107317904],[92.1606804857865,21.04475225435975],[92.160947874945279,21.044807710874597],[92.161289538870406,21.044655205409047],[92.162715614383913,21.042977634979938],[92.163755461112501,21.041854622728501],[92.16469132316827,21.041508012298781],[92.165731169896858,21.040939569447882],[92.166622467092779,21.04017702075291],[92.166860146345059,21.039594708211535],[92.165998559055652,21.039456062032801],[92.165003277186827,21.039774948050937],[92.16345836204718,21.041549605592937],[92.162433370271856,21.042658755818803],[92.160546791207082,21.044461107317904]]]}},
{"type":"Feature","properties":{"class":"sand"},"geometry":{"type":"Polygon","coordinates":[[[92.168093107466149,21.034714285046153],[92.168598175877179,21.035435266715051],[92.168791290269638,21.035851216090794],[92.169682587465587,21.035768026308549],[92.170618449521314,21.034631094629077],[92.171405762044401,21.033216850432051],[92.171762280922778,21.032079899285389],[92.170796708960481,21.032038303347235],[92.170499609895174,21.032204687030191],[92.168093107466149,21.034714285046153]]]}},
{"type":"Feature","properties":{"class":"sand"},"geometry":{"type":"Polygon","coordinates":[[[92.166503627466682,21.037223840791185],[92.166533337373238,21.03741794831399],[92.166904711204879,21.037501137174907],[92.167528619242034,21.037320894584209],[92.167885138120425,21.036946543891325],[92.167558329148562,21.036447408170837],[92.167276085036519,21.036253299383461],[92.167008695877712,21.036267164305244],[92.166711596812405,21.036835624986853],[92.166503627466682,21.037223840791185]]]}},
{"type":"Feature","properties":{"class":"sand"},"geometry":{"type":"Polygon","coordinates":[[[92.175134355314086,21.026311818373838],[92.175327469706559,21.026408879274211],[92.175773118304519,21.026616866705059],[92.17620391194923,21.026894182828034],[92.176679270453732,21.026519805940119],[92.177124919051735,21.025382803701252],[92.177763682042169,21.024634041393078],[92.178031071200934,21.024037802050458],[92.177318033444166,21.023663417988598],[92.175134355314086,21.026311818373838]]]}},
{"type":"Feature","properties":{"class":"sand"},"geometry":{"type":"Polygon","coordinates":[[[92.182962915685195,21.016633142696822],[92.183393709329891,21.016813410306433],[92.183824502974602,21.016813410306426],[92.184849494749926,21.015579266156976],[92.185220868581567,21.015107792662299],[92.184537540731355,21.015523798764381],[92.182962915685195,21.016633142696822]]]}},
{"type":"Feature","properties":{"class":"sand"},"geometry":{"type":"Polygon","coordinates":[[[92.184492975871549,21.01448378133351],[92.18606760091771,21.014192575153263],[92.186706363908144,21.012681067273942],[92.185889341478543,21.011973842731042],[92.184492975871549,21.01448378133351]]]}},
{"type":"Feature","properties":{"class":"sand"},"geometry":{"type":"Polygon","coordinates":[[[92.18881576727189,21.004540848670839],[92.189692209514561,21.004526980798538],[92.190286407645218,21.002835090708345],[92.189617934748242,21.002738014465571],[92.18881576727189,21.004540848670839]]]}},
{"type":"Feature","properties":{"class":"sand"},"geometry":{"type":"Polygon","coordinates":[[[92.187627371010635,21.008590212248663],[92.18837011867393,21.008659549709066],[92.188592942972917,21.00750854369387],[92.188162149328207,21.007383735279088],[92.187627371010635,21.008590212248663]]]}},
{"type":"Feature","properties":{"class":"sand"},"geometry":{"type":"Polygon","coordinates":[[[92.19239581100895,20.994930104184569],[92.19301971904612,20.995082660517355],[92.193376237924497,20.994042500611005],[92.193227688391843,20.993349056647652],[92.192856314560203,20.993349056647652],[92.19239581100895,20.994930104184569]]]}},
{"type":"Feature","properties":{"class":"sand"},"geometry":{"type":"Polygon","coordinates":[[[92.190969735495429,20.998563676293919],[92.191385674186876,20.998688492085215],[92.191786757925072,20.998203096754992],[92.19195016241099,20.997232301359471],[92.191682773252182,20.997246169909562],[92.190969735495429,20.998563676293919]]]}},
{"type":"Feature","properties":{"class":"sand"},"geometry":{"type":"Polygon","coordinates":[[[92.19408927568125,20.98857807488444],[92.19404471082143,20.989146717339601],[92.194267535120417,20.989382495283586],[92.19459434409228,20.988952546988582],[92.194772603531447,20.98828681815429],[92.194921153064101,20.987634955795329],[92.19453492427921,20.987454652938414],[92.19408927568125,20.98857807488444]]]}},
{"type":"Feature","properties":{"class":"sand"},"geometry":{"type":"Polygon","coordinates":[[[92.197654464465032,20.976691565106297],[92.197743594184615,20.977079937429039],[92.197981273436895,20.977246382401233],[92.198278372502202,20.977038326157022],[92.198412067081591,20.976455767132204],[92.198976555305705,20.9749854890192],[92.199006265212219,20.974291956586889],[92.198813150819788,20.974347439299912],[92.197654464465032,20.976691565106297]]]}},
{"type":"Feature","properties":{"class":"sand"},"geometry":{"type":"Polygon","coordinates":[[[92.200699729884505,20.96961746405557],[92.200744294744283,20.969756175137192],[92.2009076992302,20.969714561826216],[92.201234508202063,20.968799066054316],[92.20139791268798,20.968271959884973],[92.201323637921661,20.968244217403523],[92.201264218108605,20.968244217403509],[92.201056248762896,20.968674225287419],[92.20096711904327,20.969034876107365],[92.200699729884505,20.96961746405557]]]}},
{"type":"Feature","properties":{"class":"sand"},"geometry":{"type":"Polygon","coordinates":[[[92.201947545958816,20.961891053595242],[92.202110950444734,20.962307207957206],[92.202972537734183,20.96247366937774],[92.203492461098477,20.962085259108257],[92.203655865584381,20.960933894168242],[92.203522171004991,20.96011544864059],[92.203299346706018,20.959574439816226],[92.202720003528654,20.959491207515715],[92.201947545958816,20.961891053595242]]]}},
{"type":"Feature","properties":{"class":"sand"},"geometry":{"type":"Polygon","coordinates":[[[92.203878689883368,20.957132939755535],[92.204220353808481,20.95739651270355],[92.204502597920552,20.95743812944237],[92.205111651004458,20.956328345778523],[92.205794978854655,20.955176936525664],[92.206300047265685,20.954441694656037],[92.205631574368752,20.95433071443734],[92.203878689883368,20.957132939755535]]]}},
{"type":"Feature","properties":{"class":"sand"},"geometry":{"type":"Polygon","coordinates":[[[92.207131924648593,20.951972365329279],[92.207607283153095,20.952388547284638],[92.207993511938,20.9523469291412],[92.208959083900297,20.951112252286773],[92.209954365769093,20.949516868231612],[92.209998930628871,20.948823217685344],[92.209419587451507,20.948809344641614],[92.207131924648593,20.951972365329279]]]}},
{"type":"Feature","properties":{"class":"sand"},"geometry":{"type":"Polygon","coordinates":[[[92.212539127637328,20.942011398534984],[92.212598547450384,20.942316619060943],[92.212851081655899,20.942330492706418],[92.213103615861428,20.942261124466132],[92.213371005020193,20.941969777505953],[92.213534409506124,20.94149807170167],[92.213697813992042,20.941067985702485],[92.213742378851862,20.940748888840229],[92.213474989693069,20.940679519867146],[92.213252165394081,20.940637898467855],[92.213029341095094,20.940832131565521],[92.212851081655899,20.941095733223598],[92.212672822216732,20.941622935147432],[92.212539127637328,20.942011398534984]]]}},
{"type":"Feature","properties":{"class":"sand"},"geometry":{"type":"Polygon","coordinates":[[[92.214752515673922,20.936295335569206],[92.214886210253326,20.936503448485237],[92.215138744458827,20.936628316096012],[92.215391278664356,20.936475700113132],[92.215688377729663,20.936087222363984],[92.21585178221558,20.935601623760427],[92.21597062184172,20.935282515249352],[92.216015186701526,20.934963406058348],[92.215896347075386,20.934699793605123],[92.215732942589469,20.934699793605109],[92.215643812869885,20.934672044898832],[92.215495263337189,20.934838537059392],[92.214752515673922,20.936295335569206]]]}},
{"type":"Feature","properties":{"class":"sand"},"geometry":{"type":"Polygon","coordinates":[[[92.217931475672799,20.928872452473033],[92.21799089548584,20.929247074078162],[92.218213719784828,20.929344198045101],[92.218421689130551,20.929399697426522],[92.218822772868748,20.929011201324911],[92.218911902588331,20.928428455283534],[92.218986177354651,20.92787345694633],[92.219372406139584,20.927415581770422],[92.219699215111405,20.926777329190511],[92.219699215111405,20.926444326765171],[92.219476390812432,20.926347200918364],[92.219357551186292,20.926347200918364],[92.219253566513444,20.92636107604319],[92.218897047635068,20.927082580763592],[92.21862965847626,20.927554331971482],[92.218406834177287,20.928109331490852],[92.217931475672799,20.928872452473033]]]}},
{"type":"Feature","properties":{"class":"sand"},"geometry":{"type":"Polygon","coordinates":[[[92.223843747072593,20.917938638985731],[92.224066571371566,20.918063522069442],[92.224497365016276,20.918049646176378],[92.224601349689152,20.917702748432639],[92.224972723520793,20.917175462324707],[92.224824173988139,20.916800810541993],[92.224482510063027,20.916537166133637],[92.224363670436887,20.916481661988566],[92.224140846137914,20.916675926406352],[92.224125991184636,20.916995074546218],[92.223947731745426,20.917411353707536],[92.223843747072593,20.917938638985731]]]}},
{"type":"Feature","properties":{"class":"sand"},"geometry":{"type":"Polygon","coordinates":[[[92.225700616230796,20.912970983060241],[92.225923440529783,20.913484407640169],[92.226101699968964,20.913748057416917],[92.226458218847327,20.913470531323298],[92.226874157538788,20.91283221935846],[92.227438645762888,20.911985757996796],[92.227884294360848,20.911000526459976],[92.227884294360848,20.910459340185334],[92.227557485389013,20.910514846559803],[92.227304951183498,20.910598106082983],[92.225700616230796,20.912970983060241]]]}},
{"type":"Feature","properties":{"class":"sand"},"geometry":{"type":"Polygon","coordinates":[[[92.228656751930714,20.908724755630789],[92.228849866323145,20.909113304314712],[92.229562904079913,20.909182687902334],[92.230053117537679,20.908710878873464],[92.230855285014016,20.907545226674074],[92.230053117537679,20.907489719200495],[92.229770873425622,20.907323196656542],[92.228656751930714,20.908724755630789]]]}},
{"type":"Feature","properties":{"class":"sand"},"geometry":{"type":"Polygon","coordinates":[[[92.232355635293885,20.903562513307815],[92.233157802770236,20.903812303316901],[92.233454901835543,20.903909443763659],[92.23379656576067,20.903395986404018],[92.233900550433518,20.902799263480759],[92.233662871181266,20.902591103763086],[92.23342519192903,20.902507839795152],[92.233157802770236,20.902563349112246],[92.232355635293885,20.903562513307815]]]}},
{"type":"Feature","properties":{"class":"sand"},"geometry":{"type":"Polygon","coordinates":[[[92.236826976226865,20.898247438430779],[92.237138930245465,20.898552748089887],[92.237495449123841,20.898636014252737],[92.238208486880595,20.897761717238307],[92.238446166132846,20.897262116657256],[92.238119357160983,20.897026193582466],[92.237792548189162,20.896915170830695],[92.236826976226865,20.898247438430779]]]}},
{"type":"Feature","properties":{"class":"sand"},"geometry":{"type":"Polygon","coordinates":[[[92.238475876039388,20.895846572645098],[92.238980944450418,20.89629066632158],[92.239337463328809,20.896151887188839],[92.24021390557148,20.894805722941481],[92.240080210992076,20.894222843954413],[92.239723692113714,20.89416733155187],[92.239589997534296,20.894195087755712],[92.238475876039388,20.895846572645098]]]}},
{"type":"Feature","properties":{"class":"sand"},"geometry":{"type":"Polygon","coordinates":[[[92.243080911551758,20.889795665381357],[92.243511705196468,20.889976085869037],[92.243808804261761,20.890017721335401],[92.244076193420568,20.889892814901657],[92.244388147439125,20.889309916836748],[92.244299017719541,20.889185009814121],[92.244016773607498,20.8890462241115],[92.243853369121581,20.888976831212101],[92.243645399775858,20.889004588375709],[92.243080911551758,20.889795665381357]]]}},
{"type":"Feature","properties":{"class":"sand"},"geometry":{"type":"Polygon","coordinates":[[[92.24713631379332,20.884160885642622],[92.246928344447596,20.88456337692239],[92.247195733606375,20.88463277186159],[92.247775076783753,20.884382949930384],[92.248161305568644,20.884285796844889],[92.248696083886216,20.884049853375593],[92.248606954166632,20.883480811718588],[92.248532679400299,20.882925647048381],[92.248131595662116,20.883050559278107],[92.24713631379332,20.884160885642622]]]}},
{"type":"Feature","properties":{"class":"sand"},"geometry":{"type":"Polygon","coordinates":[[[92.253033730239835,20.876166352601395],[92.253360539211684,20.876249631180283],[92.253583363510671,20.876319029960761],[92.254147851734743,20.876263510938934],[92.254400385940272,20.875972035737767],[92.254667775099065,20.875014327523679],[92.254786614725177,20.874445251635326],[92.254459805753356,20.874181532809818],[92.254177561641299,20.874098253084547],[92.253984447248826,20.874126012998108],[92.253538798650879,20.874778369490087],[92.253419959024754,20.875208645626032],[92.253033730239835,20.876166352601395]]]}},
{"type":"Feature","properties":{"class":"sand"},"geometry":{"type":"Polygon","coordinates":[[[92.254905454351317,20.872654730512156],[92.255395667809097,20.871960724338994],[92.255915591173419,20.871197313846348],[92.25628696500506,20.870725385420162],[92.256970292855286,20.869809284832591],[92.257460506313024,20.869961968651701],[92.25680688836934,20.871072391760126],[92.255989865939739,20.872307727826243],[92.255633347061362,20.872918452017487],[92.254905454351317,20.872654730512156]]]}},
{"type":"Feature","properties":{"class":"sand"},"geometry":{"type":"Polygon","coordinates":[[[92.263016258834455,20.860092722806474],[92.263432197525873,20.859634640809457],[92.263788716404264,20.85921820141931],[92.264056105563043,20.859037743992051],[92.264174945189183,20.859273726737964],[92.263848136217334,20.859759572401597],[92.263669876778124,20.860148247802204],[92.263565892105277,20.860300941434698],[92.263016258834455,20.860092722806474]]]}},
{"type":"Feature","properties":{"class":"sand"},"geometry":{"type":"Polygon","coordinates":[[[92.267888683505618,20.852055263402079],[92.268468026682982,20.851180695276163],[92.268824545561358,20.850736468249046],[92.269299904065875,20.850889171437576],[92.269255339206069,20.851430572402418],[92.268675996028719,20.852180201290707],[92.267888683505618,20.852055263402079]]]}},
{"type":"Feature","properties":{"class":"sand"},"geometry":{"type":"Polygon","coordinates":[[[92.279208157894161,20.832855241639507],[92.279312142567022,20.833174567885344],[92.279564676772523,20.833230102815488],[92.280025180323776,20.832855241639507],[92.280396554155416,20.832063864981034],[92.280738218080543,20.831411323204154],[92.280515393781556,20.831230832426211],[92.280322279389097,20.831175296758701],[92.280248004622763,20.831175296758705],[92.279208157894161,20.832855241639507]]]}},
{"type":"Feature","properties":{"class":"sand"},"geometry":{"type":"Polygon","coordinates":[[[92.283917178079435,20.824427560748997],[92.284377681630659,20.82362225519061],[92.284793620322105,20.82295579216256],[92.285105574340704,20.822997446188197],[92.284882750041731,20.823441755078314],[92.284555941069868,20.823858293472689],[92.284451956397021,20.824219292482816],[92.284258842004547,20.824399791663478],[92.283917178079435,20.824427560748997]]]}},
{"type":"Feature","properties":{"class":"sand"},"geometry":{"type":"Polygon","coordinates":[[[92.286472230041156,20.820387104995664],[92.286605924620545,20.820123291401369],[92.286769329106463,20.819831707417666],[92.286888168732588,20.819581777839652],[92.287081283125033,20.819290192808008],[92.287214977704423,20.819304077822313],[92.287200122751173,20.81945681289519],[92.287096138078326,20.819720627656398],[92.286962443498936,20.819928902141601],[92.286843603872796,20.820053866694533],[92.286784184059726,20.820192716076239],[92.286754474153213,20.820317680410387],[92.286724764246657,20.820373220081173],[92.286472230041156,20.820387104995664]]]}},
{"type":"Feature","properties":{"class":"sand"},"geometry":{"type":"Polygon","coordinates":[[[92.288254824433011,20.816985262699347],[92.288492503685291,20.817040803598431],[92.288819312657111,20.817068574040288],[92.28925010630185,20.817068574040292],[92.289472930600795,20.81663813161633],[92.289027282002834,20.816485393686506],[92.288789602750583,20.816360426174214],[92.288626198264666,20.816332655601865],[92.288254824433011,20.816985262699347]]]}},
{"type":"Feature","properties":{"class":"sand"},"geometry":{"type":"Polygon","coordinates":[[[92.292518196020325,20.808348403843276],[92.293379783309746,20.808667782033268],[92.294196805739347,20.808862185817642],[92.295310927234283,20.808515036026819],[92.29553375153327,20.807168087270902],[92.295013828168976,20.806557096239228],[92.294508759757946,20.806237713578209],[92.294033401253429,20.806126623798402],[92.293691737328317,20.806112737570178],[92.292518196020325,20.808348403843276]]]}},
{"type":"Feature","properties":{"class":"sand"},"geometry":{"type":"Polygon","coordinates":[[[92.297598590037211,20.799697163364424],[92.29785112424274,20.799961012706355],[92.298192788167853,20.800113767377578],[92.298623581812564,20.799947125910389],[92.299009810597468,20.7995166346014],[92.299009810597468,20.799155576427108],[92.298786986298481,20.799002820785521],[92.298623581812564,20.798877838781866],[92.2982967728407,20.798794517388579],[92.297598590037211,20.799697163364424]]]}},
{"type":"Feature","properties":{"class":"sand"},"geometry":{"type":"Polygon","coordinates":[[[92.299306909662775,20.796405951210676],[92.299574298821582,20.796489273923292],[92.299782268167291,20.796433725453337],[92.299990237513015,20.796336515581665],[92.30004965732607,20.796086547052667],[92.300079367232598,20.795947675468707],[92.299945672653209,20.795808803756913],[92.299856542933625,20.795725480668477],[92.299722848354222,20.795642157534015],[92.299633718634638,20.795628270340458],[92.299306909662775,20.796405951210676]]]}},
{"type":"Feature","properties":{"class":"sand"},"geometry":{"type":"Polygon","coordinates":[[[92.300718130223032,20.793073004971095],[92.30088153470895,20.793128554678415],[92.301089504054659,20.7931563295244],[92.301208343680798,20.793114667253512],[92.30138660311998,20.792753593757134],[92.301772831904898,20.791948118997801],[92.3014311679798,20.792225869400507],[92.301282618447132,20.792323081920674],[92.300718130223032,20.793073004971095]]]}},
{"type":"Feature","properties":{"class":"sand"},"geometry":{"type":"Polygon","coordinates":[[[92.307105760127271,20.782018206301156],[92.307640538444872,20.78214320226877],[92.308249591528735,20.781837656387452],[92.308383286108139,20.781643217777397],[92.308814079752835,20.780768240933316],[92.308799224799586,20.780532135201867],[92.308472415827751,20.780365472110333],[92.308323866295098,20.780282140495579],[92.307105760127271,20.782018206301156]]]}},
{"type":"Feature","properties":{"class":"sand"},"geometry":{"type":"Polygon","coordinates":[[[92.31119087227539,20.775976611162829],[92.31145826143414,20.776157168084723],[92.311666230779863,20.776171057069774],[92.31270607750848,20.774921043299582],[92.312914046854203,20.774268254218519],[92.312720932461744,20.774198808405551],[92.312602092835633,20.774282143377267],[92.31119087227539,20.775976611162829]]]}},
{"type":"Feature","properties":{"class":"sand"},"geometry":{"type":"Polygon","coordinates":[[[92.316642640123902,20.768587481203642],[92.316939739189209,20.768254128474382],[92.317296258067586,20.767712428720632],[92.317489372460059,20.76769853895782],[92.317325967974099,20.768004113444757],[92.316984304049015,20.768406915233271],[92.316880319376139,20.768601370884735],[92.316642640123902,20.768587481203642]]]}},
{"type":"Feature","properties":{"class":"sand"},"geometry":{"type":"Polygon","coordinates":[[[92.318796608347427,20.766170657252935],[92.318915447973566,20.7661984370582],[92.320044424421766,20.765156690865631],[92.320074134328294,20.765017790830655],[92.318796608347427,20.766170657252935]]]}},
{"type":"Feature","properties":{"class":"sand"},"geometry":{"type":"Polygon","coordinates":[[[92.324382070775343,20.760781278434454],[92.324515765354732,20.760836840021284],[92.327026252456633,20.758864391181099],[92.32693712273705,20.758725485363083],[92.324382070775343,20.760781278434454]]]}},
{"type":"Feature","properties":{"class":"sand"},"geometry":{"type":"Polygon","coordinates":[[[92.329714998997758,20.757489217959275],[92.331051944791668,20.756183486352334],[92.332626569837842,20.755322252949892],[92.334052645351363,20.755280580241465],[92.334156630024196,20.75555839808068],[92.333250477875012,20.755947342197921],[92.332299760865979,20.756641882775593],[92.331735272641879,20.757128059281403],[92.331363898810238,20.757378092304133],[92.329714998997758,20.757489217959275]]]}},
{"type":"Feature","properties":{"class":"sand"},"geometry":{"type":"Polygon","coordinates":[[[92.339459848340098,20.752294006229082],[92.339608397872738,20.752030073595712],[92.340098611330518,20.751696684347717],[92.341183022918912,20.751446641929352],[92.342311999367126,20.751279946754071],[92.343693510020827,20.751252164206985],[92.344243143291664,20.751321620565118],[92.344614517123304,20.751474424440694],[92.344941326095167,20.751766140501662],[92.344941326095167,20.752057855999851],[92.344837341422291,20.752252332686012],[92.344347127964511,20.752155094374206],[92.343619235254508,20.751918943928043],[92.343069601983657,20.751766140501662],[92.342460548899766,20.751668901877199],[92.341554396750553,20.751766140501662],[92.341019618432995,20.751835596623707],[92.340559114881756,20.751849487844282],[92.340158031143588,20.752002291186447],[92.339950061797836,20.752071747200024],[92.339459848340098,20.752294006229082]]]}},
{"type":"Feature","properties":{"class":"whitewater"},"geometry":{"type":"Polygon","coordinates":[[[91.947563898759171,21.455785659533113],[91.947578753712421,21.455868612549761],[91.947742158198366,21.45570270646926],[91.948098677076757,21.455329417097804],[91.948202661749605,21.455039080259201],[91.948158096889784,21.455039080259215],[91.947563898759171,21.455785659533113]]]}},
{"type":"Feature","properties":{"class":"whitewater"},"geometry":{"type":"Polygon","coordinates":[[[91.949168233711873,21.452979054656556],[91.949272218384721,21.452979054656549],[91.949806996702307,21.452536629253839],[91.950237790347018,21.452025073208478],[91.950401194832935,21.45184533687458],[91.950341775019865,21.451831510993561],[91.950208080440461,21.451886814509752],[91.950074385861072,21.452135680073056],[91.949910981375155,21.452315416049053],[91.949762431842501,21.452426022693412],[91.949688157076181,21.452467500163401],[91.949599027356584,21.452550455067993],[91.949168233711873,21.452979054656556]]]}},
{"type":"Feature","properties":{"class":"whitewater"},"geometry":{"type":"Polygon","coordinates":[[[91.951871835206219,21.448181432550328],[91.951946109972539,21.448222911227663],[91.952644292776043,21.447476293230959],[91.953015666607683,21.447047677468888],[91.952837407168502,21.447061503803472],[91.952614582869515,21.44740716174163],[91.952406613523792,21.44761455611129],[91.952317483804208,21.447697513776596],[91.951871835206219,21.448181432550328]]]}},
{"type":"Feature","properties":{"class":"whitewater"},"geometry":{"type":"Polygon","coordinates":[[[91.953832689037299,21.445623557988494],[91.954040658383022,21.445609731517617],[91.95456058174733,21.444904579764952],[91.954486306980982,21.444890753225906],[91.954471452027732,21.444890753225913],[91.953832689037299,21.445623557988494]]]}},
{"type":"Feature","properties":{"class":"whitewater"},"geometry":{"type":"Polygon","coordinates":[[[91.954768551093053,21.444558915896],[91.954976520438763,21.444545089324205],[91.955555863616127,21.443853759063408],[91.955555863616127,21.443826105784822],[91.955303329410583,21.444088811719695],[91.954768551093053,21.444558915896]]]}},
{"type":"Feature","properties":{"class":"whitewater"},"geometry":{"type":"Polygon","coordinates":[[[91.957873236325568,21.440936309276815],[91.957932656138638,21.44096396310319],[91.958690258755198,21.440162000010403],[91.958571419129072,21.440189653983548],[91.957873236325568,21.440936309276815]]]}},
{"type":"Feature","properties":{"class":"whitewater"},"geometry":{"type":"Polygon","coordinates":[[[91.959685540624022,21.438986701307176],[91.959744960437092,21.439055836787091],[91.960903646791806,21.437908183579186],[91.960903646791806,21.437894356377054],[91.960740242305889,21.437949665177662],[91.960517418006916,21.438184727346332],[91.960339158567706,21.438322999033364],[91.960175754081803,21.438475097737765],[91.959685540624022,21.438986701307176]]]}},
{"type":"Feature","properties":{"class":"whitewater"},"geometry":{"type":"Polygon","coordinates":[[[91.962879355576163,21.435668159749682],[91.962953630342497,21.435695814574476],[91.963399278940457,21.435322473997367],[91.963443843800277,21.435225681839988],[91.963339859127387,21.43522568183997],[91.96322101950129,21.435363956330882],[91.963131889781693,21.435460748396558],[91.962879355576163,21.435668159749682]]]}},
{"type":"Feature","properties":{"class":"whitewater"},"geometry":{"type":"Polygon","coordinates":[[[91.966132590341388,21.431561360095056],[91.966177155201166,21.431616671295803],[91.966548529032821,21.431215664615614],[91.966905047911212,21.430787001084042],[91.966756498378516,21.430842312578203],[91.966622803799154,21.430966763363443],[91.966429689406695,21.431270975947339],[91.966310849780555,21.431367770727441],[91.966132590341388,21.431561360095056]]]}},
{"type":"Feature","properties":{"class":"whitewater"},"geometry":{"type":"Polygon","coordinates":[[[91.967454681182019,21.430067949752718],[91.967632940621229,21.43015091739478],[91.967736925294062,21.42994349820118],[91.967930039686522,21.429777562634094],[91.967781490153882,21.429777562634094],[91.967603230714673,21.429860530441228],[91.967603230714673,21.429902014327098],[91.967454681182019,21.430067949752718]]]}},
{"type":"Feature","properties":{"class":"whitewater"},"geometry":{"type":"Polygon","coordinates":[[[91.971688342862791,21.425988649197933],[91.971732907722597,21.426071619158328],[91.972609349965268,21.425145118590887],[91.972416235572794,21.425200432222621],[91.972252831086891,21.425338716210259],[91.972104281554223,21.425532313572958],[91.971688342862791,21.425988649197933]]]}},
{"type":"Feature","properties":{"class":"whitewater"},"geometry":{"type":"Polygon","coordinates":[[[91.972743044544657,21.424785579473884],[91.972906449030575,21.424799407917838],[91.973233258002438,21.424232440642101],[91.973173838189368,21.424135641131105],[91.973054998563228,21.424246269138433],[91.972965868843644,21.424384554029732],[91.972743044544657,21.424785579473884]]]}},
{"type":"Feature","properties":{"class":"whitewater"},"geometry":{"type":"Polygon","coordinates":[[[91.974911867721445,21.421715632501595],[91.974941577627987,21.421757118701677],[91.975015852394336,21.421757118701677],[91.977942278187683,21.418631791966494],[91.977868003421364,21.41856264681353],[91.9775411944495,21.418991346234225],[91.977065835945012,21.419406215443278],[91.976739026973149,21.419821083473927],[91.976323088281703,21.420249779200905],[91.974911867721445,21.421715632501595]]]}},
{"type":"Feature","properties":{"class":"whitewater"},"geometry":{"type":"Polygon","coordinates":[[[91.977912568281155,21.417802047970628],[91.977957133140933,21.417843535282369],[91.978685025850965,21.417138249380272],[91.978610751084616,21.417055274344378],[91.978373071832394,21.417235053529243],[91.978075972767073,21.417566952981542],[91.977912568281155,21.417802047970628]]]}},
{"type":"Feature","properties":{"class":"whitewater"},"geometry":{"type":"Polygon","coordinates":[[[91.979903132018748,21.415340446383599],[91.97991798697204,21.415409593061824],[91.980096246411208,21.415312787703144],[91.980527040055918,21.414884077486469],[91.980631024728794,21.414621318989894],[91.98049733014939,21.414662807204984],[91.980140811271013,21.415008541872531],[91.979903132018748,21.415340446383599]]]}},
{"type":"Feature","properties":{"class":"whitewater"},"geometry":{"type":"Polygon","coordinates":[[[91.980393345476543,21.414441536588349],[91.98049733014939,21.414662807204984],[91.980601314822238,21.41438621888183],[91.980898413887587,21.414081971121572],[91.980735009401641,21.414109630035053],[91.980393345476543,21.414441536588349]]]}},
{"type":"Feature","properties":{"class":"whitewater"},"geometry":{"type":"Polygon","coordinates":[[[91.981477757064908,21.413307519418186],[91.98158174173777,21.413349008006371],[91.982116520055328,21.412920292027025],[91.982473038933719,21.412560722816306],[91.982770137999012,21.412214982356094],[91.983141511830652,21.411869241077749],[91.983557450522099,21.411440520756418],[91.984077373886421,21.410859671862813],[91.984419037811506,21.410417118775026],[91.984671572017049,21.410016053881488],[91.984582442297452,21.409891585242431],[91.984433892764798,21.410002224037953],[91.984255633325603,21.410347969733991],[91.984077373886421,21.410638395486473],[91.983795129774379,21.410901161146068],[91.983483175755765,21.411274564165289],[91.983260351456792,21.41152349898131],[91.983067237064333,21.411744774017286],[91.982844412765346,21.411979878375845],[91.982636443419622,21.412201152720673],[91.982398764167385,21.41247774518046],[91.982205649774912,21.412699018771299],[91.982042245289009,21.412809655441059],[91.981893695756355,21.41285114417062],[91.981477757064908,21.413307519418186]]]}},
{"type":"Feature","properties":{"class":"whitewater"},"geometry":{"type":"Polygon","coordinates":[[[91.985518304353192,21.408716042866821],[91.985503449399943,21.408826682552352],[91.985815403418513,21.408550083181449],[91.986067937624014,21.408107523099044],[91.986350181736086,21.407844752416025],[91.986186777250154,21.407900072599084],[91.985978807904431,21.408010712902389],[91.985874823231583,21.408190503216591],[91.985726273698916,21.408384123307613],[91.985637143979332,21.408508593230668],[91.985518304353192,21.408716042866821]]]}},
{"type":"Feature","properties":{"class":"whitewater"},"geometry":{"type":"Polygon","coordinates":[[[91.987167204165701,21.406835155396848],[91.987256333885284,21.406890475962058],[91.987523723044077,21.406669193575532],[91.987939661735524,21.406088325716883],[91.988177340987804,21.405867042115876],[91.988147631081247,21.405797890921853],[91.9880436464084,21.405839381642188],[91.987880241922454,21.406033004848037],[91.987701982483287,21.406240457998237],[91.987553432950619,21.406475571212493],[91.987523723044077,21.406530891913832],[91.987167204165701,21.406835155396848]]]}},
{"type":"Feature","properties":{"class":"whitewater"},"geometry":{"type":"Polygon","coordinates":[[[91.988949798557584,21.404788279763306],[91.989053783230474,21.404829770770256],[91.989187477809864,21.404691467367989],[91.989365737249031,21.404484012019221],[91.989588561548018,21.404221234821435],[91.989841095753562,21.403999948393736],[91.990034210146007,21.403737170325719],[91.990034210146007,21.403598865889663],[91.989930225473145,21.403668018124051],[91.989751966033964,21.403903135476277],[91.989647981361088,21.404041439624443],[91.989558851641505,21.404138252450295],[91.989469721921907,21.404248895601356],[91.989306317435961,21.404414860170871],[91.989187477809864,21.404525503112524],[91.988949798557584,21.404788279763306]]]}},
{"type":"Feature","properties":{"class":"whitewater"},"geometry":{"type":"Polygon","coordinates":[[[91.990955217248469,21.402257306069043],[91.991029492014832,21.402271136645453],[91.991178041547471,21.402119000232815],[91.99151970547257,21.401787065692044],[91.991653400051959,21.401538114291839],[91.991564270332375,21.401538114291842],[91.991430575752986,21.401690251309002],[91.991311736126846,21.401856218783529],[91.991192896500749,21.40200835546964],[91.990955217248469,21.402257306069043]]]}},
{"type":"Feature","properties":{"class":"whitewater"},"geometry":{"type":"Polygon","coordinates":[[[91.992797231453423,21.39978161180953],[91.992886361173007,21.399809273429497],[91.99309433051873,21.399601811152174],[91.993302299864453,21.399283701755174],[91.993465704350399,21.399062407853393],[91.993554834069982,21.398910268101641],[91.993435994443857,21.398910268101634],[91.993302299864453,21.399048576973424],[91.993198315191606,21.399269870896141],[91.993079475565466,21.399477333644466],[91.992797231453423,21.39978161180953]]]}},
{"type":"Feature","properties":{"class":"whitewater"},"geometry":{"type":"Polygon","coordinates":[[[91.993643963789566,21.398357031306201],[91.993673673696122,21.398412355079945],[91.99376280341572,21.398398524138461],[91.993941062854887,21.398177228896952],[91.994059902481027,21.39802508822412],[91.99416388715386,21.39788677838418],[91.994327291639806,21.397748468413411],[91.994312436686556,21.39761015831181],[91.994178742107152,21.39770697539667],[91.994045047527763,21.397817623415158],[91.993970772761429,21.397942102335872],[91.993866788088567,21.398121905034234],[91.99377765836897,21.398191059859368],[91.993643963789566,21.398357031306201]]]}},
{"type":"Feature","properties":{"class":"whitewater"},"geometry":{"type":"Polygon","coordinates":[[[91.995976191452314,21.395189710356544],[91.99602075631212,21.395217372845217],[91.996303000424135,21.394926916453237],[91.996570389582928,21.394567302978196],[91.996689229209068,21.394373664586883],[91.996748649022095,21.394221519956712],[91.996629809395998,21.394318339285135],[91.996406985097011,21.394636459484378],[91.996317855377427,21.394788603682862],[91.996228725657815,21.394899253909639],[91.996124740984968,21.394996072789365],[91.995976191452314,21.395189710356544]]]}},
{"type":"Feature","properties":{"class":"whitewater"},"geometry":{"type":"Polygon","coordinates":[[[91.997476541732141,21.39310117735139],[91.997550816498489,21.393115008793892],[91.997669656124614,21.393004357217173],[91.997847915563781,21.392630907527664],[91.998011320049699,21.392423435065904],[91.998041029956255,21.392257456884607],[91.997937045283365,21.392285119927891],[91.997833060610532,21.392492592585874],[91.997729075937642,21.392727727909104],[91.997610236311544,21.392879874093293],[91.997550816498489,21.392962862854318],[91.997476541732141,21.39310117735139]]]}},
{"type":"Feature","properties":{"class":"whitewater"},"geometry":{"type":"Polygon","coordinates":[[[91.998798632572786,21.390791308102823],[91.998813487526078,21.390915793004268],[91.998902617245662,21.390846634738761],[91.999140296497899,21.390611496391443],[91.999318555937108,21.390376357666131],[91.999437395563206,21.390168882006357],[91.999541380236096,21.389989069529854],[91.999452250516498,21.39000290126668],[91.999333410890372,21.390168882006364],[91.999214571264233,21.390362525964644],[91.999110586591385,21.390500842920741],[91.999006601918495,21.390597664712189],[91.998798632572786,21.390791308102823]]]}},
{"type":"Feature","properties":{"class":"whitewater"},"geometry":{"type":"Polygon","coordinates":[[[91.999333410890372,21.388813367120704],[91.999363120796929,21.388937853705428],[91.999467105469776,21.388841030815364],[91.999615655002458,21.388702712289785],[91.999689929768763,21.388619721111667],[91.999645364908986,21.388592057375167],[91.999541380236096,21.388605889244054],[91.999333410890372,21.388813367120704]]]}},
{"type":"Feature","properties":{"class":"whitewater"},"geometry":{"type":"Polygon","coordinates":[[[92.000224708086336,21.389020844703076],[92.000492097245129,21.388854862660715],[92.000551517058199,21.3887580397157],[92.000506952198393,21.388744207861183],[92.000388112572253,21.388799535271414],[92.000224708086336,21.389020844703076]]]}},
{"type":"Feature","properties":{"class":"whitewater"},"geometry":{"type":"Polygon","coordinates":[[[92.0008040512637,21.386987551707342],[92.000893180983297,21.38704287978193],[92.001026875562687,21.386946055637662],[92.001130860235563,21.386835399394325],[92.001130860235563,21.386738575112723],[92.001101150329006,21.38672474306728],[92.0008040512637,21.386987551707342]]]}},
{"type":"Feature","properties":{"class":"whitewater"},"geometry":{"type":"Polygon","coordinates":[[[92.002438096122944,21.384331779520782],[92.002527225842513,21.384373276331917],[92.002660920421917,21.384193456731978],[92.002735195188251,21.384096630702018],[92.002705485281723,21.384096630702018],[92.002438096122944,21.384331779520782]]]}},
{"type":"Feature","properties":{"class":"whitewater"},"geometry":{"type":"Polygon","coordinates":[[[92.003062004160114,21.38512021691999],[92.003136278926434,21.385134049117156],[92.00368591219727,21.384317947247791],[92.00355221761788,21.384304114973482],[92.003062004160114,21.38512021691999]]]}},
{"type":"Feature","properties":{"class":"whitewater"},"geometry":{"type":"Polygon","coordinates":[[[92.004874308458511,21.381786619275012],[92.004933728271581,21.381841949316293],[92.005735895747932,21.381025829086052],[92.006151834439365,21.380541687815619],[92.006701467710215,21.380029879588204],[92.006954001915716,21.379670229492771],[92.006894582102689,21.379670229492778],[92.006552918177576,21.379974548861831],[92.006330093878589,21.380223536965833],[92.006003284906726,21.380583185701557],[92.004874308458511,21.381786619275012]]]}},
{"type":"Feature","properties":{"class":"whitewater"},"geometry":{"type":"Polygon","coordinates":[[[92.008231527896569,21.378093291718326],[92.008320657616196,21.378148623155937],[92.008484062102113,21.378010294522717],[92.008796016120684,21.377595307838693],[92.00890000079356,21.377470811604056],[92.00872174135435,21.377429312835634],[92.008513772008655,21.377705971069481],[92.008231527896569,21.378093291718326]]]}},
{"type":"Feature","properties":{"class":"whitewater"},"geometry":{"type":"Polygon","coordinates":[[[92.009405069204604,21.376502503942231],[92.009538763783993,21.376461004899301],[92.010103252008093,21.375631021569866],[92.010043832195024,21.375631021569873],[92.009405069204604,21.376502503942231]]]}},
{"type":"Feature","properties":{"class":"whitewater"},"geometry":{"type":"Polygon","coordinates":[[[92.011796716680394,21.372518542173619],[92.011900701353241,21.372518542173633],[92.012465189577341,21.371647036084799],[92.012435479670827,21.371647036084799],[92.011796716680394,21.372518542173619]]]}},
{"type":"Feature","properties":{"class":"whitewater"},"geometry":{"type":"Polygon","coordinates":[[[92.01115795368996,21.373625209095781],[92.011217373503001,21.373625209095792],[92.011455052755281,21.373168710004034],[92.011395632942211,21.373099543350822],[92.01115795368996,21.373625209095781]]]}},
{"type":"Feature","properties":{"class":"whitewater"},"geometry":{"type":"Polygon","coordinates":[[[92.013519891259222,21.370166847189658],[92.013935829950668,21.369710337315109],[92.014322058735559,21.369281493409225],[92.014767707333533,21.36875581206931],[92.014886546959673,21.368811147036062],[92.013519891259222,21.370166847189658]]]}},
{"type":"Feature","properties":{"class":"whitewater"},"geometry":{"type":"Polygon","coordinates":[[[92.015584729763162,21.367925785058894],[92.016461172005819,21.367220258401076],[92.016490881912389,21.367303261713698],[92.015777844155622,21.367967286521154],[92.015584729763162,21.367925785058894]]]}},
{"type":"Feature","properties":{"class":"whitewater"},"geometry":{"type":"Polygon","coordinates":[[[92.017976377238966,21.365103658034251],[92.018258621350981,21.364674800638415],[92.018377460977121,21.364660966507955],[92.018095216865063,21.365089823944309],[92.017976377238966,21.365103658034251]]]}},
{"type":"Feature","properties":{"class":"whitewater"},"geometry":{"type":"Polygon","coordinates":[[[92.020026360789601,21.358310962698493],[92.020338314808171,21.357757572421903],[92.020724543593104,21.35725951938592],[92.020709688639812,21.357577720131982],[92.020204620228782,21.358269458500242],[92.020026360789601,21.358310962698493]]]}},
{"type":"Feature","properties":{"class":"whitewater"},"geometry":{"type":"Polygon","coordinates":[[[92.022536847891516,21.353247363739186],[92.022625977611099,21.353344210169247],[92.022863656863379,21.353081341138765],[92.023131046022172,21.352624778017848],[92.02317561088195,21.351933013003343],[92.02311619106888,21.351905342334849],[92.022997351442768,21.352444919428191],[92.022685397424169,21.353067505913572],[92.022536847891516,21.353247363739186]]]}},
{"type":"Feature","properties":{"class":"whitewater"},"geometry":{"type":"Polygon","coordinates":[[[92.023071626209102,21.351255080121348],[92.023190465835199,21.351324257089715],[92.023769809012606,21.350189750685718],[92.02368067929298,21.350134408685289],[92.023621259479938,21.350148244187352],[92.023071626209102,21.351255080121348]]]}},
{"type":"Feature","properties":{"class":"whitewater"},"geometry":{"type":"Polygon","coordinates":[[[92.025285014245696,21.345554785749066],[92.02535928901203,21.345651637261732],[92.025552403404447,21.345374918484406],[92.025775227703463,21.344572431076685],[92.02586435742306,21.344143513592055],[92.025775227703463,21.344115841453192],[92.025537548451197,21.34471079128792],[92.025522693497948,21.345139707113031],[92.0254484187316,21.345291902749366],[92.025285014245696,21.345554785749066]]]}},
{"type":"Feature","properties":{"class":"whitewater"},"geometry":{"type":"Polygon","coordinates":[[[92.025433563778336,21.337515887186552],[92.025582113310961,21.337502050492443],[92.0257009529371,21.33714229598748],[92.025849502469754,21.336395110734667],[92.025804937609976,21.336215232234977],[92.025522693497933,21.336962418404102],[92.025433563778336,21.337515887186552]]]}},
{"type":"Feature","properties":{"class":"whitewater"},"geometry":{"type":"Polygon","coordinates":[[[92.027037898731024,21.333226449498333],[92.027171593310428,21.33321261239961],[92.027379562656151,21.33299121864254],[92.027557822095318,21.33260377876373],[92.027424127515928,21.332617615919883],[92.027037898731024,21.333226449498333]]]}},
{"type":"Feature","properties":{"class":"whitewater"},"geometry":{"type":"Polygon","coordinates":[[[92.027944050880265,21.33134459209133],[92.028018325646585,21.331496802043521],[92.028716508450088,21.330652726682118],[92.029132447141521,21.329891670963843],[92.028731363403338,21.330126906789172],[92.027944050880265,21.33134459209133]]]}},
{"type":"Feature","properties":{"class":"whitewater"},"geometry":{"type":"Polygon","coordinates":[[[92.028463974244573,21.329960858010445],[92.028567958917421,21.329988532819954],[92.029325561533952,21.329033748875695],[92.029875194804802,21.32820349691767],[92.029756355178662,21.328175821771509],[92.029280996674174,21.328770836263899],[92.029058172375201,21.329061423860061],[92.028463974244573,21.329960858010445]]]}},
{"type":"Feature","properties":{"class":"whitewater"},"geometry":{"type":"Polygon","coordinates":[[[92.031583514430352,21.324619522063053],[92.031702354056492,21.324674873691475],[92.032088582841396,21.323706217180266],[92.031925178355479,21.323692379183793],[92.031761773869533,21.324176708284163],[92.031583514430352,21.324619522063053]]]}},
{"type":"Feature","properties":{"class":"whitewater"},"geometry":{"type":"Polygon","coordinates":[[[92.031494384710768,21.32323572456821],[92.031583514430352,21.323235724568214],[92.03159836938363,21.323000477696638],[92.031494384710768,21.322903611228163],[92.031494384710768,21.32323572456821]]]}},
{"type":"Feature","properties":{"class":"whitewater"},"geometry":{"type":"Polygon","coordinates":[[[92.031093300972586,21.321948781189761],[92.031301270318309,21.321990295668407],[92.031212140598726,21.32124303325639],[92.031123010879099,21.321256871483779],[92.031093300972586,21.321948781189761]]]}},
{"type":"Feature","properties":{"class":"whitewater"},"geometry":{"type":"Polygon","coordinates":[[[92.030766492000751,21.321104650910797],[92.030900186580112,21.321132327390352],[92.031033881159516,21.320869400623895],[92.031004171253002,21.320039102480287],[92.030900186580112,21.320011425794618],[92.030766492000751,21.321104650910797]]]}},
{"type":"Feature","properties":{"class":"whitewater"},"geometry":{"type":"Polygon","coordinates":[[[92.029964324524386,21.315043376195259],[92.030068309197219,21.315043376195252],[92.030157438916831,21.314489822656249],[92.030008889384192,21.314254561770291],[92.029979179477635,21.3144483060567],[92.029964324524386,21.315043376195259]]]}},
{"type":"Feature","properties":{"class":"whitewater"},"geometry":{"type":"Polygon","coordinates":[[[92.029221576861076,21.313728683132933],[92.029414691253535,21.313714844196006],[92.029444401160077,21.313424226219002],[92.029355271440465,21.313216641597617],[92.029280996674146,21.313188963625915],[92.029221576861076,21.313728683132933]]]}},
{"type":"Feature","properties":{"class":"whitewater"},"geometry":{"type":"Polygon","coordinates":[[[92.036961007512559,21.305231330450152],[92.037213541718089,21.304926855922798],[92.037495785830131,21.304456303139375],[92.037510640783395,21.304719259292348],[92.037243251624631,21.305120612513207],[92.036961007512559,21.305231330450152]]]}},
{"type":"Feature","properties":{"class":"whitewater"},"geometry":{"type":"Polygon","coordinates":[[[92.037495785830131,21.303418313729527],[92.037555205643201,21.303584392527902],[92.037763174988939,21.303473673349849],[92.038060274054232,21.3029339161621],[92.038639617231595,21.301909756047817],[92.038966426203459,21.301383833215159],[92.039144685642626,21.300996309923448],[92.038981281156723,21.30105167045626],[92.038877296483832,21.301079350714854],[92.038669327138138,21.301577594477759],[92.038372228072802,21.302075836551282],[92.038149403773829,21.302477196993014],[92.037837449755258,21.302892396296308],[92.037674045269341,21.303086155569659],[92.037495785830131,21.303418313729527]]]}},
{"type":"Feature","properties":{"class":"whitewater"},"geometry":{"type":"Polygon","coordinates":[[[92.039070410876306,21.300567265087011],[92.03915954059589,21.300664146288593],[92.039293235175279,21.300553424910142],[92.039545769380823,21.300207420064744],[92.039738883773282,21.299930615601863],[92.040110257604923,21.299529248204585],[92.040585616109411,21.298961795875929],[92.040882715174746,21.298671148712732],[92.041001554800843,21.298422022115354],[92.040867860221454,21.298449702869256],[92.040585616109411,21.298726510121469],[92.040303371997354,21.29896179587594],[92.040080547698366,21.299266282763735],[92.039872578352643,21.299584609290079],[92.039634899100406,21.299930615601866],[92.039456639661196,21.300069017898466],[92.039322945081821,21.300165899428549],[92.039174395549182,21.300276621099002],[92.039129830689376,21.300387342686019],[92.039070410876306,21.300567265087011]]]}},
{"type":"Feature","properties":{"class":"whitewater"},"geometry":{"type":"Polygon","coordinates":[[[92.041179814240053,21.298020650597991],[92.041239234053094,21.298117533478393],[92.041521478165166,21.2979237676537],[92.041759157417417,21.297633118437684],[92.042056256482724,21.297190223288986],[92.042264225828447,21.296858051051618],[92.042323645641517,21.296595080831292],[92.042397920407851,21.296415153567366],[92.042293935735003,21.29629058840947],[92.042145386202307,21.296442834699238],[92.042115676295793,21.296664283566468],[92.04196712676314,21.296899572622344],[92.041848287137014,21.297121020801438],[92.041744302464124,21.297231744765877],[92.041640317791277,21.297370149604095],[92.041491768258624,21.297591597074195],[92.041402638539026,21.297688480237433],[92.041313508819457,21.297840725079205],[92.041179814240053,21.298020650597991]]]}},
{"type":"Feature","properties":{"class":"whitewater"},"geometry":{"type":"Polygon","coordinates":[[[92.042858423959061,21.294339053820476],[92.042947553678658,21.294408257617789],[92.043244652743994,21.293605491565977],[92.042858423959061,21.294339053820476]]]}},
{"type":"Feature","properties":{"class":"whitewater"},"geometry":{"type":"Polygon","coordinates":[[[92.0429772635852,21.292567425516786],[92.0429772635852,21.292747357490462],[92.043155523024382,21.292664311991519],[92.043333782463591,21.292276765709474],[92.043437767136425,21.291958423356402],[92.043185232930924,21.292179878979333],[92.043051538351534,21.292276765709474],[92.0429772635852,21.292567425516786]]]}},
{"type":"Feature","properties":{"class":"whitewater"},"geometry":{"type":"Polygon","coordinates":[[[92.044165659846442,21.289660801584834],[92.044329064332388,21.289660801584823],[92.045056957042405,21.288498135922818],[92.044967827322807,21.288428929343521],[92.044626163397695,21.288844168330737],[92.044165659846442,21.289660801584834]]]}},
{"type":"Feature","properties":{"class":"whitewater"},"geometry":{"type":"Polygon","coordinates":[[[92.044314209379124,21.288664231580253],[92.044418194051971,21.288705755465291],[92.045235216481601,21.287197046782016],[92.045368911060976,21.286726437236528],[92.045116376855475,21.286781803143576],[92.044967827322807,21.287183205346309],[92.044759857977098,21.287736861759036],[92.044670728257501,21.287999847824832],[92.044314209379124,21.288664231580253]]]}},
{"type":"Feature","properties":{"class":"whitewater"},"geometry":{"type":"Polygon","coordinates":[[[92.044730148070542,21.28680948608929],[92.044878697603238,21.286823327560189],[92.045309491247934,21.28567448104209],[92.045413475920796,21.285176183376244],[92.045309491247934,21.284996242137538],[92.045116376855475,21.285120816864708],[92.045086666948961,21.28556374837337],[92.045012392182585,21.285909787686304],[92.044997537229335,21.286145093953998],[92.044997537229335,21.286255826185002],[92.044923262463016,21.286380399845196],[92.044730148070542,21.28680948608929]]]}},
{"type":"Feature","properties":{"class":"whitewater"},"geometry":{"type":"Polygon","coordinates":[[[92.044819277790168,21.284982400494687],[92.044938117416265,21.285051608695987],[92.045116376855475,21.28476093403167],[92.045339201154448,21.284027323990955],[92.045354056107712,21.283224501262531],[92.045324346201198,21.282878455631558],[92.045131231808725,21.283044557636025],[92.045160941715281,21.283390602876231],[92.045160941715281,21.283847381346657],[92.045071811995655,21.284027323990951],[92.045012392182585,21.284359525217461],[92.045012392182585,21.28459483396556],[92.044938117416265,21.284733250700352],[92.044819277790168,21.284982400494687]]]}},
{"type":"Feature","properties":{"class":"whitewater"},"geometry":{"type":"Polygon","coordinates":[[[92.045027247135849,21.282435516035903],[92.045101521902211,21.282504725435658],[92.045606590313241,21.280843690854056],[92.045428330874046,21.280899058975624],[92.045205506575059,21.281646526577159],[92.045027247135849,21.282435516035903]]]}},
{"type":"Feature","properties":{"class":"whitewater"},"geometry":{"type":"Polygon","coordinates":[[[92.045205506575059,21.280428429277933],[92.045279781341378,21.280428429277936],[92.045472895733852,21.279750166182662],[92.045339201154448,21.279736324046112],[92.045235216481601,21.280165429673431],[92.045205506575059,21.280428429277933]]]}},
{"type":"Feature","properties":{"class":"whitewater"},"geometry":{"type":"Polygon","coordinates":[[[92.045056957042405,21.279238006262972],[92.045116376855461,21.279307217167137],[92.045190651621809,21.279279532809376],[92.045279781341378,21.278988846738432],[92.045264926388128,21.278518210929594],[92.045175796668531,21.278421315135009],[92.045071811995655,21.278490526423369],[92.045056957042405,21.279238006262972]]]}},
{"type":"Feature","properties":{"class":"whitewater"},"geometry":{"type":"Polygon","coordinates":[[[92.045012392182585,21.278130627368324],[92.045160941715238,21.278172154227299],[92.045146086761989,21.277964519815189],[92.045101521902211,21.276663337494067],[92.045012392182585,21.276289591508522],[92.044923262463016,21.276469543397855],[92.044908407509737,21.277286245360227],[92.044967827322807,21.277424668972355],[92.045012392182585,21.278130627368324]]]}},
{"type":"Feature","properties":{"class":"whitewater"},"geometry":{"type":"Polygon","coordinates":[[[92.044685583210764,21.275915844573621],[92.044804422836904,21.275915844573621],[92.044834132743432,21.275625151856794],[92.044715293117292,21.275403671306112],[92.044433049005235,21.275112977577429],[92.044403339098722,21.274697699825968],[92.044403339098722,21.274074781001296],[92.044492468818305,21.273631814899453],[92.044655873304251,21.273188847464201],[92.044774712930362,21.272925834918638],[92.044626163397695,21.272870463796519],[92.044492468818305,21.273161161955226],[92.044388484145458,21.273465702267497],[92.044284499472582,21.273867140807077],[92.044254789566068,21.274199364977182],[92.044210224706262,21.274573116271991],[92.044195369752998,21.274753070260541],[92.044284499472582,21.275099135004602],[92.044462758911791,21.275348301116352],[92.044566743584625,21.27554209668936],[92.044685583210764,21.275915844573621]]]}},
{"type":"Feature","properties":{"class":"whitewater"},"geometry":{"type":"Polygon","coordinates":[[[92.043883415734427,21.273202690216738],[92.044017110313817,21.273230375717898],[92.044195369752998,21.273147319198792],[92.044299354425831,21.272621293489149],[92.043883415734427,21.273202690216738]]]}},
{"type":"Feature","properties":{"class":"whitewater"},"geometry":{"type":"Polygon","coordinates":[[[92.044343919285652,21.271984523009184],[92.044492468818305,21.272109108754659],[92.044596453491195,21.272012208739504],[92.044789567883612,21.271237006321432],[92.045086666948961,21.27029568361008],[92.045354056107726,21.269603530716736],[92.045636300219769,21.268939060876928],[92.045621445266505,21.268246901604048],[92.04529463629467,21.26856529527381],[92.044952972369572,21.269880392264675],[92.044685583210764,21.270724816769324],[92.044462758911791,21.271209320445269],[92.044343919285652,21.271984523009184]]]}},
{"type":"Feature","properties":{"class":"whitewater"},"geometry":{"type":"Polygon","coordinates":[[[92.045220361528351,21.270752502736627],[92.045309491247949,21.270835560607299],[92.045428330874046,21.270447956809814],[92.045502605640408,21.270143410252839],[92.045413475920796,21.270157253291817],[92.045220361528351,21.270752502736627]]]}},
{"type":"Feature","properties":{"class":"whitewater"},"geometry":{"type":"Polygon","coordinates":[[[92.045562025453435,21.266821043243777],[92.045814559658979,21.266834886595223],[92.046200788443869,21.265242892645745],[92.046141368630799,21.265159831619322],[92.045918544331826,21.265339797117345],[92.045829414612228,21.265616666684743],[92.045740284892645,21.266156560843473],[92.045562025453435,21.266821043243777]]]}},
{"type":"Feature","properties":{"class":"whitewater"},"geometry":{"type":"Polygon","coordinates":[[[92.045591735359992,21.2650352399918],[92.045591735359992,21.265298266637327],[92.045829414612228,21.265159831619318],[92.045933399285076,21.264356905947849],[92.045888834425298,21.263733943358449],[92.045755139845909,21.263595506869521],[92.045680865079575,21.263858536087206],[92.045591735359992,21.2650352399918]]]}},
{"type":"Feature","properties":{"class":"whitewater"},"geometry":{"type":"Polygon","coordinates":[[[92.045562025453435,21.263401695566326],[92.045814559658979,21.263346320861405],[92.046022529004702,21.262404947691468],[92.045918544331826,21.261795820668461],[92.046022529004702,21.261145159474122],[92.045873979472049,21.261131315587686],[92.045666010126325,21.261795820668464],[92.045636300219769,21.262321885063994],[92.045487750687116,21.262709510258016],[92.045547170500186,21.263000228483847],[92.045562025453435,21.263401695566326]]]}},
{"type":"Feature","properties":{"class":"whitewater"},"geometry":{"type":"Polygon","coordinates":[[[92.045250071434879,21.261463568502919],[92.045383766014268,21.26161585083852],[92.045398620967532,21.261837352136443],[92.045443185827338,21.262003477891223],[92.045666010126325,21.261795820668461],[92.045621445266505,21.261380505344395],[92.045666010126325,21.260909813227702],[92.045740284892645,21.260466807508148],[92.045844269565492,21.260134552343878],[92.045873979472049,21.259954580483555],[92.045651155173061,21.259982268476374],[92.045621445266505,21.260411431699499],[92.045532315546936,21.260757530161918],[92.045517460593658,21.26107594002891],[92.045502605640365,21.26121437888677],[92.045443185827338,21.261380505344402],[92.045413475920796,21.261435880788625],[92.045250071434879,21.261463568502919]]]}},
{"type":"Feature","properties":{"class":"whitewater"},"geometry":{"type":"Polygon","coordinates":[[[92.045220361528351,21.259996112470841],[92.045324346201198,21.260106864379679],[92.045651155173061,21.259982268476371],[92.045799704705715,21.259359287378579],[92.045933399285076,21.258404044576718],[92.045903689378562,21.258057940583104],[92.045695720032839,21.258182538114497],[92.045621445266505,21.258459421140209],[92.045532315546922,21.259082406044737],[92.045413475920796,21.259456195722443],[92.045354056107726,21.259594636103053],[92.045220361528351,21.259996112470841]]]}},
{"type":"Feature","properties":{"class":"whitewater"},"geometry":{"type":"Polygon","coordinates":[[[92.045829414612228,21.257836433600335],[92.04600767405141,21.257864121991403],[92.04606709386448,21.257739524190615],[92.046200788443869,21.257241131933373],[92.046185933490619,21.256341252752794],[92.046156223584092,21.255704411856613],[92.046156223584092,21.255136790476168],[92.04600767405141,21.255012190368156],[92.045859124518785,21.255178323822069],[92.045844269565492,21.256078210107709],[92.045784849752451,21.25675658228856],[92.045636300219769,21.257075000806154],[92.045591735359992,21.257268820436348],[92.045636300219769,21.257421107109696],[92.045829414612228,21.257836433600335]]]}},
{"type":"Feature","properties":{"class":"whitewater"},"geometry":{"type":"Polygon","coordinates":[[[92.045814559658979,21.254583011411594],[92.046007674051438,21.254666078404004],[92.046185933490619,21.254666078404007],[92.046230498350425,21.254416877286246],[92.046260208256939,21.253973852035944],[92.046156223584092,21.253710805163145],[92.046052238911216,21.253170865373676],[92.046007674051438,21.252409408460988],[92.045933399285119,21.251786395332182],[92.045859124518785,21.251260293304966],[92.045695720032839,21.251398741389014],[92.045576880406728,21.251841774383664],[92.045458040780602,21.252409408460984],[92.045502605640408,21.252935506384564],[92.045680865079575,21.253226243904702],[92.045829414612228,21.253406223986762],[92.045948254238368,21.253627737632037],[92.045933399285119,21.253918473785962],[92.045888834425298,21.254167675746892],[92.045814559658979,21.254583011411594]]]}},
{"type":"Feature","properties":{"class":"whitewater"},"geometry":{"type":"Polygon","coordinates":[[[92.045606590313255,21.249238936461833],[92.045844269565521,21.249308161469848],[92.046037383957966,21.249072796309886],[92.046037383957966,21.248394388745201],[92.045992819098146,21.2476605974548],[92.046052238911216,21.247037564245471],[92.045918544331826,21.246289920917107],[92.045695720032839,21.246206849202053],[92.045695720032839,21.24696833817071],[92.045695720032839,21.247729823204335],[92.045784849752451,21.248006725877264],[92.045784849752451,21.248339008397931],[92.045740284892645,21.248823585730701],[92.045710574986131,21.248934346040148],[92.045606590313255,21.249238936461833]]]}},
{"type":"Feature","properties":{"class":"whitewater"},"geometry":{"type":"Polygon","coordinates":[[[92.045532315546936,21.245459201659102],[92.045621445266505,21.245569964497406],[92.045725429939395,21.245569964497403],[92.045740284892645,21.245209984968561],[92.045799704705715,21.244960767856576],[92.045784849752451,21.244753086607982],[92.045769994799201,21.244586941398392],[92.045562025453435,21.24461463227966],[92.045606590313255,21.24491923163027],[92.045576880406728,21.245126912644736],[92.045532315546936,21.245459201659102]]]}},
{"type":"Feature","properties":{"class":"whitewater"},"geometry":{"type":"Polygon","coordinates":[[[92.045205506575101,21.243603911742444],[92.045547170500186,21.24364544833945],[92.045606590313255,21.243534684054744],[92.045472895733866,21.243119317245768],[92.045398620967532,21.242759331731111],[92.045264926388171,21.242371654039736],[92.044967827322822,21.241859364097877],[92.044819277790182,21.241471684039421],[92.044774712930362,21.241084002961319],[92.044774712930362,21.240917853615713],[92.044685583210764,21.240987082532481],[92.044566743584667,21.241180923326443],[92.044537033678125,21.241485529773353],[92.044537033678125,21.241734752761715],[92.044670728257515,21.24194243826345],[92.044834132743432,21.242053203744739],[92.044834132743432,21.242316271429164],[92.044819277790182,21.24248241919847],[92.044893552556502,21.242579338644067],[92.044952972369572,21.242717794884385],[92.045027247135891,21.242800868566142],[92.045071811995697,21.242856250994627],[92.045175796668545,21.242967015789183],[92.045235216481615,21.243133162824932],[92.045309491247949,21.243257772978836],[92.045309491247949,21.243423919686819],[92.045205506575101,21.243603911742444]]]}},
{"type":"Feature","properties":{"class":"whitewater"},"geometry":{"type":"Polygon","coordinates":[[[92.044433049005278,21.240114795805237],[92.044745003023849,21.240128641666619],[92.044834132743432,21.23990710772842],[92.044804422836904,21.239671727554299],[92.044730148070585,21.239533268452792],[92.044655873304265,21.239630189837513],[92.044433049005278,21.240114795805237]]]}},
{"type":"Feature","properties":{"class":"whitewater"},"geometry":{"type":"Polygon","coordinates":[[[92.043110958164604,21.239685573457315],[92.043110958164604,21.239782494741878],[92.043259507697258,21.239796340634477],[92.043333782463591,21.239630189837499],[92.043437767136467,21.239422501077936],[92.043437767136467,21.239242503916302],[92.043437767136467,21.239020968646432],[92.043408057229911,21.238896354910825],[92.043363492370133,21.238813279028573],[92.043259507697258,21.238896354910828],[92.043185232930938,21.238965584776942],[92.043244652744008,21.239048660573381],[92.043318927510327,21.239131736322982],[92.043318927510327,21.239242503916298],[92.043289217603814,21.239380963290913],[92.04321494283748,21.239491730696976],[92.043170377977674,21.239588652109006],[92.043110958164604,21.239685573457315]]]}},
{"type":"Feature","properties":{"class":"whitewater"},"geometry":{"type":"Polygon","coordinates":[[[92.043972545454011,21.238522513071999],[92.044061675173637,21.238577897107941],[92.044180514799748,21.238564051100898],[92.044165659846485,21.238328668782344],[92.044046820220345,21.238065593981581],[92.044061675173637,21.237677903945833],[92.044061675173637,21.237387135749977],[92.043927980594233,21.23749790465412],[92.043868560781164,21.23763636566725],[92.043823995921358,21.237830210867173],[92.043823995921358,21.23794097943842],[92.043809140968108,21.238093286087974],[92.043838850874621,21.238190208419407],[92.043972545454011,21.238522513071999]]]}},
{"type":"Feature","properties":{"class":"whitewater"},"geometry":{"type":"Polygon","coordinates":[[[92.043304072557078,21.238079440035431],[92.043363492370133,21.238231746541942],[92.043452622089731,21.238287130687127],[92.043541751809315,21.238162516331212],[92.043601171622385,21.238093286087974],[92.043616026575648,21.237899441233957],[92.043482331996231,21.237857903017783],[92.043304072557078,21.238079440035431]]]}},
{"type":"Feature","properties":{"class":"whitewater"},"geometry":{"type":"Polygon","coordinates":[[[92.043526896856037,21.237276366762622],[92.043690301341954,21.237331751266691],[92.043898270687677,21.237027136236783],[92.043779431061552,21.23654252011935],[92.043675446388661,21.23626559590851],[92.043526896856037,21.237276366762622]]]}},
{"type":"Feature","properties":{"class":"whitewater"},"geometry":{"type":"Polygon","coordinates":[[[92.044254789566054,21.235144047535726],[92.044343919285652,21.235213279163823],[92.044774712930362,21.234230186998523],[92.044670728257501,21.234174801329377],[92.044254789566054,21.235144047535726]]]}},
{"type":"Feature","properties":{"class":"whitewater"},"geometry":{"type":"Polygon","coordinates":[[[92.045131231808725,21.232762459737675],[92.045279781341378,21.232679380399262],[92.045279781341378,21.232374755757984],[92.045190651621809,21.232305522797205],[92.045131231808725,21.232762459737675]]]}},
{"type":"Feature","properties":{"class":"whitewater"},"geometry":{"type":"Polygon","coordinates":[[[92.044551888631375,21.231793197877295],[92.044670728257501,21.231876277714935],[92.044819277790126,21.23158549807841],[92.044908407509737,21.231183944304437],[92.044819277790126,21.23121163770325],[92.044551888631375,21.231793197877295]]]}},
{"type":"Feature","properties":{"class":"whitewater"},"geometry":{"type":"Polygon","coordinates":[[[92.045086666948919,21.229577718275252],[92.045383766014226,21.22928693410681],[92.045591735359949,21.229051536979149],[92.045710574986089,21.229120771467464],[92.045532315546879,21.229425402829953],[92.045428330874046,21.229660799360932],[92.045220361528308,21.229854655045521],[92.045056957042405,21.229896195516218],[92.044863842649946,21.229868501870403],[92.044923262463016,21.229688493045767],[92.045086666948919,21.229577718275252]]]}},
{"type":"Feature","properties":{"class":"whitewater"},"geometry":{"type":"Polygon","coordinates":[[[92.045428330874046,21.228566894650999],[92.045502605640365,21.228594588541227],[92.045636300219769,21.228525353805917],[92.045769994799159,21.228262261515404],[92.045933399285062,21.227971474753598],[92.046141368630799,21.227736075526536],[92.04596310919159,21.227736075526543],[92.045814559658965,21.227902239725811],[92.045591735359949,21.228165332658495],[92.045532315546879,21.228289955462817],[92.045428330874046,21.228566894650999]]]}},
{"type":"Feature","properties":{"class":"whitewater"},"geometry":{"type":"Polygon","coordinates":[[[92.045888834425284,21.227472981828235],[92.046037383957909,21.227514522969699],[92.046200788443869,21.227514522969702],[92.046185933490605,21.227237581805674],[92.046141368630799,21.226974487218257],[92.046096803770979,21.226891404619472],[92.045992819098146,21.227057569770228],[92.045992819098146,21.227182193510465],[92.045888834425284,21.227472981828235]]]}},
{"type":"Feature","properties":{"class":"whitewater"},"geometry":{"type":"Polygon","coordinates":[[[92.045636300219769,21.226600615155249],[92.045710574986089,21.226739086400176],[92.045844269565492,21.226780627748305],[92.046037383957909,21.226642156542365],[92.046096803770979,21.226379060892977],[92.046245353303675,21.22594979856293],[92.046319628069995,21.225811326577105],[92.04600767405141,21.225866715387031],[92.045844269565492,21.225880562586266],[92.045755139845895,21.226115964774351],[92.045680865079575,21.226171353469905],[92.045636300219769,21.226600615155249]]]}},
{"type":"Feature","properties":{"class":"whitewater"},"geometry":{"type":"Polygon","coordinates":[[[92.046230498350383,21.225520534983787],[92.046453322649398,21.225492840516434],[92.046260208256925,21.223651146768969],[92.046096803770979,21.223734231192601],[92.046037383957909,21.224205042042826],[92.04594825423834,21.224551225532981],[92.04600767405141,21.224938950077558],[92.046081948817729,21.22518820103241],[92.046185933490605,21.225285131845553],[92.046230498350383,21.225520534983787]]]}},
{"type":"Feature","properties":{"class":"whitewater"},"geometry":{"type":"Polygon","coordinates":[[[92.046468177602662,21.222778757495814],[92.046854406387553,21.222487959925161],[92.04663158208858,21.221989448470605],[92.046156223584049,21.221352459160961],[92.045888834425284,21.221269373396101],[92.045695720032839,21.221532478157656],[92.045591735359949,21.22169864934429],[92.045636300219769,21.221920210635361],[92.04596310919159,21.222169466690147],[92.046215643397119,21.222238704408408],[92.046349337976523,21.222391027274227],[92.046483032555912,21.222515654956574],[92.046468177602662,21.222778757495814]]]}},
{"type":"Feature","properties":{"class":"whitewater"},"geometry":{"type":"Polygon","coordinates":[[[92.045859124518742,21.21903988790212],[92.046037383957952,21.219053735742076],[92.046215643397119,21.216796520674592],[92.046111658724271,21.216810368725032],[92.045888834425284,21.21820901512735],[92.045859124518742,21.21903988790212]]]}},
{"type":"Feature","properties":{"class":"whitewater"},"geometry":{"type":"Polygon","coordinates":[[[92.045755139845909,21.216588799761933],[92.045903689378562,21.216394926646363],[92.045606590313241,21.215799457627643],[92.045235216481601,21.215619431637403],[92.04529463629467,21.216076420260755],[92.045339201154448,21.21621490138244],[92.045755139845909,21.216588799761933]]]}},
{"type":"Feature","properties":{"class":"whitewater"},"geometry":{"type":"Polygon","coordinates":[[[92.044819277790168,21.215148593394048],[92.044997537229335,21.215287075386243],[92.045160941715281,21.215273227192871],[92.045146086761989,21.21485778078754],[92.045012392182585,21.214497726290404],[92.044982682276085,21.214193064106833],[92.044789567883612,21.214539271084902],[92.044774712930362,21.214733146637926],[92.044819277790168,21.215148593394048]]]}},
{"type":"Feature","properties":{"class":"whitewater"},"geometry":{"type":"Polygon","coordinates":[[[92.045755139845909,21.213182135083645],[92.045829414612228,21.213334467297283],[92.04594825423834,21.213279073783244],[92.046052238911216,21.212974409084445],[92.046141368630799,21.212503562404049],[92.046260208256939,21.212088108203599],[92.046185933490619,21.212088108203591],[92.04606709386448,21.212434320118504],[92.045859124518742,21.212794379648685],[92.045755139845909,21.213182135083645]]]}},
{"type":"Feature","properties":{"class":"whitewater"},"geometry":{"type":"Polygon","coordinates":[[[92.045888834425298,21.211381833379534],[92.045888834425298,21.211561864537913],[92.045963109191632,21.211672652833947],[92.046052238911216,21.211464924710679],[92.046230498350411,21.211229499150971],[92.046483032555912,21.210786344137741],[92.04663158208858,21.210149306475746],[92.046453322649398,21.210218549833009],[92.046260208256939,21.210232398500562],[92.04606709386448,21.21042627971001],[92.045888834425298,21.211381833379534]]]}},
{"type":"Feature","properties":{"class":"whitewater"},"geometry":{"type":"Polygon","coordinates":[[[92.046512742462468,21.209152198530091],[92.046794986574525,21.209166047297668],[92.046943536107165,21.208653642032072],[92.046913826200623,21.208030444042237],[92.047062375733276,21.207531883756555],[92.047210925265929,21.20711641556592],[92.047433749564945,21.206604003187543],[92.047582299097598,21.20621623047602],[92.047612009004126,21.205828456746229],[92.047567444144306,21.205496078453095],[92.047612009004126,21.204955962131194],[92.047552589191056,21.204692827822878],[92.047418894611653,21.204498939085148],[92.047344619845333,21.204845168795373],[92.047404039658403,21.205163699411866],[92.047418894611653,21.205371436400288],[92.047433749564945,21.205662267693178],[92.047404039658403,21.205911551202615],[92.047225780219193,21.206299324714212],[92.04713665049961,21.206659399206075],[92.047047520780012,21.206991774880777],[92.046913826200623,21.207310300867029],[92.046869261340845,21.207462639139287],[92.046750421714719,21.207767315212326],[92.046735566761456,21.207891955242836],[92.046735566761456,21.208127386124509],[92.046765276667969,21.208238176997764],[92.046794986574525,21.208362816630796],[92.046824696481039,21.208542851470575],[92.046824696481039,21.20868133965946],[92.046720711808163,21.20884752531467],[92.046601872182052,21.208902920491504],[92.046512742462468,21.209152198530091]]]}},
{"type":"Feature","properties":{"class":"whitewater"},"geometry":{"type":"Polygon","coordinates":[[[92.047418894611653,21.203667984468872],[92.047522879284543,21.203723381588734],[92.04770113872371,21.203681833750775],[92.047923963022726,21.20262928462391],[92.047968527882503,21.202366146170171],[92.047938817975989,21.202116856676273],[92.047864543209656,21.201867566761635],[92.04774570358353,21.201590577474121],[92.04781997834985,21.201258189643458],[92.047864543209656,21.201064296396815],[92.047923963022726,21.200842703803293],[92.047983382835767,21.200565712593885],[92.047983382835767,21.200205623245157],[92.047923963022726,21.199803984089844],[92.047894253116183,21.199513141261175],[92.04781997834985,21.199291546340696],[92.047612009004126,21.198806806293291],[92.047522879284543,21.198557510792387],[92.047270345078999,21.198266665509632],[92.04718121535943,21.197975819654282],[92.047047520780012,21.197934270199635],[92.046943536107179,21.198072768336353],[92.046898971247373,21.198266665509632],[92.047166360406152,21.19839131355808],[92.047285200032306,21.198543661029998],[92.047448604518223,21.198682158595432],[92.047463459471473,21.198848355502541],[92.047508024331279,21.199014552222653],[92.047612009004126,21.199208448159833],[92.047730848630266,21.199374644474844],[92.047790268443336,21.199540840602872],[92.047790268443336,21.199845533018618],[92.04774570358353,21.199984029363474],[92.04781997834985,21.200247172060958],[92.047864543209656,21.200454915964698],[92.047834833303114,21.200662659576263],[92.047715993676974,21.200884252439888],[92.047641718910668,21.201050446869466],[92.047478314424723,21.201341286671248],[92.047537734237793,21.201576727996105],[92.047626863957419,21.201798319488457],[92.04774570358353,21.202033760084824],[92.047671428817196,21.20218610380012],[92.047597154050862,21.202310748541226],[92.047671428817196,21.202435393177133],[92.04776055853678,21.202463091970817],[92.047849688256363,21.202532338932329],[92.047849688256363,21.202698531507512],[92.047775413490044,21.202906271963506],[92.047686283770446,21.203127861461144],[92.047641718910668,21.203280204047946],[92.047641718910668,21.203404847865706],[92.047612009004126,21.203529491578273],[92.047582299097613,21.203571039459085],[92.047418894611653,21.203667984468872]]]}},
{"type":"Feature","properties":{"class":"whitewater"},"geometry":{"type":"Polygon","coordinates":[[[92.046364192929829,21.196784730653686],[92.046497887509204,21.196867830197888],[92.046616727135316,21.19697862951746],[92.0466761469484,21.197130978446189],[92.046750421714719,21.197214077795643],[92.046869261340859,21.197172528126767],[92.046958391060443,21.197006329334368],[92.047002955920249,21.196729330931568],[92.047047520780055,21.19657698158867],[92.047077230686583,21.196244582477032],[92.047106940593082,21.195981432649958],[92.046705856854942,21.196147632595267],[92.046542452368996,21.196327682325052],[92.046423612742885,21.19648003192502],[92.046408757789621,21.196521581788655],[92.046364192929829,21.196784730653686]]]}},
{"type":"Feature","properties":{"class":"whitewater"},"geometry":{"type":"Polygon","coordinates":[[[92.045666010126325,21.194998079148064],[92.045859124518785,21.194873428236789],[92.046111658724286,21.194859578129051],[92.046022529004702,21.195095029784138],[92.045918544331826,21.195302780932927],[92.046126513677549,21.195261230726533],[92.046245353303689,21.195039629428454],[92.046349337976551,21.194790327570832],[92.046408757789621,21.194610275967637],[92.046408757789621,21.194374823540091],[92.046438467696149,21.194097820203805],[92.046453322649398,21.193862366959674],[92.046661291995136,21.193599212889904],[92.046780131621261,21.19344686031949],[92.046542452368996,21.193446860319508],[92.046334483023259,21.193640763563653],[92.046185933490619,21.193793115934117],[92.046200788443869,21.194028569288598],[92.046230498350425,21.194250172103022],[92.046215643397161,21.194388673693286],[92.046156223584106,21.194624126098745],[92.045933399285119,21.194651826357095],[92.045784849752451,21.194693376734843],[92.045666010126325,21.194998079148064]]]}},
{"type":"Feature","properties":{"class":"whitewater"},"geometry":{"type":"Polygon","coordinates":[[[92.046557307322246,21.192768196961271],[92.046661291995136,21.192851298764428],[92.046750421714719,21.192795897567517],[92.046720711808192,21.192477340282167],[92.046646437041872,21.192491190613207],[92.046557307322246,21.192768196961271]]]}},
{"type":"Feature","properties":{"class":"whitewater"},"geometry":{"type":"Polygon","coordinates":[[[92.046512742462468,21.192117231219644],[92.04669100190165,21.192117231219637],[92.04673556676147,21.191660168453492],[92.046794986574525,21.191452412183377],[92.046884116294109,21.190773739665634],[92.046958391060443,21.190247420057219],[92.046928681153915,21.189845753831861],[92.046988100966985,21.189624144412658],[92.046824696481039,21.189444086514882],[92.046794986574525,21.189028567452056],[92.046884116294109,21.188806956807568],[92.04673556676147,21.188848508828727],[92.046601872182066,21.188931612835972],[92.046601872182066,21.189153223293566],[92.046572162275552,21.18951333957844],[92.046349337976551,21.189748799751847],[92.046230498350425,21.18998425955013],[92.046364192929829,21.190053512360588],[92.046542452368996,21.189915006707221],[92.046661291995136,21.189873454985904],[92.046780131621261,21.189970408984138],[92.046720711808192,21.190261270597244],[92.046661291995136,21.190427476976293],[92.046497887509204,21.190482879061097],[92.046349337976551,21.190496729579067],[92.046185933490619,21.190524430611092],[92.046275063210231,21.190676786194398],[92.046572162275552,21.190773739665641],[92.046601872182066,21.190967646417306],[92.046661291995136,21.191189253821964],[92.0466761469484,21.191341608719892],[92.0466761469484,21.191466262610476],[92.04663158208858,21.19161861722284],[92.046512742462468,21.191701719672473],[92.046527597415746,21.191812522865934],[92.046512742462468,21.192117231219644]]]}},
{"type":"Feature","properties":{"class":"whitewater"},"geometry":{"type":"Polygon","coordinates":[[[92.046616727135316,21.185247290299525],[92.046824696481039,21.18512263116402],[92.047002955920249,21.184956418819837],[92.047344619845376,21.184665546767846],[92.047522879284543,21.184346971959002],[92.04774570358353,21.184014545339583],[92.04786454320967,21.183848331749573],[92.047775413490072,21.184139205409455],[92.047641718910683,21.184360823051918],[92.047537734237835,21.184540887141797],[92.047448604518223,21.184707099953162],[92.047151505452916,21.184997971923401],[92.046884116294109,21.185150333203218],[92.046750421714719,21.18527499231536],[92.046616727135316,21.185247290299525]]]}},
{"type":"Feature","properties":{"class":"whitewater"},"geometry":{"type":"Polygon","coordinates":[[[92.047077230686583,21.183252731517502],[92.047210925265972,21.18336354104467],[92.04730005498557,21.183515904008939],[92.047418894611695,21.183474350488801],[92.047478314424765,21.183155773113086],[92.047671428817196,21.182920302437648],[92.047938817975989,21.182670980137257],[92.048117077415199,21.182296995898337],[92.048221062088047,21.181853754093932],[92.048325046760894,21.181424362328777],[92.048473596293576,21.181175037505813],[92.048458741340283,21.18099496931665],[92.048102222461907,21.181410510960756],[92.047968527882503,21.181687538074691],[92.04786454320967,21.182103077772407],[92.04779026844335,21.182407806141825],[92.04774570358353,21.182574021351339],[92.047582299097613,21.18279564134],[92.047448604518223,21.182878748750113],[92.047374329751889,21.183086517071011],[92.047314909938819,21.18321117792339],[92.047077230686583,21.183252731517502]]]}},
{"type":"Feature","properties":{"class":"whitewater"},"geometry":{"type":"Polygon","coordinates":[[[92.048280481901116,21.180357803194234],[92.048325046760894,21.180454763433453],[92.048429031433756,21.180440911974603],[92.048844970125202,21.17945745507955],[92.04942431330258,21.178473991643845],[92.049765977227693,21.177573632059588],[92.050285900591973,21.176645563366421],[92.050672129376863,21.175980674751823],[92.051058358161796,21.175565117849828],[92.05125147255427,21.175135707824513],[92.050657274423614,21.175634377414571],[92.050315610498501,21.175703636946889],[92.050122496106027,21.176354674965324],[92.049914526760332,21.176853340445483],[92.049795687134207,21.177296597238552],[92.049528297975428,21.177532076869518],[92.049409458349302,21.177919924856077],[92.049335183582983,21.178252365177855],[92.049260908816649,21.17852939820845],[92.049112359283967,21.17880643072008],[92.04881526021866,21.17927738479878],[92.048607290872937,21.179734485852567],[92.048518161153353,21.179969961601561],[92.048280481901116,21.180357803194234]]]}},
{"type":"Feature","properties":{"class":"whitewater"},"geometry":{"type":"Polygon","coordinates":[[[92.050909808629157,21.175412746693212],[92.051058358161796,21.175565117849828],[92.05125147255427,21.175135707824513],[92.051548571619577,21.174623184549418],[92.051786250871828,21.174235327917497],[92.052083349937135,21.174041399220162],[92.052246754423081,21.173833618190869],[92.051578281526105,21.173902878566395],[92.051385167133631,21.174359996231534],[92.051310892367312,21.174664740556803],[92.051147487881394,21.174983336225537],[92.050909808629157,21.175412746693212]]]}},
{"type":"Feature","properties":{"class":"whitewater"},"geometry":{"type":"Polygon","coordinates":[[[92.052558708441666,21.1737643577829],[92.052588418348165,21.17393058270752],[92.053019211992904,21.173570428468086],[92.053286601151669,21.173307238277015],[92.053524280403934,21.17304404761768],[92.053657974983309,21.172767004312465],[92.053821379469255,21.172337586163994],[92.054088768628034,21.172018984796686],[92.054281883020465,21.171797348658242],[92.054460142459675,21.171492598425651],[92.054519562272745,21.171090881250755],[92.054519562272745,21.170813834287692],[92.054281883020465,21.170675310611593],[92.054133333487812,21.170495229638767],[92.054118478534562,21.170647605860808],[92.054341302833549,21.170813834287692],[92.054400722646605,21.17100776721632],[92.054371012740063,21.171367927695005],[92.054326447880285,21.171658825903055],[92.054103623581298,21.171894314509665],[92.053806524515963,21.171658825903052],[92.053613410123532,21.171548007605541],[92.053464860590864,21.171797348658234],[92.053524280403934,21.172005132547778],[92.053494570497392,21.172199063914704],[92.053197471432085,21.172212916145469],[92.053182616478821,21.172309881724505],[92.053420295731058,21.17239299502738],[92.053494570497392,21.172628482465278],[92.053405440777809,21.172739299953399],[92.053108341712502,21.172780856490053],[92.052796387693888,21.172891673864033],[92.053004357039612,21.172933230357852],[92.053212326385349,21.172933230357852],[92.053301456104919,21.173002491154961],[92.053301456104919,21.17307175191965],[92.053242036291891,21.173224125487813],[92.053152906572279,21.173321090404013],[92.053034066946168,21.173445759488583],[92.052930082273292,21.17351502004572],[92.052781532740639,21.173653541062716],[92.052558708441666,21.1737643577829]]]}},
{"type":"Feature","properties":{"class":"whitewater"},"geometry":{"type":"Polygon","coordinates":[[[92.052573563394915,21.170827686648167],[92.052647838161235,21.170924653135184],[92.052766677787375,21.171077028914929],[92.052974647133098,21.171354075385114],[92.053019211992904,21.17134022307393],[92.053138051619015,21.171077028914929],[92.053123196665751,21.170813834287692],[92.053331166011489,21.170425967667772],[92.053450005637615,21.170079657326404],[92.053761959656185,21.169650231377307],[92.053776814609449,21.169317771721985],[92.053984783955173,21.168888343561509],[92.054148188441076,21.168611292473951],[92.054073913674742,21.16840350381781],[92.053895654235575,21.168431208988821],[92.053747104702921,21.168666702732953],[92.053628265076782,21.168486619315289],[92.053405440777809,21.168583587336656],[92.053375730871281,21.16866670273296],[92.053435150684322,21.169040721438542],[92.053346020964739,21.169387034211784],[92.052944937226584,21.169761051096398],[92.052692403021055,21.170301296038279],[92.052677548067791,21.170384410469609],[92.052573563394915,21.170827686648167]]]}},
{"type":"Feature","properties":{"class":"whitewater"},"geometry":{"type":"Polygon","coordinates":[[[92.054088768628006,21.167558493609974],[92.054222463207395,21.167600051601884],[92.054519562272716,21.167447672241167],[92.054653256852106,21.166948975054364],[92.054474997412896,21.167059796796686],[92.054356157786799,21.167142913048952],[92.054088768628006,21.167558493609974]]]}},
{"type":"Feature","properties":{"class":"whitewater"},"geometry":{"type":"Polygon","coordinates":[[[92.05535143965561,21.166644214835049],[92.055544554048026,21.166713478576369],[92.05579708825357,21.165965428454324],[92.056094187318863,21.165328197589876],[92.05567824862743,21.165743783247478],[92.055544554048026,21.166214778915172],[92.05535143965561,21.166644214835049]]]}},
{"type":"Feature","properties":{"class":"whitewater"},"geometry":{"type":"Polygon","coordinates":[[[92.056435851244004,21.164787934490171],[92.056643820589713,21.164787934490164],[92.056970629561548,21.164303081311132],[92.057475697972606,21.163264104864176],[92.058263010495693,21.162322093247798],[92.058589819467528,21.161837231990404],[92.058352140215277,21.161767965966831],[92.05805504114997,21.162155855281348],[92.057445988066064,21.16275154046361],[92.057223163767077,21.163125574120158],[92.057148889000757,21.163374929366039],[92.056435851244004,21.164787934490171]]]}},
{"type":"Feature","properties":{"class":"whitewater"},"geometry":{"type":"Polygon","coordinates":[[[92.058649239280598,21.161421635362736],[92.058797788813251,21.161463195077999],[92.061293420961889,21.159094272683316],[92.061456825447834,21.15865096135747],[92.060922047130248,21.159066565764348],[92.059332567130824,21.160521171999545],[92.058649239280598,21.161421635362736]]]}},
{"type":"Feature","properties":{"class":"whitewater"},"geometry":{"type":"Polygon","coordinates":[[[92.0602535742333,21.158761789313381],[92.060446688625746,21.158858763706753],[92.0608180624574,21.158484719268014],[92.060654657971469,21.158193795162223],[92.060298139093078,21.15827691639365],[92.060312994046342,21.158429305196702],[92.0602535742333,21.158761789313381]]]}},
{"type":"Feature","properties":{"class":"whitewater"},"geometry":{"type":"Polygon","coordinates":[[[92.061635084887016,21.158055259672818],[92.061664794793529,21.158304623460424],[92.061783634419669,21.158235355783773],[92.061991603765392,21.157847456195622],[92.062273847877449,21.157556530837514],[92.062585801896006,21.157528823630734],[92.063001740587453,21.157210190380027],[92.063239419839732,21.156669897648499],[92.063402824325649,21.156254286513271],[92.063833617970346,21.155339937909016],[92.064264411615056,21.154674953559272],[92.064739770119573,21.154217775086359],[92.065229983577311,21.153829864972064],[92.065586502455716,21.153483515796975],[92.06546766282959,21.153428099853787],[92.064888319652226,21.153635909533833],[92.064576365633627,21.153829864972053],[92.064041587316069,21.154134651575994],[92.063610793671359,21.154453291445655],[92.063298839652774,21.154924323040412],[92.063076015353786,21.155187545925997],[92.063001740587453,21.155866381734445],[92.062466962269909,21.156046480508149],[92.062273847877449,21.156143456680176],[92.062021313671934,21.156323555116838],[92.061828199279475,21.15648979963315],[92.061605374980502,21.156836141775905],[92.061560810120696,21.156988532062037],[92.061739069559849,21.156933117430686],[92.06214015329806,21.156559068126523],[92.062689786568896,21.156157310413843],[92.062838336101549,21.156351262549183],[92.062541237036243,21.156822288105751],[92.062273847877449,21.157127068549684],[92.062051023578462,21.157362580281145],[92.061798489372919,21.157625798831784],[92.061635084887016,21.158055259672818]]]}},
{"type":"Feature","properties":{"class":"whitewater"},"geometry":{"type":"Polygon","coordinates":[[[92.065482517782854,21.153192581863845],[92.065631067315493,21.153289559905069],[92.066076715913468,21.153220289882096],[92.066774898716957,21.152555296012913],[92.067443371613933,21.151793320199776],[92.067799890492324,21.151253007701953],[92.068230684137035,21.150837381362184],[92.068854592174162,21.15026935681141],[92.069166546192776,21.149839873387592],[92.069404225445012,21.149438097444243],[92.069641904697278,21.149064029206883],[92.069894438902779,21.14900861160989],[92.070221247874642,21.148814649857087],[92.070607476659546,21.148537561198196],[92.071082835164063,21.148163490686404],[92.071439354042425,21.14769243758694],[92.07181072787408,21.14717981927652],[92.071662178341413,21.147152110128129],[92.071097690117313,21.147789419229884],[92.070607476659546,21.148177345166655],[92.070265812734419,21.148385162214847],[92.070072698341946,21.148786941014535],[92.069656759650542,21.148759232166793],[92.069211111052567,21.149230281873468],[92.068958576847052,21.149645912723443],[92.068691187688245,21.149867582033167],[92.068631767875175,21.150227793953853],[92.068349523763132,21.150588004998419],[92.068007859838048,21.15067113049966],[92.067814745445588,21.15071269323278],[92.067517646380281,21.15090665249982],[92.067517646380281,21.151322278645175],[92.067428516660684,21.151474674606199],[92.067309677034544,21.151710195328416],[92.066953158156167,21.152056548651231],[92.066774898716957,21.152111965107697],[92.066477799651665,21.152333630726211],[92.06628468525922,21.152638420409868],[92.066061860960204,21.152763106917831],[92.065883601521037,21.152984771561631],[92.065482517782854,21.153192581863845]]]}},
{"type":"Feature","properties":{"class":"whitewater"},"geometry":{"type":"Polygon","coordinates":[[[92.070221247874656,21.147761710195528],[92.070280667687726,21.147886400809334],[92.070681751425909,21.147526183194159],[92.07249405572432,21.145697372557617],[92.072583185443904,21.145240166370581],[92.070860010865076,21.146764181506249],[92.070221247874656,21.147761710195528]]]}},
{"type":"Feature","properties":{"class":"whitewater"},"geometry":{"type":"Polygon","coordinates":[[[92.071394789182662,21.147387637724293],[92.071558193668579,21.147443055927798],[92.074113245630301,21.145226311615595],[92.073994406004161,21.145212456859351],[92.072152391799193,21.146778036117375],[92.071394789182662,21.147387637724293]]]}},
{"type":"Feature","properties":{"class":"whitewater"},"geometry":{"type":"Polygon","coordinates":[[[92.075004542826221,21.142746289601646],[92.075390771611154,21.142302929336623],[92.075925549928712,21.141734872058109],[92.075999824695032,21.142011973441662],[92.075598740956877,21.142496899615832],[92.075093672545847,21.142926404330357],[92.074514329368483,21.143383617658227],[92.07432121497601,21.143369762729627],[92.075004542826221,21.142746289601646]]]}},
{"type":"Feature","properties":{"class":"whitewater"},"geometry":{"type":"Polygon","coordinates":[[[92.077633869554262,21.140404778203219],[92.078124083012042,21.139850568906425],[92.07834690731103,21.139601174046604],[92.077960678526125,21.139753582066369],[92.077767564133651,21.139975266178929],[92.077633869554262,21.140404778203219]]]}},
{"type":"Feature","properties":{"class":"whitewater"},"geometry":{"type":"Polygon","coordinates":[[[92.07778241908693,21.139393344676108],[92.077752709180402,21.139573463480701],[92.077812128993429,21.139628884607308],[92.077990388432653,21.139407199976539],[92.078554876656753,21.13867286726834],[92.079193639647173,21.137869253719462],[92.079787837777786,21.136982502677174],[92.080515730487832,21.136275869141645],[92.081139638524974,21.135569232236939],[92.081689271795824,21.135001149145104],[92.081941806001325,21.134460775402964],[92.082402309552577,21.134017390348273],[92.082729118524441,21.133726418185326],[92.082833103197288,21.133421589592473],[92.082654843758078,21.133490868873174],[92.082194340206854,21.133781841498511],[92.081748691608894,21.134405352343681],[92.081481302450101,21.134876447687176],[92.08105050880539,21.135361397212023],[92.080693989927013,21.135596943551576],[92.08056029534761,21.135957190170348],[92.080174066562719,21.136248157953961],[92.079758127871273,21.136386713840615],[92.079446173852702,21.136442136159008],[92.079045090114519,21.136705391888341],[92.078926250488394,21.137093346847635],[92.078955960394893,21.137412023375873],[92.078837120768796,21.137855398275228],[92.078629151423073,21.138187928579221],[92.078376617217543,21.138589735034348],[92.07778241908693,21.139393344676108]]]}},
{"type":"Feature","properties":{"class":"whitewater"},"geometry":{"type":"Polygon","coordinates":[[[92.083026217589733,21.132922777815597],[92.089725801512614,21.125440399755011],[92.089755511419128,21.125523539363488],[92.083204477028929,21.132950489625031],[92.083026217589733,21.132922777815597]]]}},
{"type":"Feature","properties":{"class":"whitewater"},"geometry":{"type":"Polygon","coordinates":[[[92.084615697589172,21.129902159531969],[92.084957361514299,21.129500329525666],[92.085209895719785,21.129403335912702],[92.085091056093688,21.129832878574099],[92.084615697589172,21.130054577525311],[92.084615697589172,21.129902159531969]]]}},
{"type":"Feature","properties":{"class":"whitewater"},"geometry":{"type":"Polygon","coordinates":[[[92.085670399271052,21.128488821585126],[92.086086337962485,21.128461108941682],[92.086338872168,21.128267120292566],[92.086546841513723,21.128364114648836],[92.085729819084122,21.128752091439452],[92.085670399271052,21.128488821585126]]]}},
{"type":"Feature","properties":{"class":"whitewater"},"geometry":{"type":"Polygon","coordinates":[[[92.083664980580167,21.130872089542628],[92.083768965253029,21.130650391813944],[92.083902659832418,21.130359413041901],[92.084095774224878,21.130484118299844],[92.083991789552002,21.130678104048151],[92.083902659832418,21.130802809038027],[92.083664980580167,21.130872089542628]]]}},
{"type":"Feature","properties":{"class":"whitewater"},"geometry":{"type":"Polygon","coordinates":[[[92.087690672915187,21.126673632498374],[92.088106611606634,21.125966949821482],[92.088641389924177,21.125509682765312],[92.089235588054834,21.125038557656893],[92.08908703852218,21.125287977018381],[92.087943207120716,21.126645919515681],[92.087690672915187,21.126673632498374]]]}},
{"type":"Feature","properties":{"class":"whitewater"},"geometry":{"type":"Polygon","coordinates":[[[92.08948812226032,21.124470434211915],[92.08948812226032,21.124705997855685],[92.089681236652794,21.124664427828083],[92.090513114035645,21.123652886898395],[92.091686655343665,21.122447342806648],[92.092028319268792,21.121920780243453],[92.091775785063248,21.121920780243453],[92.090973617586911,21.122627482201711],[92.090617098708535,21.122627482201707],[92.09017145011056,21.12334803759401],[92.089978335718101,21.123583603020602],[92.08948812226032,21.124470434211915]]]}},
{"type":"Feature","properties":{"class":"whitewater"},"geometry":{"type":"Polygon","coordinates":[[[92.090602243755271,21.124276440341983],[92.091508395904484,21.123278753573786],[92.091582670670789,21.123292610380425],[92.09073593833466,21.124318010478326],[92.090602243755271,21.124276440341983]]]}},
{"type":"Feature","properties":{"class":"whitewater"},"geometry":{"type":"Polygon","coordinates":[[[92.092176868801431,21.122378058365662],[92.092280853474279,21.122433485921029],[92.093216715530048,21.121297216895652],[92.093097875903908,21.121311073887416],[92.092592807492878,21.121851495556498],[92.092176868801431,21.122378058365662]]]}},
{"type":"Feature","properties":{"class":"whitewater"},"geometry":{"type":"Polygon","coordinates":[[[92.092058029175291,21.120936934655333],[92.091894624689388,21.120992362749273],[92.091835204876318,21.121214074917877],[92.091924334595902,21.121366501841543],[92.092087739081848,21.121435786755058],[92.092310563380835,21.121408072793521],[92.094197142445566,21.119384939615792],[92.094048592912927,21.119343368096782],[92.093380120015965,21.120063939443714],[92.092295708427542,21.121144789900779],[92.092028319268792,21.121283359902598],[92.092058029175291,21.120936934655333]]]}},
{"type":"Feature","properties":{"class":"whitewater"},"geometry":{"type":"Polygon","coordinates":[[[92.09476163066968,21.11962051133678],[92.09495474506214,21.119398796786211],[92.095029019828459,21.11949579694285],[92.094835905436,21.119648225632286],[92.09476163066968,21.11962051133678]]]}},
{"type":"Feature","properties":{"class":"whitewater"},"geometry":{"type":"Polygon","coordinates":[[[92.094345691978219,21.118969223901441],[92.094419966744553,21.119080081539185],[92.095504378332976,21.118013073337167],[92.095489523379683,21.117902214902049],[92.09520727926764,21.117943786824924],[92.094806195529472,21.118470363506376],[92.094345691978219,21.118969223901441]]]}},
{"type":"Feature","properties":{"class":"whitewater"},"geometry":{"type":"Polygon","coordinates":[[[92.096113431416896,21.116946057460467],[92.096663064687704,21.116585764652015],[92.097420667304277,21.116031466315089],[92.097851460948988,21.115435593293164],[92.098371384313268,21.114825860281787],[92.098668483378589,21.114437847060842],[92.099292391415744,21.113731106086821],[92.099842024686595,21.113190654835332],[92.099901444499665,21.112691775009878],[92.100109413845388,21.11238690317974],[92.100451077770501,21.112248324868073],[92.101178970480518,21.111666294545866],[92.101684038891563,21.111153551656383],[92.102129687489523,21.110516085053078],[92.10241193160158,21.110058770368248],[92.102827870293012,21.109684602759764],[92.102887290106082,21.109920189882519],[92.102441641508094,21.110613091017179],[92.10186229833073,21.111236699272325],[92.10129781010663,21.111804873401066],[92.100792741695585,21.112151319972909],[92.100272818331305,21.112511623549601],[92.100079703938832,21.112968930675535],[92.099827169733331,21.113440094119088],[92.099099277023285,21.114271555369793],[92.098445659079601,21.115130727100702],[92.097732621322848,21.115837461407903],[92.09727211777161,21.116405617919675],[92.096767049360579,21.116821340818088],[92.096425385435467,21.117181633054432],[92.096217416089743,21.117153918298087],[92.096113431416896,21.116946057460467]]]}},
{"type":"Feature","properties":{"class":"whitewater"},"geometry":{"type":"Polygon","coordinates":[[[92.103065549545249,21.109171853023433],[92.103243808984416,21.109282717981401],[92.10392713683467,21.108368079601554],[92.104922418703467,21.107342569260869],[92.105546326740637,21.106718944643312],[92.105991975338597,21.106427918925117],[92.106363349170238,21.106053742163329],[92.106779287861698,21.105637989099524],[92.106808997768198,21.105360819743442],[92.106289074403918,21.105942874793516],[92.106066250104931,21.106261618258557],[92.105501761880831,21.106566502671608],[92.105115533095926,21.106940678140852],[92.10469959440448,21.107384144142213],[92.103065549545249,21.109171853023433]]]}},
{"type":"Feature","properties":{"class":"whitewater"},"geometry":{"type":"Polygon","coordinates":[[[92.102575336087469,21.108589810635465],[92.103095259451777,21.108160206456411],[92.1038677170216,21.10728713606763],[92.104476770105506,21.106497210814545],[92.104907563750217,21.105956733219259],[92.104595609731604,21.105956733219255],[92.104194525993421,21.106012166909341],[92.103659747675877,21.106552644302784],[92.10325866393768,21.1070792614086],[92.102946709919124,21.107772175806531],[92.102694175713609,21.108146348236371],[92.102575336087469,21.108589810635465]]]}},
{"type":"Feature","properties":{"class":"whitewater"},"geometry":{"type":"Polygon","coordinates":[[[92.105531471787344,21.104778762411112],[92.105784005992888,21.104363005776449],[92.105858280759207,21.104044258234666],[92.105932555525527,21.103642358184771],[92.106170234777778,21.103476054397596],[92.106437623936571,21.103642358184764],[92.106779287861698,21.103725510008502],[92.107373485992312,21.103711651374454],[92.106779287861698,21.103919530749419],[92.106333639263724,21.104030399630378],[92.106066250104931,21.104265995727502],[92.105887990665749,21.104584742793172],[92.105724586179818,21.104751045338357],[92.105680021319998,21.104778762411108],[92.105531471787344,21.104778762411112]]]}},
{"type":"Feature","properties":{"class":"whitewater"},"geometry":{"type":"Polygon","coordinates":[[[92.107804279637023,21.102214911281937],[92.107952829169705,21.102339640199315],[92.107952829169705,21.102644532667309],[92.107908264309899,21.102796978666511],[92.108725286739528,21.102117899829302],[92.110255346925896,21.10037168284288],[92.111859681878599,21.098625445319971],[92.113062933093133,21.097294964852598],[92.114028505055401,21.09603376923797],[92.115202046363365,21.094911157538611],[92.115692259821145,21.094287480705816],[92.115187191410115,21.094329059242813],[92.114147344681527,21.095437815935686],[92.112513299822297,21.097253387145919],[92.111057514402233,21.098874909080525],[92.110017667673645,21.099983631834725],[92.109274920010336,21.100953757453595],[92.108814416459126,21.101355664781618],[92.108383622814415,21.101535829782417],[92.108145943562135,21.101923876733903],[92.107804279637023,21.102214911281937]]]}},
{"type":"Feature","properties":{"class":"whitewater"},"geometry":{"type":"Polygon","coordinates":[[[92.115662549914589,21.093705379965776],[92.115825954400549,21.093913273349102],[92.115959648979924,21.09398257107889],[92.117445144306515,21.092180819597317],[92.11934657832451,21.090212727621171],[92.120445844866197,21.089131651920077],[92.120297295333543,21.089020771916186],[92.119539692716984,21.089325691727741],[92.11928715851144,21.089866229855645],[92.11885636486673,21.090268167188658],[92.118381006362256,21.091002739504685],[92.118069052343657,21.091307655248311],[92.117474854213043,21.091806606933353],[92.117073770474846,21.092388715114396],[92.116583557017094,21.092832224578384],[92.116137908419105,21.09330345193294],[92.115929939073382,21.093525205464861],[92.115662549914589,21.093705379965776]]]}},
{"type":"Feature","properties":{"class":"whitewater"},"geometry":{"type":"Polygon","coordinates":[[[92.11878209010041,21.089200951880478],[92.118826654960216,21.08929797177073],[92.11897520449287,21.08917323190019],[92.119079189165745,21.089034631921201],[92.118945494586356,21.089020771916175],[92.11885636486673,21.089034631921201],[92.11878209010041,21.089200951880478]]]}},
{"type":"Feature","properties":{"class":"whitewater"},"geometry":{"type":"Polygon","coordinates":[[[92.122495828416874,21.08670613294186],[92.122644377949541,21.08678929424806],[92.126239276639836,21.082700474917839],[92.126120437013725,21.082755917288242],[92.123194011220377,21.085971539382456],[92.122495828416874,21.08670613294186]]]}},
{"type":"Feature","properties":{"class":"whitewater"},"geometry":{"type":"Polygon","coordinates":[[[92.120609249352114,21.08742686271588],[92.12121830243602,21.086830874883702],[92.121366851968688,21.086969476918458],[92.120832073651087,21.087537743909277],[92.120609249352114,21.08742686271588]]]}},
{"type":"Feature","properties":{"class":"whitewater"},"geometry":{"type":"Polygon","coordinates":[[[92.124486392154495,21.083601410874298],[92.124412117388161,21.083906341807054],[92.124486392154495,21.084086527973223],[92.124946895705719,21.083559829334988],[92.125080590285123,21.083199455506971],[92.12536283439718,21.082908383700254],[92.124991460565525,21.082686614322004],[92.124605231780606,21.083019268265261],[92.124516102061008,21.083171734407085],[92.124486392154495,21.083601410874298]]]}},
{"type":"Feature","properties":{"class":"whitewater"},"geometry":{"type":"Polygon","coordinates":[[[92.125466819070013,21.082159910722414],[92.125615368602695,21.082353959634165],[92.125793628041876,21.082340099006014],[92.126670070284547,21.081522319657083],[92.12756136748051,21.080427319923508],[92.127843611592553,21.079942190880594],[92.128393244863361,21.079138259266355],[92.128838893461364,21.078736291828754],[92.129730190657284,21.078195713216079],[92.130829457198971,21.076823466370666],[92.131765319254711,21.075839321944589],[92.132522921871242,21.074979922892119],[92.132938860562689,21.074564082857549],[92.132894295702926,21.074383885148045],[92.132537776824535,21.074647250957511],[92.132166402992908,21.074799725686606],[92.132032708413504,21.075298732797631],[92.131601914768794,21.075589819505627],[92.131349380563279,21.07575615451147],[92.131037426544694,21.076171991211876],[92.130502648227107,21.076920494341554],[92.129447946545241,21.077793743229734],[92.12814071065786,21.078985788986945],[92.127204848602119,21.080247129320966],[92.126640360378033,21.080676814243322],[92.126179856826766,21.081245105297285],[92.125585658696153,21.081827254855668],[92.125466819070013,21.082159910722414]]]}},
{"type":"Feature","properties":{"class":"whitewater"},"geometry":{"type":"Polygon","coordinates":[[[92.133666753272749,21.073358140180378],[92.133755882992347,21.073427447495696],[92.138152949159021,21.068714476466969],[92.139905833644349,21.066621314967161],[92.14137647401769,21.065207374635847],[92.141064519999105,21.06523509908525],[92.139400765233319,21.066676763333721],[92.138732292336371,21.067508486351862],[92.137306216822864,21.069047161674359],[92.13635549981386,21.070003627500274],[92.135523622430966,21.07116801237694],[92.134662035141559,21.07208287981274],[92.134082691964196,21.072762095935072],[92.133666753272749,21.073358140180378]]]}},
{"type":"Feature","properties":{"class":"whitewater"},"geometry":{"type":"Polygon","coordinates":[[[92.139965253457419,21.064985578854603],[92.14082684074684,21.064237015651386],[92.141435893830746,21.063516173451188],[92.142119221680943,21.062823052657123],[92.142951099063836,21.062074478572477],[92.14403551065223,21.06063276972332],[92.145506151025558,21.059426714089568],[92.145580425791891,21.059676243643423],[92.140336627289059,21.064860818582307],[92.139965253457419,21.064985578854603]]]}},
{"type":"Feature","properties":{"class":"whitewater"},"geometry":{"type":"Polygon","coordinates":[[[92.142713419811599,21.063585485352998],[92.142921389157323,21.063668659592526],[92.146263753642131,21.060008949064301],[92.144228625044704,21.061963578387765],[92.142713419811599,21.063585485352998]]]}},
{"type":"Feature","properties":{"class":"whitewater"},"geometry":{"type":"Polygon","coordinates":[[[92.146545997754174,21.059371263020765],[92.146620272520494,21.059454439616211],[92.148491996631975,21.05737501078216],[92.148180042613419,21.057430462594837],[92.147065921118468,21.058691985751018],[92.146545997754174,21.059371263020765]]]}},
{"type":"Feature","properties":{"class":"whitewater"},"geometry":{"type":"Polygon","coordinates":[[[92.146352883361715,21.058206785802732],[92.147556134576234,21.057208655220148],[92.147526424669692,21.0577215842724],[92.146798531959689,21.058470180256677],[92.146605417567244,21.058622671569552],[92.146352883361715,21.058206785802732]]]}},
{"type":"Feature","properties":{"class":"whitewater"},"geometry":{"type":"Polygon","coordinates":[[[92.15045285046304,21.055087605504191],[92.150660819808763,21.054990563290783],[92.15156697195799,21.053853778364591],[92.15045285046304,21.055087605504191]]]}},
{"type":"Feature","properties":{"class":"whitewater"},"geometry":{"type":"Polygon","coordinates":[[[92.149576408220369,21.05542032118413],[92.149769522612843,21.055475773725139],[92.151581826911254,21.053354699312933],[92.151492697191657,21.05335469931293],[92.149576408220369,21.05542032118413]]]}},
{"type":"Feature","properties":{"class":"whitewater"},"geometry":{"type":"Polygon","coordinates":[[[92.148967355136492,21.055406458045649],[92.149086194762589,21.055475773725139],[92.156974174946725,21.047684489258025],[92.156736495694489,21.047726080827072],[92.151121323360016,21.053202202602257],[92.148967355136492,21.055406458045649]]]}},
{"type":"Feature","properties":{"class":"whitewater"},"geometry":{"type":"Polygon","coordinates":[[[92.157939746909022,21.046381280876435],[92.160242264665214,21.043719372996073],[92.161787179804861,21.042222028903225],[92.160182844852145,21.044232348528521],[92.158340830647177,21.046256505007538],[92.157939746909022,21.046381280876435]]]}},
{"type":"Feature","properties":{"class":"whitewater"},"geometry":{"type":"Polygon","coordinates":[[[92.157687212703493,21.044426446917839],[92.158504235133123,21.04369164453859],[92.158563654946192,21.043844150990942],[92.158088296441676,21.044440311078809],[92.157687212703493,21.044426446917839]]]}},
{"type":"Feature","properties":{"class":"whitewater"},"geometry":{"type":"Polygon","coordinates":[[[92.15985603588031,21.042263621997975],[92.160970157375218,21.041223791144496],[92.16099986728176,21.041431757895989],[92.160108570085811,21.042346808152651],[92.15985603588031,21.042263621997975]]]}},
{"type":"Feature","properties":{"class":"whitewater"},"geometry":{"type":"Polygon","coordinates":[[[92.161876309524445,21.042055656408081],[92.162084278870168,21.042055656408074],[92.164267957000249,21.039712557361948],[92.164149117374109,21.039726421961763],[92.162515072514879,21.041237655603627],[92.162173408589751,21.041528808947287],[92.161876309524445,21.042055656408081]]]}},
{"type":"Feature","properties":{"class":"whitewater"},"geometry":{"type":"Polygon","coordinates":[[[92.164624475878625,21.03882522029016],[92.164698750644916,21.038894543689235],[92.165664322607213,21.037854689315498],[92.16559004784088,21.037813094989566],[92.164624475878625,21.03882522029016]]]}},
{"type":"Feature","properties":{"class":"whitewater"},"geometry":{"type":"Polygon","coordinates":[[[92.163272675131438,21.038769761547648],[92.163317239991216,21.038894543689246],[92.163629194009815,21.038728167477249],[92.168204519615671,21.0338893113565],[92.170521892325141,21.030991468413834],[92.171472609334131,21.030062482910395],[92.171279494941672,21.030090213904792],[92.170195083353278,21.031074660862977],[92.169303786157315,21.031684737404088],[92.165991131579062,21.035386739212207],[92.164877010084126,21.036440475718475],[92.164015422794705,21.037716041517225],[92.163748033635926,21.038339955593241],[92.163510354383675,21.038534061661693],[92.163272675131438,21.038769761547648]]]}},
{"type":"Feature","properties":{"class":"whitewater"},"geometry":{"type":"Polygon","coordinates":[[[92.172245066903926,21.028745254732357],[92.172467891202942,21.02881458282144],[92.172750135314956,21.028717523487678],[92.178246468023318,21.022533327062462],[92.179093200359461,21.02135469549815],[92.178989215686599,21.021410160721864],[92.176226194379154,21.024488448285279],[92.172245066903926,21.028745254732357]]]}},
{"type":"Feature","properties":{"class":"whitewater"},"geometry":{"type":"Polygon","coordinates":[[[92.179093200359461,21.021021903722552],[92.179316024658462,21.021160567052661],[92.18230187026488,21.017416611877096],[92.182153320732183,21.017416611877092],[92.179093200359461,21.021021903722552]]]}},
{"type":"Feature","properties":{"class":"whitewater"},"geometry":{"type":"Polygon","coordinates":[[[92.178840666153945,21.019676862728335],[92.179108055312739,21.019773927948567],[92.181247168583013,21.017028344479211],[92.18111347400361,21.017014477767731],[92.178840666153945,21.019676862728335]]]}},
{"type":"Feature","properties":{"class":"whitewater"},"geometry":{"type":"Polygon","coordinates":[[[92.181633397367904,21.017347278487335],[92.181856221666877,21.017402745201736],[92.183906205217554,21.014185641665822],[92.183653671012067,21.014171774690038],[92.181633397367904,21.017347278487335]]]}},
{"type":"Feature","properties":{"class":"whitewater"},"geometry":{"type":"Polygon","coordinates":[[[92.183282297180426,21.014823521158487],[92.183817075497984,21.014865121900197],[92.18500547175924,21.012577063874964],[92.18444098353514,21.012424525425327],[92.183282297180426,21.014823521158487]]]}},
{"type":"Feature","properties":{"class":"whitewater"},"geometry":{"type":"Polygon","coordinates":[[[92.185198586151685,21.011329017431326],[92.185599669889868,21.011370619147684],[92.187798202973212,21.006738890139481],[92.187501103907906,21.006711154802147],[92.187025745403389,21.007251992950188],[92.186624661665192,21.007626418211942],[92.186149303160704,21.009068640069529],[92.185555105030062,21.009734276224652],[92.185391700544145,21.010039358469861],[92.185644234749674,21.010358307422781],[92.185198586151685,21.011329017431326]]]}},
{"type":"Feature","properties":{"class":"whitewater"},"geometry":{"type":"Polygon","coordinates":[[[92.187456539048085,21.006253520991837],[92.187813057926476,21.006281256414248],[92.188496385776702,21.004533914734836],[92.188956889327926,21.003105517051626],[92.189551087458582,21.001191720085195],[92.190056155869613,20.999721685461083],[92.18966992708468,20.999957446705803],[92.18920942353347,21.001302665506969],[92.188897469514856,21.002897496831025],[92.188422111010382,21.003965330887279],[92.188050737178742,21.004728064820736],[92.187456539048085,21.006253520991837]]]}},
{"type":"Feature","properties":{"class":"whitewater"},"geometry":{"type":"Polygon","coordinates":[[[92.189981881103293,20.999485923844009],[92.190382964841433,20.99962460719328],[92.190665208953504,20.998709294706934],[92.1902789801686,20.998681557877312],[92.19004130091632,20.999014399492687],[92.189981881103293,20.999485923844009]]]}},
{"type":"Feature","properties":{"class":"whitewater"},"geometry":{"type":"Polygon","coordinates":[[[92.19133368185048,20.99701733866813],[92.191682773252182,20.997246169909552],[92.191898170074538,20.996143616156246],[92.191779330448441,20.996115878849917],[92.19133368185048,20.99701733866813]]]}},
{"type":"Feature","properties":{"class":"whitewater"},"geometry":{"type":"Polygon","coordinates":[[[92.191140567458007,20.995477919381674],[92.191571361102717,20.995519525517036],[92.192046719607234,20.995228282325954],[92.192002154747428,20.994146516927724],[92.191437666523328,20.994798350862599],[92.191140567458007,20.995477919381674]]]}},
{"type":"Feature","properties":{"class":"whitewater"},"geometry":{"type":"Polygon","coordinates":[[[92.191645635869037,20.993716582349332],[92.192017009700677,20.993869139922072],[92.192343818672541,20.993300515449576],[92.1919724448409,20.993355991103201],[92.191645635869037,20.993716582349332]]]}},
{"type":"Feature","properties":{"class":"whitewater"},"geometry":{"type":"Polygon","coordinates":[[[92.192492368205194,20.990984388517663],[92.192403238485568,20.991234032668853],[92.192700337550917,20.99141433096295],[92.193071711382544,20.990734743949126],[92.192626062784583,20.991053734157074],[92.192492368205194,20.990984388517663]]]}},
{"type":"Feature","properties":{"class":"whitewater"},"geometry":{"type":"Polygon","coordinates":[[[92.192863742036835,20.990263191958771],[92.193027146522752,20.990277061156217],[92.193784749139297,20.989333952796123],[92.193561924840324,20.989153651990314],[92.193086566335822,20.989652945996244],[92.192863742036835,20.990263191958771]]]}},
{"type":"Feature","properties":{"class":"whitewater"},"geometry":{"type":"Polygon","coordinates":[[[92.192923161849905,20.988834657723707],[92.193012291569474,20.98893174300742],[92.193457940167448,20.98864048696699],[92.194646336428718,20.986241070354197],[92.194304672503606,20.986324287760574],[92.193383665401115,20.987406109824359],[92.193264825775017,20.98816892836393],[92.192923161849905,20.988834657723707]]]}},
{"type":"Feature","properties":{"class":"whitewater"},"geometry":{"type":"Polygon","coordinates":[[[92.194022428391548,20.985880461057494],[92.194200687830758,20.985991417856898],[92.195463358858319,20.983605828506441],[92.195225679606082,20.983550349231034],[92.194913725587512,20.983689047380896],[92.194869160727706,20.984146750361798],[92.194839450821192,20.984493494110673],[92.194720611195052,20.98481249764879],[92.194468076989509,20.985034412751777],[92.194200687830758,20.985478241968721],[92.194022428391548,20.985880461057494]]]}},
{"type":"Feature","properties":{"class":"whitewater"},"geometry":{"type":"Polygon","coordinates":[[[92.195671328204043,20.982232710384892],[92.195864442596502,20.982232710384888],[92.197037983904522,20.979098070213116],[92.196815159605507,20.979347734230036],[92.1959535723161,20.981136980810096],[92.195671328204043,20.982232710384892]]]}},
{"type":"Feature","properties":{"class":"whitewater"},"geometry":{"type":"Polygon","coordinates":[[[92.196087266895503,20.979916411822416],[92.196354656054282,20.97993028198055],[92.198553189137613,20.973827288056821],[92.198389784651681,20.97379954660634],[92.197290518110023,20.976282386031539],[92.196919144278397,20.976906557052516],[92.197037983904522,20.977572336601423],[92.196562625400006,20.978571000363058],[92.196087266895503,20.979916411822416]]]}},
{"type":"Feature","properties":{"class":"whitewater"},"geometry":{"type":"Polygon","coordinates":[[[92.19882057829642,20.972759238496614],[92.199994119604426,20.970956020621475],[92.199697020539091,20.971649568532339],[92.199013692688894,20.972911817472454],[92.19882057829642,20.972759238496614]]]}},
{"type":"Feature","properties":{"class":"whitewater"},"geometry":{"type":"Polygon","coordinates":[[[92.200023829510954,20.970179243141189],[92.200825996987305,20.96752984673337],[92.201033966333029,20.967585331956219],[92.200365493436067,20.969887950545505],[92.200023829510954,20.970179243141189]]]}},
{"type":"Feature","properties":{"class":"whitewater"},"geometry":{"type":"Polygon","coordinates":[[[92.199607890819507,20.968681160888298],[92.199815860165231,20.968819872838655],[92.200068394370732,20.968043084259072],[92.199904989884814,20.967904371588023],[92.199607890819507,20.968681160888298]]]}},
{"type":"Feature","properties":{"class":"whitewater"},"geometry":{"type":"Polygon","coordinates":[[[92.199875279978286,20.966919507922999],[92.200469478108914,20.96619819520777],[92.200662592501388,20.965268806386923],[92.201048821286278,20.965199448780613],[92.200618027641568,20.966142709470152],[92.200246653809941,20.966766922831127],[92.200112959230552,20.966961122011956],[92.199875279978286,20.966919507922999]]]}},
{"type":"Feature","properties":{"class":"whitewater"},"geometry":{"type":"Polygon","coordinates":[[[92.200929981660181,20.963035475304167],[92.201033966333029,20.963090962194716],[92.202489751753049,20.959831072451191],[92.202326347267132,20.959817200428134],[92.201880698669186,20.960594031738594],[92.201345920351585,20.961773142982132],[92.200929981660181,20.963035475304167]]]}},
{"type":"Feature","properties":{"class":"whitewater"},"geometry":{"type":"Polygon","coordinates":[[[92.202608591379189,20.958457735926636],[92.205505307266023,20.953491423868094],[92.20568356670519,20.953699512877908],[92.203603873247985,20.957042769956153],[92.202742285958593,20.958429991624485],[92.202608591379189,20.958457735926636]]]}},
{"type":"Feature","properties":{"class":"whitewater"},"geometry":{"type":"Polygon","coordinates":[[[92.205445887452953,20.952187392817383],[92.20562414689212,20.951771210302553],[92.20580240633133,20.95185444689811],[92.205639001845412,20.952034792696342],[92.205445887452953,20.952187392817383]]]}},
{"type":"Feature","properties":{"class":"whitewater"},"geometry":{"type":"Polygon","coordinates":[[[92.206441169321764,20.950855604695409],[92.206589718854417,20.950675257476025],[92.206589718854417,20.950231324933078],[92.206871962966474,20.950259070755589],[92.206767978293584,20.950605893102999],[92.206470879228277,20.950980460335355],[92.206322329695624,20.951008206018997],[92.206441169321764,20.950855604695409]]]}},
{"type":"Feature","properties":{"class":"whitewater"},"geometry":{"type":"Polygon","coordinates":[[[92.205876681097664,20.953005881719758],[92.206099505396651,20.953089117628522],[92.206693703527264,20.952548083393943],[92.206574863901167,20.952478719889047],[92.206203490069527,20.952617446866679],[92.205876681097664,20.953005881719758]]]}},
{"type":"Feature","properties":{"class":"whitewater"},"geometry":{"type":"Polygon","coordinates":[[[92.207213626891587,20.951452136257259],[92.20749587100363,20.95086947754945],[92.207778115115687,20.950841731840097],[92.208060359227744,20.950245197844971],[92.208060359227744,20.950106468668096],[92.208357458293051,20.950037104031431],[92.208134633994064,20.950356181093888],[92.207718695302617,20.950924968952702],[92.207510725956908,20.951244044122046],[92.207213626891587,20.951452136257259]]]}},
{"type":"Feature","properties":{"class":"whitewater"},"geometry":{"type":"Polygon","coordinates":[[[92.209902373432698,20.946818549535323],[92.210021213058809,20.946957281759982],[92.210362876983936,20.946860169216219],[92.211061059787426,20.945653193771673],[92.211135334553759,20.945042765703121],[92.211387868759275,20.944113245453863],[92.211863227263763,20.943336328578585],[92.212279165955223,20.942587154915984],[92.212539127637328,20.942011398534984],[92.212442570441127,20.941615998292029],[92.21214547137582,20.942309682237678],[92.211818662403985,20.942753638276113],[92.211536418291942,20.943447316950483],[92.211061059787426,20.944279727116839],[92.210793670628632,20.944598816453365],[92.210793670628632,20.945167626192397],[92.210793670628632,20.945639320434122],[92.210437151750256,20.946097139894327],[92.210154907638199,20.946485591671539],[92.209902373432698,20.946818549535323]]]}},
{"type":"Feature","properties":{"class":"whitewater"},"geometry":{"type":"Polygon","coordinates":[[[92.211506708385386,20.942143198383846],[92.21158098315172,20.942309682237685],[92.212071196609486,20.941643745711577],[92.211907792123583,20.941477261117218],[92.211818662403985,20.94149113484049],[92.211506708385386,20.942143198383846]]]}},
{"type":"Feature","properties":{"class":"whitewater"},"geometry":{"type":"Polygon","coordinates":[[[92.212383150628085,20.940908437356342],[92.212442570441127,20.941102670103039],[92.212851081655899,20.941095733223598],[92.213021913618519,20.940478349663397],[92.212813944272767,20.940325737604407],[92.212695104646656,20.94039510674142],[92.212383150628085,20.940908437356342]]]}},
{"type":"Feature","properties":{"class":"whitewater"},"geometry":{"type":"Polygon","coordinates":[[[92.212412860534613,20.939590422776295],[92.212695104646656,20.939271322765055],[92.212799089319503,20.939354566311813],[92.212605974927072,20.939632044466741],[92.212412860534613,20.939590422776295]]]}},
{"type":"Feature","properties":{"class":"whitewater"},"geometry":{"type":"Polygon","coordinates":[[[92.212754524459726,20.939035465797954],[92.213824081094856,20.936940484667481],[92.213883500907897,20.937106974306186],[92.213096188384839,20.938757986537468],[92.212903073992379,20.939035465797947],[92.212754524459726,20.939035465797954]]]}},
{"type":"Feature","properties":{"class":"whitewater"},"geometry":{"type":"Polygon","coordinates":[[[92.212843654179309,20.937994915919855],[92.212932783898907,20.937800679141763],[92.213096188384839,20.937606442111733],[92.21315560819788,20.937759056942234],[92.213036768571769,20.937939419723246],[92.212843654179309,20.937994915919855]]]}},
{"type":"Feature","properties":{"class":"whitewater"},"geometry":{"type":"Polygon","coordinates":[[[92.214150890066691,20.936066411027529],[92.214418279225484,20.936135782137697],[92.215383851187767,20.934554112839773],[92.215428416047544,20.934373745981631],[92.214819362963667,20.934554112839763],[92.214626248571207,20.934748353828695],[92.21473023324404,20.935206206591594],[92.21467081343097,20.935414321021096],[92.214551973804873,20.935691806477262],[92.21434400445915,20.935788926265449],[92.214150890066691,20.936066411027529]]]}},
{"type":"Feature","properties":{"class":"whitewater"},"geometry":{"type":"Polygon","coordinates":[[[92.2160226141782,20.933194418863753],[92.216646522215328,20.932056706256077],[92.21660195735555,20.932292574214078],[92.216215728570631,20.933125046391165],[92.2160226141782,20.933194418863753]]]}},
{"type":"Feature","properties":{"class":"whitewater"},"geometry":{"type":"Polygon","coordinates":[[[92.214982767449584,20.933832644103934],[92.215443271000794,20.933014050368204],[92.216082033991228,20.93118260411439],[92.216438552869619,20.931182604114397],[92.215948339411838,20.932514567247004],[92.215190736795307,20.933749397487695],[92.214982767449584,20.933832644103934]]]}},
{"type":"Feature","properties":{"class":"whitewater"},"geometry":{"type":"Polygon","coordinates":[[[92.217374414925374,20.930350121142169],[92.217730933803722,20.929337260620958],[92.217716078850472,20.929781255117078],[92.217463544644957,20.93037787064911],[92.217374414925374,20.930350121142169]]]}},
{"type":"Feature","properties":{"class":"whitewater"},"geometry":{"type":"Polygon","coordinates":[[[92.216379133056549,20.930447244393978],[92.216616812308814,20.930474993882932],[92.218666795859491,20.926035010270066],[92.219706642588079,20.924633613124627],[92.219231284083591,20.925022120577029],[92.218132017541919,20.926340263355453],[92.217092170813302,20.92868514131915],[92.216379133056549,20.930447244393978]]]}},
{"type":"Feature","properties":{"class":"whitewater"},"geometry":{"type":"Polygon","coordinates":[[[92.218295422027822,20.925577129476],[92.218443971560475,20.92570200619496],[92.220553374924251,20.923135074944366],[92.220107726326262,20.923426458541915],[92.21900845978459,20.924550361396651],[92.218295422027822,20.925577129476]]]}},
{"type":"Feature","properties":{"class":"whitewater"},"geometry":{"type":"Polygon","coordinates":[[[92.22074648931671,20.922621683417834],[92.220939603709155,20.922649434356117],[92.22175662613877,20.920248959192246],[92.221652641465923,20.920387716029015],[92.221043588382003,20.921969534888714],[92.22074648931671,20.922621683417834]]]}},
{"type":"Feature","properties":{"class":"whitewater"},"geometry":{"type":"Polygon","coordinates":[[[92.221340687447324,20.918569991286748],[92.221741771185506,20.918098211796426],[92.221771481092034,20.918306349989901],[92.221474382026713,20.918625494658581],[92.221340687447324,20.918569991286748]]]}},
{"type":"Feature","properties":{"class":"whitewater"},"geometry":{"type":"Polygon","coordinates":[[[92.222068580157369,20.919402539706262],[92.222291404456314,20.919513545812805],[92.223732334923127,20.91750154737343],[92.223910594362295,20.916766120514737],[92.224460227633145,20.915461769665178],[92.224385952866811,20.915281379824645],[92.223643205203544,20.917057516494072],[92.223063862026137,20.918181467108486],[92.222365679222676,20.918972390266898],[92.222068580157369,20.919402539706262]]]}},
{"type":"Feature","properties":{"class":"whitewater"},"geometry":{"type":"Polygon","coordinates":[[[92.225604059034609,20.912533876964776],[92.225693188754221,20.912589382571333],[92.227624332678772,20.909938966925576],[92.227475783146119,20.909869583687843],[92.226005142772806,20.912020449130083],[92.225604059034609,20.912533876964776]]]}},
{"type":"Feature","properties":{"class":"whitewater"},"geometry":{"type":"Polygon","coordinates":[[[92.228337370435497,20.908093361872428],[92.228589904641026,20.908134992311982],[92.232942405947895,20.902778447521975],[92.232779001461978,20.902820079436633],[92.230015980154533,20.905942440107726],[92.229332652304336,20.906969335636774],[92.228337370435497,20.908093361872428]]]}},
{"type":"Feature","properties":{"class":"whitewater"},"geometry":{"type":"Polygon","coordinates":[[[92.233492039218731,20.901890297257189],[92.233685153611205,20.901945806802775],[92.23572028220859,20.899656020997803],[92.23665614426433,20.898171110918909],[92.236165930806592,20.898906628962898],[92.235408328190019,20.899919695082943],[92.234071382396095,20.901307445788532],[92.233492039218731,20.901890297257189]]]}},
{"type":"Feature","properties":{"class":"whitewater"},"geometry":{"type":"Polygon","coordinates":[[[92.236878968563346,20.897768656123517],[92.237577151366807,20.896866598350954],[92.237354327067834,20.897338444631426],[92.237131502768847,20.897616000573962],[92.236878968563346,20.897768656123517]]]}},
{"type":"Feature","properties":{"class":"whitewater"},"geometry":{"type":"Polygon","coordinates":[[[92.235779702021659,20.897477222666865],[92.239849959216471,20.892370106427148],[92.240132203328528,20.892592158572956],[92.237369182021084,20.896436384272796],[92.235913396601063,20.897990700282048],[92.235779702021659,20.897865800483313],[92.235779702021659,20.897477222666865]]]}},
{"type":"Feature","properties":{"class":"whitewater"},"geometry":{"type":"Polygon","coordinates":[[[92.240236188001404,20.891926001150082],[92.240696691552628,20.892189688816821],[92.242583270617402,20.889649940982981],[92.242211896785733,20.889663819503195],[92.240919515851616,20.891121056986417],[92.240236188001404,20.891926001150082]]]}},
{"type":"Feature","properties":{"class":"whitewater"},"geometry":{"type":"Polygon","coordinates":[[[92.243593407439477,20.887817965051408],[92.243949926317853,20.887526512273936],[92.243771666878672,20.887859601116293],[92.243697392112338,20.887984509241647],[92.243593407439477,20.887817965051408]]]}},
{"type":"Feature","properties":{"class":"whitewater"},"geometry":{"type":"Polygon","coordinates":[[[92.2449303532334,20.886069239900252],[92.245762230616293,20.885069959241083],[92.245851360335891,20.885305901107547],[92.245197742392193,20.886096997601406],[92.2449303532334,20.886069239900252]]]}},
{"type":"Feature","properties":{"class":"whitewater"},"geometry":{"type":"Polygon","coordinates":[[[92.246148459401184,20.884695227279416],[92.247277435849398,20.883765332816587],[92.24713631379332,20.884160885642622],[92.246846642204687,20.884251099299103],[92.246594107999144,20.8844870424522],[92.246148459401184,20.884695227279416]]]}},
{"type":"Feature","properties":{"class":"whitewater"},"geometry":{"type":"Polygon","coordinates":[[[92.247856779026748,20.882849311745698],[92.248436122204112,20.882141473454908],[92.248376702391042,20.882363540728811],[92.248005328559401,20.882793795137573],[92.247856779026748,20.882849311745698]]]}},
{"type":"Feature","properties":{"class":"whitewater"},"geometry":{"type":"Polygon","coordinates":[[[92.246920916971007,20.883321202086073],[92.248495542017181,20.881183804574878],[92.248361847437792,20.881641820888078],[92.247203161083064,20.883279564762741],[92.246920916971007,20.883321202086073]]]}},
{"type":"Feature","properties":{"class":"whitewater"},"geometry":{"type":"Polygon","coordinates":[[[92.249535388745812,20.880795183577426],[92.250189006689496,20.88003181797637],[92.249847342764369,20.880545355262363],[92.249535388745812,20.880795183577426]]]}},
{"type":"Feature","properties":{"class":"whitewater"},"geometry":{"type":"Polygon","coordinates":[[[92.249015465381504,20.880351044063339],[92.251169433605043,20.877658420143749],[92.251243708371362,20.87767229977225],[92.249208579773935,20.880420440948992],[92.249015465381504,20.880351044063339]]]}},
{"type":"Feature","properties":{"class":"whitewater"},"geometry":{"type":"Polygon","coordinates":[[[92.250515815661359,20.878047049256953],[92.254348393603891,20.873161352994448],[92.254437523323503,20.873258513275296],[92.250902044446249,20.877769457135834],[92.250515815661359,20.878047049256953]]]}},
{"type":"Feature","properties":{"class":"whitewater"},"geometry":{"type":"Polygon","coordinates":[[[92.255744759210884,20.871023810920725],[92.256532071733972,20.869843985714155],[92.256606346500305,20.86998278916041],[92.255863598837024,20.871023810920729],[92.255744759210884,20.871023810920725]]]}},
{"type":"Feature","properties":{"class":"whitewater"},"geometry":{"type":"Polygon","coordinates":[[[92.255492225005355,20.870649043917801],[92.256027003322941,20.869469215768916],[92.256457796967652,20.86895564062235],[92.256457796967652,20.868428183239583],[92.258611765191162,20.865305042386463],[92.258700894910788,20.866193409055558],[92.257423368929935,20.868164453854007],[92.256576636593778,20.869399813824643],[92.255492225005355,20.870649043917801]]]}},
{"type":"Feature","properties":{"class":"whitewater"},"geometry":{"type":"Polygon","coordinates":[[[92.259592192106723,20.86377814990718],[92.259800161452446,20.863930839853015],[92.263142525937241,20.858961396553742],[92.262993976404587,20.859003040615779],[92.260646893788589,20.862070788132019],[92.259592192106723,20.86377814990718]]]}},
{"type":"Feature","properties":{"class":"whitewater"},"geometry":{"type":"Polygon","coordinates":[[[92.263097961077435,20.858531073903997],[92.263350495282964,20.858642125028275],[92.264850845562805,20.856254507782907],[92.264598311357275,20.856310034195907],[92.263097961077435,20.858531073903997]]]}},
{"type":"Feature","properties":{"class":"whitewater"},"geometry":{"type":"Polygon","coordinates":[[[92.266113516590408,20.854172252496245],[92.266291776029576,20.854172252496245],[92.267628721823513,20.852228788219325],[92.267272202945122,20.852256552171511],[92.266113516590408,20.854172252496245]]]}},
{"type":"Feature","properties":{"class":"whitewater"},"geometry":{"type":"Polygon","coordinates":[[[92.26782183621593,20.851257046664301],[92.268059515468224,20.85132645698355],[92.270525437710347,20.847494959452352],[92.270243193598262,20.847383900097693],[92.268653713598837,20.849716129329259],[92.268222919954127,20.850257534515844],[92.26782183621593,20.851257046664301]]]}},
{"type":"Feature","properties":{"class":"whitewater"},"geometry":{"type":"Polygon","coordinates":[[[92.270733407056056,20.84637047969963],[92.271015651168113,20.846578717324913],[92.273689542755932,20.842830395978385],[92.273258749111235,20.843135818248637],[92.272010933036896,20.844732333663444],[92.270733407056056,20.84637047969963]]]}},
{"type":"Feature","properties":{"class":"whitewater"},"geometry":{"type":"Polygon","coordinates":[[[92.273748962569002,20.842358378523329],[92.273927222008183,20.842427792947806],[92.274952213783536,20.84069242273123],[92.274655114718229,20.840845136113227],[92.274313450793116,20.841136679412227],[92.274120336400642,20.841247743377576],[92.273748962569002,20.842358378523329]]]}},
{"type":"Feature","properties":{"class":"whitewater"},"geometry":{"type":"Polygon","coordinates":[[[92.274343160699658,20.840442527771927],[92.274565984998603,20.840498060020945],[92.275605831727233,20.839026448498931],[92.275383007428246,20.839040331693727],[92.274343160699658,20.840442527771927]]]}},
{"type":"Feature","properties":{"class":"whitewater"},"geometry":{"type":"Polygon","coordinates":[[[92.275828656026206,20.837665889197655],[92.276289159577473,20.837846372261392],[92.277834074717077,20.835333473214732],[92.277670670231174,20.835083569358982],[92.280493111351674,20.830515809141275],[92.280181157333075,20.830446389224065],[92.277462700885451,20.834750363572745],[92.275828656026206,20.837665889197655]]]}},
{"type":"Feature","properties":{"class":"whitewater"},"geometry":{"type":"Polygon","coordinates":[[[92.280611950977786,20.829696652079132],[92.280849630230051,20.829752188291941],[92.283790910976663,20.82489269217044],[92.283612651537453,20.824920461165092],[92.281369553594345,20.828280471732732],[92.280611950977786,20.829696652079132]]]}},
{"type":"Feature","properties":{"class":"whitewater"},"geometry":{"type":"Polygon","coordinates":[[[92.286056291349709,20.820373220081123],[92.286301398078564,20.820428759731435],[92.287059000695152,20.818970837125889],[92.286932733592366,20.818991664690998],[92.286056291349709,20.820373220081123]]]}},
{"type":"Feature","properties":{"class":"whitewater"},"geometry":{"type":"Polygon","coordinates":[[[92.287378382190383,20.81726296699],[92.287541786676286,20.817332392982696],[92.28868561807775,20.815860555088765],[92.288373664059193,20.815846669757171],[92.287378382190383,20.81726296699]]]}},
{"type":"Feature","properties":{"class":"whitewater"},"geometry":{"type":"Polygon","coordinates":[[[92.288239969479804,20.815207943120846],[92.288418228918957,20.815263484674936],[92.289146121629003,20.813930481727315],[92.288834167610418,20.813930481727315],[92.288239969479804,20.815207943120846]]]}},
{"type":"Feature","properties":{"class":"whitewater"},"geometry":{"type":"Polygon","coordinates":[[[92.291002990787234,20.810792324076619],[92.29106241060029,20.810833981464452],[92.291805158263585,20.809723113849468],[92.291671463684182,20.809695342054212],[92.291002990787234,20.810792324076619]]]}},
{"type":"Feature","properties":{"class":"whitewater"},"geometry":{"type":"Polygon","coordinates":[[[92.290379082750064,20.811056154005126],[92.290527632282718,20.811125582856935],[92.292369646487685,20.80772353151476],[92.292102257328878,20.807667987182448],[92.290379082750064,20.811056154005126]]]}},
{"type":"Feature","properties":{"class":"whitewater"},"geometry":{"type":"Polygon","coordinates":[[[92.292339936581129,20.806862592064491],[92.292533050973589,20.806973681302068],[92.294300790412223,20.80444638089844],[92.293706592281609,20.80444638089844],[92.292339936581129,20.806862592064491]]]}},
{"type":"Feature","properties":{"class":"whitewater"},"geometry":{"type":"Polygon","coordinates":[[[92.292755875272604,20.807418037433827],[92.292904424805258,20.807459695754051],[92.293320363496676,20.8066820718789],[92.293335218449968,20.806626527162916],[92.293305508543412,20.806626527162912],[92.292755875272604,20.807418037433827]]]}},
{"type":"Feature","properties":{"class":"whitewater"},"geometry":{"type":"Polygon","coordinates":[[[92.294092821066513,20.804085334525784],[92.294434484991626,20.804140880177854],[92.296350773962914,20.800821991559037],[92.295919980318217,20.800572030462952],[92.294092821066513,20.804085334525784]]]}},
{"type":"Feature","properties":{"class":"whitewater"},"geometry":{"type":"Polygon","coordinates":[[[92.296811277514166,20.799697163364378],[92.296915262187014,20.799836031496614],[92.297360910784974,20.799280558200575],[92.297212361252321,20.799336105622228],[92.296811277514166,20.799697163364378]]]}},
{"type":"Feature","properties":{"class":"whitewater"},"geometry":{"type":"Polygon","coordinates":[[[92.296172514523732,20.79968327654413],[92.29639533882272,20.799794371070366],[92.298044238635228,20.797419707754486],[92.297776849476435,20.797086418683527],[92.296172514523732,20.79968327654413]]]}},
{"type":"Feature","properties":{"class":"whitewater"},"geometry":{"type":"Polygon","coordinates":[[[92.298252207980937,20.795989336957273],[92.298534452092994,20.796072659899984],[92.300539870783865,20.792698043911738],[92.301238053587369,20.791309291131352],[92.301847106671275,20.790295493531158],[92.301386603120022,20.790545471654255],[92.300985519381825,20.791531492435116],[92.300079367232641,20.792961905495055],[92.299173215083414,20.794670050898358],[92.298920680877885,20.794892247252996],[92.298252207980937,20.795989336957273]]]}},
{"type":"Feature","properties":{"class":"whitewater"},"geometry":{"type":"Polygon","coordinates":[[[92.302367030035526,20.789115035688624],[92.302456159755138,20.789212250212792],[92.30376339564252,20.786837420346121],[92.304313028913356,20.785448613635108],[92.30419418928723,20.785504166148886],[92.303288037138003,20.787129068131918],[92.302916663306377,20.78780957744058],[92.302367030035526,20.789115035688624]]]}},
{"type":"Feature","properties":{"class":"whitewater"},"geometry":{"type":"Polygon","coordinates":[[[92.305144906296221,20.783504262772887],[92.3053825855485,20.783587592609202],[92.312780352274828,20.773476570057838],[92.312542673022577,20.773476570057849],[92.306986920501188,20.78055991236587],[92.306808661061979,20.781393224910751],[92.306036203492184,20.782254309708616],[92.305144906296221,20.783504262772887]]]}},
{"type":"Feature","properties":{"class":"whitewater"},"geometry":{"type":"Polygon","coordinates":[[[92.314592656573211,20.770587582132894],[92.314785770965671,20.770726477047472],[92.316182136572635,20.768809715947825],[92.316063296946538,20.768851384925977],[92.314592656573211,20.770587582132894]]]}},
{"type":"Feature","properties":{"class":"whitewater"},"geometry":{"type":"Polygon","coordinates":[[[92.322257812458375,20.762184202248786],[92.32239150703775,20.762295324370545],[92.323505628532672,20.761281331980658],[92.323357079000019,20.761170209113352],[92.322257812458375,20.762184202248786]]]}},
{"type":"Feature","properties":{"class":"whitewater"},"geometry":{"type":"Polygon","coordinates":[[[92.328586022549544,20.757683687659153],[92.330324052081664,20.755627852460652],[92.330457746661025,20.755863997114112],[92.329001961240991,20.757628124913268],[92.328586022549544,20.757683687659153]]]}},
{"type":"Feature","properties":{"class":"whitewater"},"geometry":{"type":"Polygon","coordinates":[[[92.330739990773097,20.755808433699414],[92.331066799744946,20.755613961587205],[92.331155929464515,20.755683415941714],[92.330947960118792,20.755919560508389],[92.330888540305722,20.756002905561491],[92.330739990773097,20.755808433699414]]]}},
{"type":"Feature","properties":{"class":"whitewater"},"geometry":{"type":"Polygon","coordinates":[[[92.331467883483128,20.755294471145479],[92.332596859931314,20.754433232678785],[92.332567150024772,20.754655488236626],[92.331601578062475,20.755433380116152],[92.331467883483128,20.755294471145479]]]}},
{"type":"Feature","properties":{"class":"whitewater"},"geometry":{"type":"Polygon","coordinates":[[[92.33329504273479,20.754210976794223],[92.333413882360929,20.754474905620764],[92.33547872086487,20.753308058903553],[92.3354193010518,20.753169147980262],[92.333993225538293,20.753863701320526],[92.33329504273479,20.754210976794223]]]}},
{"type":"Feature","properties":{"class":"whitewater"},"geometry":{"type":"Polygon","coordinates":[[[92.336964216191447,20.752238441502385],[92.338761665536609,20.75133551183286],[92.340811649087286,20.751293838025642],[92.337484139555741,20.752696849886508],[92.336964216191447,20.752238441502385]]]}},
{"type":"Feature","properties":{"class":"whitewater"},"geometry":{"type":"Polygon","coordinates":[[[92.341346427404829,20.751099360106775],[92.343856914506773,20.750779860125679],[92.343693510020827,20.75098822975513],[92.341346427404829,20.751307729295977],[92.341346427404829,20.751099360106775]]]}},
{"type":"Feature","properties":{"class":"whitewater"},"geometry":{"type":"Polygon","coordinates":[[[92.346456531328258,20.752224550317528],[92.347095294318706,20.753585880367282],[92.347184424038289,20.753488642913037],[92.346664500673995,20.752224550317536],[92.346456531328258,20.752224550317528]]]}},
{"type":"Feature","properties":{"class":"other"},"geometry":{"type":"Polygon","coordinates":[[[91.947244517263968,21.459884864636003],[91.950096668290954,21.460161366732166],[91.955563291092773,21.449322091878013],[91.953840116513945,21.449653918370863],[91.947244517263968,21.459884864636003]]]}},
{"type":"Feature","properties":{"class":"other"},"geometry":{"type":"Polygon","coordinates":[[[91.955800970345038,21.447441727490332],[91.957167626045489,21.447828863316754],[91.965961758378796,21.437043980928745],[91.964357423426122,21.43693336262001],[91.955800970345038,21.447441727490332]]]}},
{"type":"Feature","properties":{"class":"other"},"geometry":{"type":"Polygon","coordinates":[[[91.965545819687364,21.435274077926643],[91.971012442489169,21.429023936226571],[91.971963159498188,21.430074863724634],[91.967982032022974,21.435716555689609],[91.965545819687364,21.435274077926643]]]}},
{"type":"Feature","properties":{"class":"other"},"geometry":{"type":"Polygon","coordinates":[[[91.972022579311272,21.427751750711806],[91.975706607721165,21.423492614179068],[91.976716744543253,21.423769185258138],[91.973389235011709,21.428194251278693],[91.972022579311272,21.427751750711806]]]}},
{"type":"Feature","properties":{"class":"other"},"geometry":{"type":"Polygon","coordinates":[[[91.978380499309011,21.420892820431941],[91.981470329588277,21.417463234483662],[91.982064527718933,21.418403612837459],[91.979628315383351,21.420284351382076],[91.978380499309011,21.420892820431941]]]}},
{"type":"Feature","properties":{"class":"other"},"geometry":{"type":"Polygon","coordinates":[[[91.985332617437408,21.414033568010325],[92.002326683973422,21.417352601338127],[92.005891872757203,21.406233542897919],[91.995018046966692,21.404297301953537],[91.985332617437408,21.414033568010325]]]}},
{"type":"Feature","properties":{"class":"other"},"geometry":{"type":"Polygon","coordinates":[[[91.977073263421644,21.428857999614227],[91.978677598374318,21.429355808885415],[91.985570296689659,21.41735260133812],[91.983787702297761,21.417186651462732],[91.977073263421644,21.428857999614227]]]}},
{"type":"Feature","properties":{"class":"other"},"geometry":{"type":"Polygon","coordinates":[[[91.994483268649105,21.401973778963924],[91.998702075376571,21.397050001062389],[92.00428753780453,21.39931827889702],[92.001494806590571,21.404297301953545],[91.994483268649105,21.401973778963924]]]}},
{"type":"Feature","properties":{"class":"other"},"geometry":{"type":"Polygon","coordinates":[[[92.000009311263995,21.394283760960857],[92.005936437616924,21.382983126752226],[92.009754160606334,21.379455822284573],[92.017894674995972,21.382222342783713],[92.008862863410371,21.395500913052295],[92.000009311263995,21.394283760960857]]]}},
{"type":"Feature","properties":{"class":"other"},"geometry":{"type":"Polygon","coordinates":[[[92.010467198363088,21.378570524679748],[92.019023651444186,21.366673818751874],[92.021578703405893,21.364405034858908],[92.024074335554545,21.357155758123632],[92.027104746020768,21.351511034741137],[92.032511949009503,21.356602363483976],[92.02086566564914,21.380451775689007],[92.010467198363088,21.378570524679748]]]}},
{"type":"Feature","properties":{"class":"other"},"geometry":{"type":"Polygon","coordinates":[[[92.027342425272977,21.350459542638532],[92.031977170691917,21.340331627275493],[92.03797857181128,21.341991989212996],[92.032749628261712,21.353337292569158],[92.027342425272977,21.350459542638532]]]}},
{"type":"Feature","properties":{"class":"other"},"geometry":{"type":"Polygon","coordinates":[[[92.033046727327047,21.338615900191122],[92.038751029381103,21.329815565174854],[92.044217652182923,21.335295081074765],[92.040177104894624,21.340497664315201],[92.033046727327047,21.338615900191122]]]}},
{"type":"Feature","properties":{"class":"other"},"geometry":{"type":"Polygon","coordinates":[[[92.032036590504987,21.334686256081536],[92.034413383027498,21.335073690460508],[92.037206114241457,21.328763917504549],[92.035245260410392,21.329594166291667],[92.033581505644605,21.330977903830728],[92.033046727327047,21.331199300625947],[92.032036590504987,21.334686256081536]]]}},
{"type":"Feature","properties":{"class":"other"},"geometry":{"type":"Polygon","coordinates":[[[92.033819184896871,21.322841339893202],[92.034948161345042,21.325830334168522],[92.038691609568033,21.328376466462924],[92.042316218164885,21.325941036491201],[92.042375637977955,21.320793290156171],[92.03465106227975,21.320350464834402],[92.033819184896871,21.322841339893202]]]}},
{"type":"Feature","properties":{"class":"other"},"geometry":{"type":"Polygon","coordinates":[[[92.034428237980762,21.323284157700805],[92.033997444336066,21.321554393056964],[92.034695627139556,21.321609745841283],[92.034428237980762,21.323284157700805]]]}},
{"type":"Feature","properties":{"class":"other"},"geometry":{"type":"Polygon","coordinates":[[[92.042048829006106,21.311811977949095],[92.051199480217832,21.315077973222095],[92.063142862643517,21.293100300337574],[92.055715386010618,21.290996471622666],[92.046980673490353,21.301958196213995],[92.044603880967813,21.308158405644729],[92.042048829006106,21.311811977949095]]]}},
{"type":"Feature","properties":{"class":"other"},"geometry":{"type":"Polygon","coordinates":[[[92.048466168816915,21.28833896074168],[92.054229890684027,21.288172864716834],[92.056131324702051,21.270787110188387],[92.050664701900246,21.26918131585342],[92.048466168816915,21.28833896074168]]]}},
{"type":"Feature","properties":{"class":"other"},"geometry":{"type":"Polygon","coordinates":[[[92.048822687695278,21.268239979994828],[92.047693711247092,21.248858198336301],[92.052209617039907,21.249190478936811],[92.054764669001614,21.26796311536134],[92.048822687695278,21.268239979994828]]]}},
{"type":"Feature","properties":{"class":"other"},"geometry":{"type":"Polygon","coordinates":[[[92.047515451807897,21.248193634887308],[92.048109649938525,21.239498653657051],[92.052447296292129,21.239775571795054],[92.054942928440795,21.244593864119157],[92.055774805823674,21.249301238970464],[92.047515451807897,21.248193634887308]]]}},
{"type":"Feature","properties":{"class":"other"},"geometry":{"type":"Polygon","coordinates":[[[92.047144077976228,21.234001720979215],[92.048748412928944,21.234389420681371],[92.051125205451456,21.229293857546029],[92.051600563955972,21.22707834040089],[92.049461450685712,21.227161422894369],[92.047144077976228,21.234001720979215]]]}},
{"type":"Feature","properties":{"class":"other"},"geometry":{"type":"Polygon","coordinates":[[[92.048718703022431,21.216748052487752],[92.050501297414343,21.202068383670237],[92.05418532582425,21.202843949857353],[92.052462151245393,21.214587739996997],[92.050441877601273,21.217025013340802],[92.048718703022431,21.216748052487752]]]}},
{"type":"Feature","properties":{"class":"other"},"geometry":{"type":"Polygon","coordinates":[[[92.050204198348993,21.20040644241325],[92.050025938909812,21.193093678756711],[92.049253481339989,21.186168379542742],[92.050620137040426,21.180572500781288],[92.054304165450347,21.174145289625336],[92.056978057038208,21.169878796956958],[92.061196863765687,21.16954633781523],[92.068862019650794,21.171485672276678],[92.074447482078753,21.180794123770017],[92.072486628247646,21.190212793701459],[92.064167854418841,21.196140707601248],[92.059354849560719,21.2002956456646],[92.050204198348993,21.20040644241325]]]}},
{"type":"Feature","properties":{"class":"other"},"geometry":{"type":"Polygon","coordinates":[[[92.058879491056203,21.16744074590283],[92.067733043202622,21.157909797269379],[92.078844548245414,21.14510854614602],[92.086687963569744,21.145496479103748],[92.086450284317465,21.154030747122381],[92.079557586002181,21.164503949249429],[92.074804000957116,21.168493545604612],[92.068089562080999,21.170654532048971],[92.058879491056203,21.16744074590283]]]}},
{"type":"Feature","properties":{"class":"other"},"geometry":{"type":"Polygon","coordinates":[[[92.073897848807889,21.147020491602408],[92.081295615534245,21.139123166058674],[92.080612287684005,21.14111831962034],[92.074640596471156,21.147214455704706],[92.073897848807889,21.147020491602408]]]}},
{"type":"Feature","properties":{"class":"other"},"geometry":{"type":"Polygon","coordinates":[[[92.087742665251568,21.130310916524348],[92.090535396465569,21.126708273719458],[92.097844033472299,21.131751949134376],[92.09410058524935,21.136795452951525],[92.087445566186275,21.132749578889346],[92.087742665251568,21.130310916524348]]]}},
{"type":"Feature","properties":{"class":"other"},"geometry":{"type":"Polygon","coordinates":[[[92.093981745623225,21.122772979245674],[92.099745467490337,21.116675837936146],[92.106162807301146,21.12249584189605],[92.110559873467821,21.130754312665513],[92.117155472717826,21.140120746197539],[92.102597618517365,21.142448407069807],[92.098973009920513,21.142337566905084],[92.093981745623225,21.122772979245674]]]}},
{"type":"Feature","properties":{"class":"other"},"geometry":{"type":"Polygon","coordinates":[[[92.107054104497109,21.107307923517489],[92.10812366113224,21.10581121968427],[92.108599019636728,21.105977520855447],[92.10812366113224,21.1067535905241],[92.107054104497109,21.107307923517489]]]}},
{"type":"Feature","properties":{"class":"other"},"geometry":{"type":"Polygon","coordinates":[[[92.105568609170533,21.113128294948851],[92.114541000943063,21.102651462034288],[92.123275713463329,21.107252490311318],[92.12577134561198,21.114791216285443],[92.118759807670529,21.119724439918244],[92.11376854337324,21.120389581115539],[92.105568609170533,21.113128294948851]]]}},
{"type":"Feature","properties":{"class":"other"},"geometry":{"type":"Polygon","coordinates":[[[92.119532265240352,21.099380764863998],[92.125533666359701,21.092783715795242],[92.129514793834943,21.091397743870949],[92.131356808039897,21.092395644959947],[92.132545204301167,21.09538930800349],[92.133733600562451,21.096775242682423],[92.135159676075958,21.100156869017237],[92.133971279814688,21.102097111652615],[92.128682916452078,21.1038155910983],[92.12369165215479,21.104591672069592],[92.119532265240352,21.099380764863998]]]}},
{"type":"Feature","properties":{"class":"other"},"geometry":{"type":"Polygon","coordinates":[[[92.133971279814688,21.082748986993053],[92.137061110093953,21.078202643723539],[92.137655308224595,21.074598736238165],[92.139140803551157,21.072325457355408],[92.143953808409279,21.072713580600624],[92.148172615136744,21.07770364635952],[92.147875516071437,21.08025405973277],[92.145023365044423,21.082471774921242],[92.143478449904762,21.082915313987961],[92.138784284672809,21.083746946170233],[92.136466911963339,21.083968713966204],[92.133971279814688,21.082748986993053]]]}},
{"type":"Feature","properties":{"class":"other"},"geometry":{"type":"Polygon","coordinates":[[[92.115848236830431,21.096941553974762],[92.116204755708807,21.096941553974762],[92.125890185238092,21.08602005038987],[92.125414826733603,21.08613093263309],[92.115848236830431,21.096941553974762]]]}},
{"type":"Feature","properties":{"class":"other"},"geometry":{"type":"Polygon","coordinates":[[[92.129217694769622,21.081972791888962],[92.134565477945301,21.075984864840603],[92.135397355328195,21.076317533782202],[92.133852440188548,21.078258087771701],[92.129217694769622,21.081972791888962]]]}},
{"type":"Feature","properties":{"class":"other"},"geometry":{"type":"Polygon","coordinates":[[[92.143597289530902,21.065283616859247],[92.151381285042135,21.055732241458546],[92.157798624853001,21.05979407689837],[92.15518415307821,21.068721407416348],[92.153282719060172,21.0717709938192],[92.143597289530902,21.065283616859247]]]}},
{"type":"Feature","properties":{"class":"other"},"geometry":{"type":"Polygon","coordinates":[[[92.155302992704307,21.051642568182451],[92.164631903355243,21.057187860761797],[92.173069516810187,21.052696189670222],[92.173426035688578,21.049313483694348],[92.172118799801197,21.048426203828523],[92.169385488400266,21.047206185379089],[92.164453643916048,21.046318892955043],[92.162789889150289,21.046041612988201],[92.161601492889019,21.045653420167167],[92.155302992704307,21.051642568182451]]]}},
{"type":"Feature","properties":{"class":"other"},"geometry":{"type":"Polygon","coordinates":[[[92.166473917560239,21.042825127640182],[92.182517267087235,21.022138139870403],[92.19374761175618,21.027906382298362],[92.175683988584993,21.049202574000301],[92.166473917560239,21.042825127640182]]]}},
{"type":"Feature","properties":{"class":"other"},"geometry":{"type":"Polygon","coordinates":[[[92.177882521668337,21.025632390301482],[92.178417299985909,21.025687853933672],[92.185725936992654,21.016147805741717],[92.185309998301236,21.01614780574171],[92.177882521668337,21.025632390301482]]]}},
{"type":"Feature","properties":{"class":"other"},"geometry":{"type":"Polygon","coordinates":[[[92.189053446524184,21.008382199674038],[92.226190829688633,21.012597864560561],[92.229102400528731,20.998951991746321],[92.191251979607529,21.002502257613063],[92.189053446524184,21.008382199674038]]]}},
{"type":"Feature","properties":{"class":"other"},"geometry":{"type":"Polygon","coordinates":[[[92.194104130634557,20.994514040666459],[92.197134541100752,20.984694605116225],[92.203789560163841,20.985193914028407],[92.20230406483725,20.996178287781913],[92.194104130634557,20.994514040666459]]]}},
{"type":"Feature","properties":{"class":"other"},"geometry":{"type":"Polygon","coordinates":[[[92.201175088389093,20.972155856475354],[92.205988093247171,20.957396512703507],[92.214128607636837,20.960392888304224],[92.206522871564772,20.97820343739361],[92.201175088389093,20.972155856475354]]]}},
{"type":"Feature","properties":{"class":"other"},"geometry":{"type":"Polygon","coordinates":[[[92.209701831563621,20.951029015278312],[92.211454716048991,20.948115690816024],[92.212108333992674,20.946339922373216],[92.212761951936372,20.944508639101105],[92.213861218478016,20.942233377160992],[92.214633676047839,20.940235557678246],[92.214782225580521,20.938404199734595],[92.216267720907084,20.936101096586615],[92.220308268195367,20.937044540713345],[92.221407534737054,20.939125646446872],[92.221674923895819,20.942150135214785],[92.220575657354161,20.944453145318882],[92.219535810625544,20.947949213419516],[92.218614803523067,20.950474100705659],[92.216327140720153,20.951972365329237],[92.213712668945391,20.952000110828926],[92.209701831563621,20.951029015278312]]]}},
{"type":"Feature","properties":{"class":"other"},"geometry":{"type":"Polygon","coordinates":[[[92.217990895485926,20.931550282620901],[92.224586494735902,20.919284595627957],[92.230171957163819,20.923058760098989],[92.231122674172866,20.928636579129908],[92.2246756244555,20.932355009787816],[92.220427107821507,20.933936702309136],[92.217485827074867,20.934019948821263],[92.217990895485926,20.931550282620901]]]}},
{"type":"Feature","properties":{"class":"other"},"geometry":{"type":"Polygon","coordinates":[[[92.22529953249267,20.91781375579794],[92.229845148191984,20.910681365559885],[92.237569723890175,20.916315149430069],[92.231806002023049,20.919284595627957],[92.22529953249267,20.91781375579794]]]}},
{"type":"Feature","properties":{"class":"other"},"geometry":{"type":"Polygon","coordinates":[[[92.230023407631165,20.909710002119223],[92.236262488002794,20.901966622877051],[92.24767109211092,20.906823627915379],[92.243987063700985,20.914289231821975],[92.235876259217875,20.914622261254209],[92.230023407631165,20.909710002119223]]]}},
{"type":"Feature","properties":{"class":"other"},"geometry":{"type":"Polygon","coordinates":[[[92.234331344078257,20.902882527286931],[92.235638579965638,20.901328261951392],[92.236054518657099,20.901439281437924],[92.234836412489287,20.902799263480734],[92.234331344078257,20.902882527286931]]]}},
{"type":"Feature","properties":{"class":"other"},"geometry":{"type":"Polygon","coordinates":[[[92.239233478655976,20.89705394925754],[92.242323308935241,20.892779514815444],[92.242531278280964,20.89308483559844],[92.239738547067006,20.897109460592347],[92.239233478655976,20.89705394925754]]]}},
{"type":"Feature","properties":{"class":"other"},"geometry":{"type":"Polygon","coordinates":[[[92.237183495105285,20.902410698440772],[92.24767109211092,20.904520039417196],[92.259555054723535,20.890364683106007],[92.243838514168345,20.894222843954367],[92.237183495105285,20.902410698440772]]]}},
{"type":"Feature","properties":{"class":"other"},"geometry":{"type":"Polygon","coordinates":[[[92.244551551925099,20.890087113753637],[92.24758196239128,20.885784723167514],[92.253761622949852,20.889254402617269],[92.248532679400313,20.892085601635277],[92.244551551925099,20.890087113753637]]]}},
{"type":"Feature","properties":{"class":"other"},"geometry":{"type":"Polygon","coordinates":[[[92.249156587437483,20.883869425766555],[92.252365257342888,20.879594615930266],[92.255603637154806,20.880316345608485],[92.256435514537699,20.882675822277175],[92.256465224444227,20.884896472338042],[92.255157988556846,20.886201088935046],[92.253137714912711,20.886534180717781],[92.251830479025315,20.886450907841368],[92.250523243137934,20.885756965408621],[92.250315273792211,20.885229567014843],[92.249156587437483,20.883869425766555]]]}},
{"type":"Feature","properties":{"class":"other"},"geometry":{"type":"Polygon","coordinates":[[[92.255455087622167,20.873709613756208],[92.255989865939739,20.873876173591434],[92.262823144441995,20.86304940030189],[92.262377495843992,20.862688494427495],[92.255455087622167,20.873709613756208]]]}},
{"type":"Feature","properties":{"class":"other"},"geometry":{"type":"Polygon","coordinates":[[[92.263892701077125,20.860550803407861],[92.265199936964507,20.860995001446113],[92.267784698832742,20.855803354917288],[92.266774562010681,20.855692301696639],[92.263892701077125,20.860550803407861]]]}},
{"type":"Feature","properties":{"class":"other"},"geometry":{"type":"Polygon","coordinates":[[[92.267368760141295,20.855081507517241],[92.27176582630797,20.848001666717622],[92.276965059950996,20.850417179262983],[92.273251321634547,20.857135987168579],[92.267368760141295,20.855081507517241]]]}},
{"type":"Feature","properties":{"class":"other"},"geometry":{"type":"Polygon","coordinates":[[[92.272092635279847,20.847529665483851],[92.277202739203275,20.838783492382767],[92.283828048359808,20.842504148777738],[92.282223713407092,20.849389897058106],[92.27827229583842,20.8503894149713],[92.276965059950996,20.850417179262983],[92.272092635279847,20.847529665483851]]]}},
{"type":"Feature","properties":{"class":"other"},"geometry":{"type":"Polygon","coordinates":[[[92.279401272286606,20.834590702205485],[92.287125847984797,20.820539838970653],[92.293840286860913,20.823289024045096],[92.28846279377872,20.835173812465865],[92.279401272286606,20.834590702205485]]]}},
{"type":"Feature","properties":{"class":"other"},"geometry":{"type":"Polygon","coordinates":[[[92.28739323714359,20.821123003633012],[92.289829449479157,20.817040803598367],[92.292948989664978,20.818845871674728],[92.290245388170618,20.822233787221634],[92.28739323714359,20.821123003633012]]]}},
{"type":"Feature","properties":{"class":"other"},"geometry":{"type":"Polygon","coordinates":[[[92.289859159385713,20.815152401546268],[92.291760593403708,20.811486612370889],[92.294761293963418,20.812042040703922],[92.292235951908225,20.816235458558253],[92.289859159385713,20.815152401546268]]]}},
{"type":"Feature","properties":{"class":"other"},"geometry":{"type":"Polygon","coordinates":[[[92.317251693207808,20.769184736337404],[92.31832124984291,20.767351294472427],[92.322421216944278,20.76351766231744],[92.326699443484827,20.760017304544139],[92.328719717128976,20.759183874078101],[92.332700844604176,20.759406122651704],[92.334542858809144,20.761017415037394],[92.335374736192037,20.764239948275286],[92.334542858809144,20.768906943545616],[92.332284905912758,20.772740438957399],[92.332166066286632,20.765351150700052],[92.322421216944278,20.768518032778985],[92.327887839746083,20.770740366531893],[92.321767599000594,20.772851553315661],[92.317251693207808,20.769184736337404]]]}},
{"type":"Feature","properties":{"class":"other"},"geometry":{"type":"Polygon","coordinates":[[[92.313151726106454,20.780796018053859],[92.318083570590673,20.782462635937996],[92.318737188534385,20.780240474670876],[92.313924183676278,20.779629374588733],[92.313151726106454,20.780796018053859]]]}},
{"type":"Feature","properties":{"class":"other"},"geometry":{"type":"Polygon","coordinates":[[[92.33507763712673,20.755016652821261],[92.338345726845205,20.752960781356048],[92.340321435629562,20.752238441502367],[92.342371419180239,20.752294006229008],[92.340544259928549,20.753919265449905],[92.337231605350283,20.75453046952553],[92.33631059824782,20.755516725437282],[92.335434156005107,20.75594734219785],[92.33507763712673,20.755016652821261]]]}}
]
}
