{
"type": "FeatureCollection",
"name": "transects",
"crs": { "type": "name", "properties": { "name": "urn:ogc:def:crs:OGC:1.3:CRS84" } },
"features": [
{ "type": "Feature", "properties": { "transect_id": 0 }, "geometry": { "type": "LineString", "coordinates": [ [ 91.954579116195177, 21.466359126647458 ], [ 91.940427536459467, 21.469213638567716 ] ] } },
{ "type": "Feature", "properties": { "transect_id": 1 }, "geometry": { "type": "LineString", "coordinates": [ [ 91.954477445339677, 21.465917574617357 ], [ 91.940325907079497, 21.468772079746568 ] ] } },
{ "type": "Feature", "properties": { "transect_id": 2 }, "geometry": { "type": "LineString", "coordinates": [ [ 91.954379922699502, 21.465475223197487 ], [ 91.94017578317677, 21.468090549733542 ] ] } },
{ "type": "Feature", "properties": { "transect_id": 3 }, "geometry": { "type": "LineString", "coordinates": [ [ 91.954286991904709, 21.465031986890786 ], [ 91.940208724838669, 21.468187745620728 ] ] } },
{ "type": "Feature", "properties": { "transect_id": 4 }, "geometry": { "type": "LineString", "coordinates": [ [ 91.954154979681434, 21.464597541557062 ], [ 91.940233752518282, 21.46831388340328 ] ] } },
{ "type": "Feature", "properties": { "transect_id": 5 }, "geometry": { "type": "LineString", "coordinates": [ [ 91.954022621267981, 21.464163174163897 ], [ 91.940099516280114, 21.467873208595684 ] ] } },
{ "type": "Feature", "properties": { "transect_id": 6 }, "geometry": { "type": "LineString", "coordinates": [ [ 91.953896893539437, 21.463727128375897 ], [ 91.939871856092807, 21.467083718680293 ] ] } },
{ "type": "Feature", "properties": { "transect_id": 7 }, "geometry": { "type": "LineString", "coordinates": [ [ 91.953777346178768, 21.46328951818413 ], [ 91.939752348819724, 21.466646100239164 ] ] } },
{ "type": "Feature", "properties": { "transect_id": 8 }, "geometry": { "type": "LineString", "coordinates": [ [ 91.953684260267607, 21.462847605570175 ], [ 91.939305809449792, 21.464418128646734 ] ] } },
{ "type": "Feature", "properties": { "transect_id": 9 }, "geometry": { "type": "LineString", "coordinates": [ [ 91.953639160381073, 21.462397890773605 ], [ 91.939226519900217, 21.463663788611989 ] ] } },
{ "type": "Feature", "properties": { "transect_id": 10 }, "geometry": { "type": "LineString", "coordinates": [ [ 91.953594060707829, 21.461948175952365 ], [ 91.939181464432238, 21.463214071769087 ] ] } },
{ "type": "Feature", "properties": { "transect_id": 11 }, "geometry": { "type": "LineString", "coordinates": [ [ 91.953559238298652, 21.461498339354339 ], [ 91.939084005479444, 21.461379664663475 ] ] } },
{ "type": "Feature", "properties": { "transect_id": 12 }, "geometry": { "type": "LineString", "coordinates": [ [ 91.953592164998398, 21.461047700099847 ], [ 91.939150248371718, 21.460122404309438 ] ] } },
{ "type": "Feature", "properties": { "transect_id": 13 }, "geometry": { "type": "LineString", "coordinates": [ [ 91.95362509143159, 21.460597060806769 ], [ 91.939183218737185, 21.459671769623856 ] ] } },
{ "type": "Feature", "properties": { "transect_id": 14 }, "geometry": { "type": "LineString", "coordinates": [ [ 91.953658017598229, 21.460146421475123 ], [ 91.939216188834976, 21.459221134899565 ] ] } },
{ "type": "Feature", "properties": { "transect_id": 15 }, "geometry": { "type": "LineString", "coordinates": [ [ 91.953690943498344, 21.459695782104905 ], [ 91.939251514537219, 21.458738843508854 ] ] } },
{ "type": "Feature", "properties": { "transect_id": 16 }, "geometry": { "type": "LineString", "coordinates": [ [ 91.953743794163685, 21.459247155353061 ], [ 91.939423876849787, 21.457265915380592 ] ] } },
{ "type": "Feature", "properties": { "transect_id": 17 }, "geometry": { "type": "LineString", "coordinates": [ [ 91.953814320987718, 21.458800314077386 ], [ 91.939494445810169, 21.456819081790709 ] ] } },
{ "type": "Feature", "properties": { "transect_id": 18 }, "geometry": { "type": "LineString", "coordinates": [ [ 91.953884847319856, 21.458353472731005 ], [ 91.939565014277605, 21.456372248129838 ] ] } },
{ "type": "Feature", "properties": { "transect_id": 19 }, "geometry": { "type": "LineString", "coordinates": [ [ 91.953959083231055, 21.457907201243795 ], [ 91.939693617515573, 21.45560813754301 ] ] } },
{ "type": "Feature", "properties": { "transect_id": 20 }, "geometry": { "type": "LineString", "coordinates": [ [ 91.954044808702903, 21.457462694750387 ], [ 91.939799929003428, 21.455054619444855 ] ] } },
{ "type": "Feature", "properties": { "transect_id": 21 }, "geometry": { "type": "LineString", "coordinates": [ [ 91.954130533594252, 21.457018188168686 ], [ 91.939885694998111, 21.454610121751507 ] ] } },
{ "type": "Feature", "properties": { "transect_id": 22 }, "geometry": { "type": "LineString", "coordinates": [ [ 91.954216257905159, 21.4565736814987 ], [ 91.939971460411357, 21.454165623969505 ] ] } },
{ "type": "Feature", "properties": { "transect_id": 23 }, "geometry": { "type": "LineString", "coordinates": [ [ 91.954301981635609, 21.456129174740411 ], [ 91.94019162041495, 21.453106331070003 ] ] } },
{ "type": "Feature", "properties": { "transect_id": 24 }, "geometry": { "type": "LineString", "coordinates": [ [ 91.954438168120319, 21.455696229234132 ], [ 91.940615937308451, 21.451672719689885 ] ] } },
{ "type": "Feature", "properties": { "transect_id": 25 }, "geometry": { "type": "LineString", "coordinates": [ [ 91.954581414736907, 21.455264901258321 ], [ 91.940759219551893, 21.4512414048518 ] ] } },
{ "type": "Feature", "properties": { "transect_id": 26 }, "geometry": { "type": "LineString", "coordinates": [ [ 91.954724660457344, 21.454833573103709 ], [ 91.94090250089846, 21.450810089834416 ] ] } },
{ "type": "Feature", "properties": { "transect_id": 27 }, "geometry": { "type": "LineString", "coordinates": [ [ 91.954867905281645, 21.454402244770304 ], [ 91.941040825506846, 21.450393723629649 ] ] } },
{ "type": "Feature", "properties": { "transect_id": 28 }, "geometry": { "type": "LineString", "coordinates": [ [ 91.955008793886876, 21.453970240305527 ], [ 91.941153175042643, 21.450049145345304 ] ] } },
{ "type": "Feature", "properties": { "transect_id": 29 }, "geometry": { "type": "LineString", "coordinates": [ [ 91.955148392011438, 21.453537865566119 ], [ 91.941292809211774, 21.449616783489439 ] ] } },
{ "type": "Feature", "properties": { "transect_id": 30 }, "geometry": { "type": "LineString", "coordinates": [ [ 91.955287989258849, 21.453105490654785 ], [ 91.941432442503, 21.44918442146119 ] ] } },
{ "type": "Feature", "properties": { "transect_id": 31 }, "geometry": { "type": "LineString", "coordinates": [ [ 91.955427585629124, 21.452673115571539 ], [ 91.941704780626068, 21.448362462817705 ] ] } },
{ "type": "Feature", "properties": { "transect_id": 32 }, "geometry": { "type": "LineString", "coordinates": [ [ 91.955608012953036, 21.452254848309018 ], [ 91.942354267352428, 21.446807881550502 ] ] } },
{ "type": "Feature", "properties": { "transect_id": 33 }, "geometry": { "type": "LineString", "coordinates": [ [ 91.955801942263832, 21.451841246286921 ], [ 91.942548225406838, 21.446394295861428 ] ] } },
{ "type": "Feature", "properties": { "transect_id": 34 }, "geometry": { "type": "LineString", "coordinates": [ [ 91.955995870436851, 21.451427643975478 ], [ 91.942742182323116, 21.445980709882434 ] ] } },
{ "type": "Feature", "properties": { "transect_id": 35 }, "geometry": { "type": "LineString", "coordinates": [ [ 91.956189797472135, 21.451014041374712 ], [ 91.942936138101288, 21.445567123613539 ] ] } },
{ "type": "Feature", "properties": { "transect_id": 36 }, "geometry": { "type": "LineString", "coordinates": [ [ 91.956383723369711, 21.450600438484638 ], [ 91.943130092741384, 21.445153537054747 ] ] } },
{ "type": "Feature", "properties": { "transect_id": 37 }, "geometry": { "type": "LineString", "coordinates": [ [ 91.95657764812961, 21.450186835305249 ], [ 91.943324046243447, 21.44473995020606 ] ] } },
{ "type": "Feature", "properties": { "transect_id": 38 }, "geometry": { "type": "LineString", "coordinates": [ [ 91.956771571751887, 21.449773231836584 ], [ 91.943517998607504, 21.444326363067514 ] ] } },
{ "type": "Feature", "properties": { "transect_id": 39 }, "geometry": { "type": "LineString", "coordinates": [ [ 91.95696549423657, 21.449359628078643 ], [ 91.943711949833613, 21.443912775639124 ] ] } },
{ "type": "Feature", "properties": { "transect_id": 40 }, "geometry": { "type": "LineString", "coordinates": [ [ 91.957159415583703, 21.448946024031446 ], [ 91.943905899921774, 21.443499187920889 ] ] } },
{ "type": "Feature", "properties": { "transect_id": 41 }, "geometry": { "type": "LineString", "coordinates": [ [ 91.957353335793314, 21.448532419695006 ], [ 91.944099848872071, 21.44308559991283 ] ] } },
{ "type": "Feature", "properties": { "transect_id": 42 }, "geometry": { "type": "LineString", "coordinates": [ [ 91.957547254865446, 21.44811881506935 ], [ 91.944293796684534, 21.442672011614928 ] ] } },
{ "type": "Feature", "properties": { "transect_id": 43 }, "geometry": { "type": "LineString", "coordinates": [ [ 91.957741172800127, 21.447705210154467 ], [ 91.944487743359133, 21.442258423027308 ] ] } },
{ "type": "Feature", "properties": { "transect_id": 44 }, "geometry": { "type": "LineString", "coordinates": [ [ 91.957935089597385, 21.44729160495039 ], [ 91.944681688895997, 21.441844834149869 ] ] } },
{ "type": "Feature", "properties": { "transect_id": 45 }, "geometry": { "type": "LineString", "coordinates": [ [ 91.958129005257291, 21.446877999457133 ], [ 91.944875633295112, 21.44143124498267 ] ] } },
{ "type": "Feature", "properties": { "transect_id": 46 }, "geometry": { "type": "LineString", "coordinates": [ [ 91.95832291977986, 21.446464393674699 ], [ 91.94506957655652, 21.441017655525716 ] ] } },
{ "type": "Feature", "properties": { "transect_id": 47 }, "geometry": { "type": "LineString", "coordinates": [ [ 91.958516833165135, 21.446050787603109 ], [ 91.945263518680264, 21.440604065779027 ] ] } },
{ "type": "Feature", "properties": { "transect_id": 48 }, "geometry": { "type": "LineString", "coordinates": [ [ 91.958710745413129, 21.44563718124239 ], [ 91.9459976102128, 21.43915958440537 ] ] } },
{ "type": "Feature", "properties": { "transect_id": 49 }, "geometry": { "type": "LineString", "coordinates": [ [ 91.95898614927242, 21.445267688458756 ], [ 91.947333039991207, 21.437230481246448 ] ] } },
{ "type": "Feature", "properties": { "transect_id": 50 }, "geometry": { "type": "LineString", "coordinates": [ [ 91.959272298579691, 21.444904012651474 ], [ 91.947619200655353, 21.436866825558379 ] ] } },
{ "type": "Feature", "properties": { "transect_id": 51 }, "geometry": { "type": "LineString", "coordinates": [ [ 91.959558446448895, 21.444540336281875 ], [ 91.947905359881858, 21.436503169307404 ] ] } },
{ "type": "Feature", "properties": { "transect_id": 52 }, "geometry": { "type": "LineString", "coordinates": [ [ 91.959844592880046, 21.444176659349974 ], [ 91.948191517670779, 21.436139512493533 ] ] } },
{ "type": "Feature", "properties": { "transect_id": 53 }, "geometry": { "type": "LineString", "coordinates": [ [ 91.960130737873214, 21.443812981855817 ], [ 91.948477674021987, 21.435775855116987 ] ] } },
{ "type": "Feature", "properties": { "transect_id": 54 }, "geometry": { "type": "LineString", "coordinates": [ [ 91.960416881428429, 21.443449303799412 ], [ 91.948763828935739, 21.435412197177552 ] ] } },
{ "type": "Feature", "properties": { "transect_id": 55 }, "geometry": { "type": "LineString", "coordinates": [ [ 91.960703023545705, 21.443085625180792 ], [ 91.949049982411864, 21.435048538675481 ] ] } },
{ "type": "Feature", "properties": { "transect_id": 56 }, "geometry": { "type": "LineString", "coordinates": [ [ 91.960989164225097, 21.442721945999985 ], [ 91.94933613445059, 21.434684879610572 ] ] } },
{ "type": "Feature", "properties": { "transect_id": 57 }, "geometry": { "type": "LineString", "coordinates": [ [ 91.961275303466635, 21.442358266257017 ], [ 91.949622285051774, 21.434321219983101 ] ] } },
{ "type": "Feature", "properties": { "transect_id": 58 }, "geometry": { "type": "LineString", "coordinates": [ [ 91.961561441270376, 21.441994585951932 ], [ 91.949908434215615, 21.433957559792855 ] ] } },
{ "type": "Feature", "properties": { "transect_id": 59 }, "geometry": { "type": "LineString", "coordinates": [ [ 91.961847577636334, 21.441630905084725 ], [ 91.950194581941986, 21.433593899040076 ] ] } },
{ "type": "Feature", "properties": { "transect_id": 60 }, "geometry": { "type": "LineString", "coordinates": [ [ 91.962133712564537, 21.441267223655448 ], [ 91.950480728231099, 21.433230237724583 ] ] } },
{ "type": "Feature", "properties": { "transect_id": 61 }, "geometry": { "type": "LineString", "coordinates": [ [ 91.962419846055042, 21.440903541664124 ], [ 91.950766873082827, 21.432866575846617 ] ] } },
{ "type": "Feature", "properties": { "transect_id": 62 }, "geometry": { "type": "LineString", "coordinates": [ [ 91.962705978107891, 21.440539859110771 ], [ 91.951053016497355, 21.432502913405983 ] ] } },
{ "type": "Feature", "properties": { "transect_id": 63 }, "geometry": { "type": "LineString", "coordinates": [ [ 91.962992108723085, 21.440176175995429 ], [ 91.951339158474553, 21.432139250402937 ] ] } },
{ "type": "Feature", "properties": { "transect_id": 64 }, "geometry": { "type": "LineString", "coordinates": [ [ 91.96327823790071, 21.439812492318122 ], [ 91.951625299014609, 21.431775586837343 ] ] } },
{ "type": "Feature", "properties": { "transect_id": 65 }, "geometry": { "type": "LineString", "coordinates": [ [ 91.963564365640778, 21.439448808078868 ], [ 91.951911438117548, 21.431411922709206 ] ] } },
{ "type": "Feature", "properties": { "transect_id": 66 }, "geometry": { "type": "LineString", "coordinates": [ [ 91.963850491943319, 21.43908512327771 ], [ 91.952197575783259, 21.431048258018748 ] ] } },
{ "type": "Feature", "properties": { "transect_id": 67 }, "geometry": { "type": "LineString", "coordinates": [ [ 91.964136616808361, 21.438721437914662 ], [ 91.952483712011968, 21.430684592765754 ] ] } },
{ "type": "Feature", "properties": { "transect_id": 68 }, "geometry": { "type": "LineString", "coordinates": [ [ 91.964422740235975, 21.438357751989756 ], [ 91.952769846803548, 21.430320926950497 ] ] } },
{ "type": "Feature", "properties": { "transect_id": 69 }, "geometry": { "type": "LineString", "coordinates": [ [ 91.964708862226175, 21.437994065503023 ], [ 91.953055980158197, 21.429957260572749 ] ] } },
{ "type": "Feature", "properties": { "transect_id": 70 }, "geometry": { "type": "LineString", "coordinates": [ [ 91.96499498277899, 21.437630378454486 ], [ 91.953342112075774, 21.429593593632788 ] ] } },
{ "type": "Feature", "properties": { "transect_id": 71 }, "geometry": { "type": "LineString", "coordinates": [ [ 91.965281101894476, 21.437266690844172 ], [ 91.953628242556491, 21.429229926130411 ] ] } },
{ "type": "Feature", "properties": { "transect_id": 72 }, "geometry": { "type": "LineString", "coordinates": [ [ 91.965567219572648, 21.436903002672111 ], [ 91.95391437160022, 21.42886625806586 ] ] } },
{ "type": "Feature", "properties": { "transect_id": 73 }, "geometry": { "type": "LineString", "coordinates": [ [ 91.965853335813577, 21.436539313938336 ], [ 91.954200499207161, 21.428502589438949 ] ] } },
{ "type": "Feature", "properties": { "transect_id": 74 }, "geometry": { "type": "LineString", "coordinates": [ [ 91.966139450617263, 21.436175624642853 ], [ 91.954486625377186, 21.428138920249925 ] ] } },
{ "type": "Feature", "properties": { "transect_id": 75 }, "geometry": { "type": "LineString", "coordinates": [ [ 91.966425563983776, 21.435811934785718 ], [ 91.954772750110465, 21.427775250498648 ] ] } },
{ "type": "Feature", "properties": { "transect_id": 76 }, "geometry": { "type": "LineString", "coordinates": [ [ 91.966711675913118, 21.435448244366945 ], [ 91.955058873407026, 21.427411580185122 ] ] } },
{ "type": "Feature", "properties": { "transect_id": 77 }, "geometry": { "type": "LineString", "coordinates": [ [ 91.966997786405358, 21.435084553386552 ], [ 91.955344995266756, 21.427047909309604 ] ] } },
{ "type": "Feature", "properties": { "transect_id": 78 }, "geometry": { "type": "LineString", "coordinates": [ [ 91.967283895460497, 21.434720861844575 ], [ 91.955631115689897, 21.426684237871839 ] ] } },
{ "type": "Feature", "properties": { "transect_id": 79 }, "geometry": { "type": "LineString", "coordinates": [ [ 91.967570003078606, 21.434357169741052 ], [ 91.955917234676306, 21.426320565872103 ] ] } },
{ "type": "Feature", "properties": { "transect_id": 80 }, "geometry": { "type": "LineString", "coordinates": [ [ 91.967856109259699, 21.433993477075997 ], [ 91.956203352226197, 21.425956893310186 ] ] } },
{ "type": "Feature", "properties": { "transect_id": 81 }, "geometry": { "type": "LineString", "coordinates": [ [ 91.968142214003834, 21.433629783849444 ], [ 91.956489468339399, 21.425593220186364 ] ] } },
{ "type": "Feature", "properties": { "transect_id": 82 }, "geometry": { "type": "LineString", "coordinates": [ [ 91.968428317311023, 21.433266090061409 ], [ 91.956775583016167, 21.425229546500415 ] ] } },
{ "type": "Feature", "properties": { "transect_id": 83 }, "geometry": { "type": "LineString", "coordinates": [ [ 91.968714419181325, 21.432902395711928 ], [ 91.957061696256332, 21.424865872252596 ] ] } },
{ "type": "Feature", "properties": { "transect_id": 84 }, "geometry": { "type": "LineString", "coordinates": [ [ 91.969000519614752, 21.432538700801032 ], [ 91.957347808060135, 21.42450219744272 ] ] } },
{ "type": "Feature", "properties": { "transect_id": 85 }, "geometry": { "type": "LineString", "coordinates": [ [ 91.969286618611378, 21.432175005328748 ], [ 91.957633918427405, 21.424138522071029 ] ] } },
{ "type": "Feature", "properties": { "transect_id": 86 }, "geometry": { "type": "LineString", "coordinates": [ [ 91.9695727161712, 21.431811309295096 ], [ 91.957920027358369, 21.423774846137334 ] ] } },
{ "type": "Feature", "properties": { "transect_id": 87 }, "geometry": { "type": "LineString", "coordinates": [ [ 91.969858812294262, 21.431447612700101 ], [ 91.958206134852901, 21.423411169641881 ] ] } },
{ "type": "Feature", "properties": { "transect_id": 88 }, "geometry": { "type": "LineString", "coordinates": [ [ 91.970157413625969, 21.431093781709169 ], [ 91.959413028110177, 21.422015352481086 ] ] } },
{ "type": "Feature", "properties": { "transect_id": 89 }, "geometry": { "type": "LineString", "coordinates": [ [ 91.970491684426875, 21.430768089913894 ], [ 91.960056798899885, 21.421378517431034 ] ] } },
{ "type": "Feature", "properties": { "transect_id": 90 }, "geometry": { "type": "LineString", "coordinates": [ [ 91.970825953741851, 21.430442397379309 ], [ 91.960391068068205, 21.421052845437558 ] ] } },
{ "type": "Feature", "properties": { "transect_id": 91 }, "geometry": { "type": "LineString", "coordinates": [ [ 91.971160221570884, 21.430116704105433 ], [ 91.960725335751292, 21.420727172704517 ] ] } },
{ "type": "Feature", "properties": { "transect_id": 92 }, "geometry": { "type": "LineString", "coordinates": [ [ 91.971494487914029, 21.429791010092323 ], [ 91.961059601949287, 21.420401499231851 ] ] } },
{ "type": "Feature", "properties": { "transect_id": 93 }, "geometry": { "type": "LineString", "coordinates": [ [ 91.971828752771316, 21.42946531534 ], [ 91.961393866662135, 21.420075825019673 ] ] } },
{ "type": "Feature", "properties": { "transect_id": 94 }, "geometry": { "type": "LineString", "coordinates": [ [ 91.972163016142758, 21.429139619848495 ], [ 91.961728129890062, 21.419750150067831 ] ] } },
{ "type": "Feature", "properties": { "transect_id": 95 }, "geometry": { "type": "LineString", "coordinates": [ [ 91.972497278028413, 21.428813923617838 ], [ 91.962062391632912, 21.41942447437653 ] ] } },
{ "type": "Feature", "properties": { "transect_id": 96 }, "geometry": { "type": "LineString", "coordinates": [ [ 91.972831538428267, 21.428488226648067 ], [ 91.962396651890757, 21.419098797945768 ] ] } },
{ "type": "Feature", "properties": { "transect_id": 97 }, "geometry": { "type": "LineString", "coordinates": [ [ 91.973165797342389, 21.428162528939225 ], [ 91.962730910663566, 21.418773120775604 ] ] } },
{ "type": "Feature", "properties": { "transect_id": 98 }, "geometry": { "type": "LineString", "coordinates": [ [ 91.973500054770781, 21.42783683049133 ], [ 91.963065167951584, 21.418447442865912 ] ] } },
{ "type": "Feature", "properties": { "transect_id": 99 }, "geometry": { "type": "LineString", "coordinates": [ [ 91.973834310713485, 21.427511131304424 ], [ 91.963148089955027, 21.41837295818878 ] ] } },
{ "type": "Feature", "properties": { "transect_id": 100 }, "geometry": { "type": "LineString", "coordinates": [ [ 91.974146260677657, 21.427166784073798 ], [ 91.963006130945175, 21.418516928339958 ] ] } },
{ "type": "Feature", "properties": { "transect_id": 101 }, "geometry": { "type": "LineString", "coordinates": [ [ 91.974454185841083, 21.426819072558519 ], [ 91.963314062469323, 21.418169237284655 ] ] } },
{ "type": "Feature", "properties": { "transect_id": 102 }, "geometry": { "type": "LineString", "coordinates": [ [ 91.974762109534183, 21.42647136040452 ], [ 91.963621992523656, 21.417821545590222 ] ] } },
{ "type": "Feature", "properties": { "transect_id": 103 }, "geometry": { "type": "LineString", "coordinates": [ [ 91.975070031756999, 21.426123647611853 ], [ 91.963929921108402, 21.417473853256514 ] ] } },
{ "type": "Feature", "properties": { "transect_id": 104 }, "geometry": { "type": "LineString", "coordinates": [ [ 91.975377952509575, 21.425775934180521 ], [ 91.964237848223391, 21.417126160283761 ] ] } },
{ "type": "Feature", "properties": { "transect_id": 105 }, "geometry": { "type": "LineString", "coordinates": [ [ 91.97568587179191, 21.425428220110565 ], [ 91.964545773868693, 21.416778466671968 ] ] } },
{ "type": "Feature", "properties": { "transect_id": 106 }, "geometry": { "type": "LineString", "coordinates": [ [ 91.975993789604061, 21.425080505402029 ], [ 91.964853698044493, 21.416430772420991 ] ] } },
{ "type": "Feature", "properties": { "transect_id": 107 }, "geometry": { "type": "LineString", "coordinates": [ [ 91.976301705946057, 21.424732790054918 ], [ 91.965161620750607, 21.416083077531106 ] ] } },
{ "type": "Feature", "properties": { "transect_id": 108 }, "geometry": { "type": "LineString", "coordinates": [ [ 91.976609620817925, 21.424385074069285 ], [ 91.965469541987275, 21.415735382002079 ] ] } },
{ "type": "Feature", "properties": { "transect_id": 109 }, "geometry": { "type": "LineString", "coordinates": [ [ 91.976917534219723, 21.424037357445144 ], [ 91.965777461754371, 21.415387685834162 ] ] } },
{ "type": "Feature", "properties": { "transect_id": 110 }, "geometry": { "type": "LineString", "coordinates": [ [ 91.977225446151451, 21.423689640182538 ], [ 91.96608538005195, 21.41503998902737 ] ] } },
{ "type": "Feature", "properties": { "transect_id": 111 }, "geometry": { "type": "LineString", "coordinates": [ [ 91.977533356613179, 21.423341922281477 ], [ 91.966393296880199, 21.414692291581524 ] ] } },
{ "type": "Feature", "properties": { "transect_id": 112 }, "geometry": { "type": "LineString", "coordinates": [ [ 91.977841265604894, 21.422994203742022 ], [ 91.966701212238988, 21.414344593496875 ] ] } },
{ "type": "Feature", "properties": { "transect_id": 113 }, "geometry": { "type": "LineString", "coordinates": [ [ 91.978149173126681, 21.422646484564179 ], [ 91.967009126128346, 21.413996894773426 ] ] } },
{ "type": "Feature", "properties": { "transect_id": 114 }, "geometry": { "type": "LineString", "coordinates": [ [ 91.97845707917854, 21.422298764747985 ], [ 91.967317038548444, 21.413649195411043 ] ] } },
{ "type": "Feature", "properties": { "transect_id": 115 }, "geometry": { "type": "LineString", "coordinates": [ [ 91.978764983760513, 21.421951044293479 ], [ 91.967624949499211, 21.413301495409929 ] ] } },
{ "type": "Feature", "properties": { "transect_id": 116 }, "geometry": { "type": "LineString", "coordinates": [ [ 91.979072886872643, 21.421603323200674 ], [ 91.967932858980632, 21.412953794770111 ] ] } },
{ "type": "Feature", "properties": { "transect_id": 117 }, "geometry": { "type": "LineString", "coordinates": [ [ 91.979380788514959, 21.42125560146961 ], [ 91.968240766992935, 21.412606093491441 ] ] } },
{ "type": "Feature", "properties": { "transect_id": 118 }, "geometry": { "type": "LineString", "coordinates": [ [ 91.979688688687474, 21.42090787910033 ], [ 91.968548673535949, 21.412258391574156 ] ] } },
{ "type": "Feature", "properties": { "transect_id": 119 }, "geometry": { "type": "LineString", "coordinates": [ [ 91.979996587390261, 21.420560156092833 ], [ 91.96885657860976, 21.411910689018249 ] ] } },
{ "type": "Feature", "properties": { "transect_id": 120 }, "geometry": { "type": "LineString", "coordinates": [ [ 91.980304484623332, 21.420212432447183 ], [ 91.969164482214538, 21.411562985823572 ] ] } },
{ "type": "Feature", "properties": { "transect_id": 121 }, "geometry": { "type": "LineString", "coordinates": [ [ 91.980612380386717, 21.419864708163391 ], [ 91.969472384350155, 21.411215281990362 ] ] } },
{ "type": "Feature", "properties": { "transect_id": 122 }, "geometry": { "type": "LineString", "coordinates": [ [ 91.980920274680443, 21.419516983241486 ], [ 91.969780285016654, 21.410867577518616 ] ] } },
{ "type": "Feature", "properties": { "transect_id": 123 }, "geometry": { "type": "LineString", "coordinates": [ [ 91.981228167504568, 21.419169257681514 ], [ 91.970088184214205, 21.410519872408219 ] ] } },
{ "type": "Feature", "properties": { "transect_id": 124 }, "geometry": { "type": "LineString", "coordinates": [ [ 91.981536058859106, 21.418821531483484 ], [ 91.970396081942667, 21.410172166659429 ] ] } },
{ "type": "Feature", "properties": { "transect_id": 125 }, "geometry": { "type": "LineString", "coordinates": [ [ 91.9818439487441, 21.418473804647437 ], [ 91.970703978202266, 21.409824460272024 ] ] } },
{ "type": "Feature", "properties": { "transect_id": 126 }, "geometry": { "type": "LineString", "coordinates": [ [ 91.982151837159591, 21.418126077173412 ], [ 91.971011872992861, 21.40947675324621 ] ] } },
{ "type": "Feature", "properties": { "transect_id": 127 }, "geometry": { "type": "LineString", "coordinates": [ [ 91.98245972410561, 21.417778349061429 ], [ 91.971275863810774, 21.409178866536525 ] ] } },
{ "type": "Feature", "properties": { "transect_id": 128 }, "geometry": { "type": "LineString", "coordinates": [ [ 91.982756282383974, 21.417422267096963 ], [ 91.971166453099784, 21.409307835553435 ] ] } },
{ "type": "Feature", "properties": { "transect_id": 129 }, "geometry": { "type": "LineString", "coordinates": [ [ 91.983045125657185, 21.417060496203888 ], [ 91.971455307139038, 21.408946084799041 ] ] } },
{ "type": "Feature", "properties": { "transect_id": 130 }, "geometry": { "type": "LineString", "coordinates": [ [ 91.983333967489799, 21.416698724740975 ], [ 91.971744159738122, 21.408584333474295 ] ] } },
{ "type": "Feature", "properties": { "transect_id": 131 }, "geometry": { "type": "LineString", "coordinates": [ [ 91.983622807881886, 21.416336952708278 ], [ 91.972033010897064, 21.408222581579228 ] ] } },
{ "type": "Feature", "properties": { "transect_id": 132 }, "geometry": { "type": "LineString", "coordinates": [ [ 91.983911646833434, 21.415975180105807 ], [ 91.972321860615978, 21.407860829113801 ] ] } },
{ "type": "Feature", "properties": { "transect_id": 133 }, "geometry": { "type": "LineString", "coordinates": [ [ 91.984200484344527, 21.415613406933598 ], [ 91.972610708894734, 21.407499076078224 ] ] } },
{ "type": "Feature", "properties": { "transect_id": 134 }, "geometry": { "type": "LineString", "coordinates": [ [ 91.984489320415179, 21.415251633191669 ], [ 91.97289955573352, 21.407137322472359 ] ] } },
{ "type": "Feature", "properties": { "transect_id": 135 }, "geometry": { "type": "LineString", "coordinates": [ [ 91.984778155045433, 21.414889858880048 ], [ 91.973188401132305, 21.406775568296265 ] ] } },
{ "type": "Feature", "properties": { "transect_id": 136 }, "geometry": { "type": "LineString", "coordinates": [ [ 91.985066988235303, 21.414528083998775 ], [ 91.973477245091161, 21.406413813550003 ] ] } },
{ "type": "Feature", "properties": { "transect_id": 137 }, "geometry": { "type": "LineString", "coordinates": [ [ 91.985355819984861, 21.41416630854787 ], [ 91.973766087610088, 21.40605205823358 ] ] } },
{ "type": "Feature", "properties": { "transect_id": 138 }, "geometry": { "type": "LineString", "coordinates": [ [ 91.985644650294134, 21.413804532527362 ], [ 91.974054928689156, 21.405690302347029 ] ] } },
{ "type": "Feature", "properties": { "transect_id": 139 }, "geometry": { "type": "LineString", "coordinates": [ [ 91.985933479163137, 21.413442755937275 ], [ 91.974343768328396, 21.40532854589037 ] ] } },
{ "type": "Feature", "properties": { "transect_id": 140 }, "geometry": { "type": "LineString", "coordinates": [ [ 91.986222306591927, 21.413080978777643 ], [ 91.974632606527805, 21.404966788863646 ] ] } },
{ "type": "Feature", "properties": { "transect_id": 141 }, "geometry": { "type": "LineString", "coordinates": [ [ 91.986511132580532, 21.412719201048485 ], [ 91.974921443287457, 21.404605031266872 ] ] } },
{ "type": "Feature", "properties": { "transect_id": 142 }, "geometry": { "type": "LineString", "coordinates": [ [ 91.98679995712898, 21.412357422749842 ], [ 91.975210278607378, 21.404243273100082 ] ] } },
{ "type": "Feature", "properties": { "transect_id": 143 }, "geometry": { "type": "LineString", "coordinates": [ [ 91.987088780237329, 21.411995643881731 ], [ 91.975499112487611, 21.403881514363302 ] ] } },
{ "type": "Feature", "properties": { "transect_id": 144 }, "geometry": { "type": "LineString", "coordinates": [ [ 91.987377601905607, 21.411633864444177 ], [ 91.975787944928172, 21.403519755056561 ] ] } },
{ "type": "Feature", "properties": { "transect_id": 145 }, "geometry": { "type": "LineString", "coordinates": [ [ 91.987666422133842, 21.411272084437226 ], [ 91.976076775929116, 21.403157995179889 ] ] } },
{ "type": "Feature", "properties": { "transect_id": 146 }, "geometry": { "type": "LineString", "coordinates": [ [ 91.987955240922076, 21.410910303860888 ], [ 91.9763656054905, 21.402796234733302 ] ] } },
{ "type": "Feature", "properties": { "transect_id": 147 }, "geometry": { "type": "LineString", "coordinates": [ [ 91.98824405827034, 21.410548522715196 ], [ 91.97665443361231, 21.402434473716841 ] ] } },
{ "type": "Feature", "properties": { "transect_id": 148 }, "geometry": { "type": "LineString", "coordinates": [ [ 91.988532874178688, 21.410186741000171 ], [ 91.976943260294618, 21.402072712130529 ] ] } },
{ "type": "Feature", "properties": { "transect_id": 149 }, "geometry": { "type": "LineString", "coordinates": [ [ 91.988821688647135, 21.409824958715863 ], [ 91.977232085537437, 21.401710949974401 ] ] } },
{ "type": "Feature", "properties": { "transect_id": 150 }, "geometry": { "type": "LineString", "coordinates": [ [ 91.989110501675711, 21.409463175862271 ], [ 91.977520909340825, 21.401349187248471 ] ] } },
{ "type": "Feature", "properties": { "transect_id": 151 }, "geometry": { "type": "LineString", "coordinates": [ [ 91.989399313264485, 21.409101392439442 ], [ 91.977809731704809, 21.40098742395277 ] ] } },
{ "type": "Feature", "properties": { "transect_id": 152 }, "geometry": { "type": "LineString", "coordinates": [ [ 91.989688123413472, 21.408739608447398 ], [ 91.978098552629433, 21.400625660087332 ] ] } },
{ "type": "Feature", "properties": { "transect_id": 153 }, "geometry": { "type": "LineString", "coordinates": [ [ 91.989976932122715, 21.40837782388617 ], [ 91.978387372114739, 21.400263895652174 ] ] } },
{ "type": "Feature", "properties": { "transect_id": 154 }, "geometry": { "type": "LineString", "coordinates": [ [ 91.990265739392242, 21.408016038755786 ], [ 91.978676190160712, 21.399902130647355 ] ] } },
{ "type": "Feature", "properties": { "transect_id": 155 }, "geometry": { "type": "LineString", "coordinates": [ [ 91.990547998604796, 21.407649849720304 ], [ 91.978656082972904, 21.399929182396612 ] ] } },
{ "type": "Feature", "properties": { "transect_id": 156 }, "geometry": { "type": "LineString", "coordinates": [ [ 91.99082187788116, 21.407278024656236 ], [ 91.978910735685062, 21.399583430575117 ] ] } },
{ "type": "Feature", "properties": { "transect_id": 157 }, "geometry": { "type": "LineString", "coordinates": [ [ 91.991095755749484, 21.406906199073767 ], [ 91.979184627586648, 21.399211624746499 ] ] } },
{ "type": "Feature", "properties": { "transect_id": 158 }, "geometry": { "type": "LineString", "coordinates": [ [ 91.99136963220981, 21.406534372972907 ], [ 91.979458518080591, 21.39883981839888 ] ] } },
{ "type": "Feature", "properties": { "transect_id": 159 }, "geometry": { "type": "LineString", "coordinates": [ [ 91.991643507262168, 21.406162546353695 ], [ 91.979732407166892, 21.398468011532302 ] ] } },
{ "type": "Feature", "properties": { "transect_id": 160 }, "geometry": { "type": "LineString", "coordinates": [ [ 91.991917380906628, 21.405790719216146 ], [ 91.980006294845481, 21.398096204146928 ] ] } },
{ "type": "Feature", "properties": { "transect_id": 161 }, "geometry": { "type": "LineString", "coordinates": [ [ 91.99219125314319, 21.405418891560309 ], [ 91.980280181116512, 21.397724396242658 ] ] } },
{ "type": "Feature", "properties": { "transect_id": 162 }, "geometry": { "type": "LineString", "coordinates": [ [ 91.992465123971897, 21.405047063386181 ], [ 91.980554065980044, 21.397352587819476 ] ] } },
{ "type": "Feature", "properties": { "transect_id": 163 }, "geometry": { "type": "LineString", "coordinates": [ [ 91.992738993392805, 21.404675234693794 ], [ 91.980827949435948, 21.396980778877619 ] ] } },
{ "type": "Feature", "properties": { "transect_id": 164 }, "geometry": { "type": "LineString", "coordinates": [ [ 91.993012861405944, 21.404303405483187 ], [ 91.981101831484423, 21.396608969416899 ] ] } },
{ "type": "Feature", "properties": { "transect_id": 165 }, "geometry": { "type": "LineString", "coordinates": [ [ 91.993286728011341, 21.403931575754378 ], [ 91.981375712125484, 21.39623715943738 ] ] } },
{ "type": "Feature", "properties": { "transect_id": 166 }, "geometry": { "type": "LineString", "coordinates": [ [ 91.99356059320904, 21.40355974550739 ], [ 91.981649591359073, 21.395865348939228 ] ] } },
{ "type": "Feature", "properties": { "transect_id": 167 }, "geometry": { "type": "LineString", "coordinates": [ [ 91.993834456999096, 21.403187914742258 ], [ 91.981923469185318, 21.395493537922331 ] ] } },
{ "type": "Feature", "properties": { "transect_id": 168 }, "geometry": { "type": "LineString", "coordinates": [ [ 91.994108319381525, 21.402816083458998 ], [ 91.982197345604305, 21.39512172638667 ] ] } },
{ "type": "Feature", "properties": { "transect_id": 169 }, "geometry": { "type": "LineString", "coordinates": [ [ 91.994382180356368, 21.402444251657631 ], [ 91.982471220615878, 21.394749914332486 ] ] } },
{ "type": "Feature", "properties": { "transect_id": 170 }, "geometry": { "type": "LineString", "coordinates": [ [ 91.994656039923669, 21.4020724193382 ], [ 91.982745094220277, 21.39437810175961 ] ] } },
{ "type": "Feature", "properties": { "transect_id": 171 }, "geometry": { "type": "LineString", "coordinates": [ [ 91.994929898083456, 21.401700586500716 ], [ 91.98301896641749, 21.394006288668059 ] ] } },
{ "type": "Feature", "properties": { "transect_id": 172 }, "geometry": { "type": "LineString", "coordinates": [ [ 91.995203754835799, 21.401328753145215 ], [ 91.983292837207401, 21.393634475058064 ] ] } },
{ "type": "Feature", "properties": { "transect_id": 173 }, "geometry": { "type": "LineString", "coordinates": [ [ 91.995477610180686, 21.400956919271714 ], [ 91.983566706590253, 21.393262660929441 ] ] } },
{ "type": "Feature", "properties": { "transect_id": 174 }, "geometry": { "type": "LineString", "coordinates": [ [ 91.995751464118172, 21.400585084880245 ], [ 91.983840574566017, 21.392890846282249 ] ] } },
{ "type": "Feature", "properties": { "transect_id": 175 }, "geometry": { "type": "LineString", "coordinates": [ [ 91.996025316648328, 21.400213249970829 ], [ 91.984114441134651, 21.392519031116656 ] ] } },
{ "type": "Feature", "properties": { "transect_id": 176 }, "geometry": { "type": "LineString", "coordinates": [ [ 91.996299167771141, 21.399841414543495 ], [ 91.984388306296282, 21.392147215432544 ] ] } },
{ "type": "Feature", "properties": { "transect_id": 177 }, "geometry": { "type": "LineString", "coordinates": [ [ 91.996573017486696, 21.399469578598261 ], [ 91.984662170050981, 21.391775399229907 ] ] } },
{ "type": "Feature", "properties": { "transect_id": 178 }, "geometry": { "type": "LineString", "coordinates": [ [ 91.996846865794993, 21.399097742135162 ], [ 91.984936032398608, 21.391403582508971 ] ] } },
{ "type": "Feature", "properties": { "transect_id": 179 }, "geometry": { "type": "LineString", "coordinates": [ [ 91.997120712696088, 21.398725905154226 ], [ 91.985209893339388, 21.391031765269577 ] ] } },
{ "type": "Feature", "properties": { "transect_id": 180 }, "geometry": { "type": "LineString", "coordinates": [ [ 91.99739455819001, 21.398354067655468 ], [ 91.985483752873321, 21.390659947511757 ] ] } },
{ "type": "Feature", "properties": { "transect_id": 181 }, "geometry": { "type": "LineString", "coordinates": [ [ 91.997668402276815, 21.397982229638924 ], [ 91.985757611000352, 21.390288129235689 ] ] } },
{ "type": "Feature", "properties": { "transect_id": 182 }, "geometry": { "type": "LineString", "coordinates": [ [ 91.997942244956519, 21.397610391104614 ], [ 91.986031467720593, 21.389916310441262 ] ] } },
{ "type": "Feature", "properties": { "transect_id": 183 }, "geometry": { "type": "LineString", "coordinates": [ [ 91.998216086229164, 21.397238552052563 ], [ 91.986305323034131, 21.389544491128461 ] ] } },
{ "type": "Feature", "properties": { "transect_id": 184 }, "geometry": { "type": "LineString", "coordinates": [ [ 91.998489926094791, 21.39686671248279 ], [ 91.986579176940836, 21.389172671297523 ] ] } },
{ "type": "Feature", "properties": { "transect_id": 185 }, "geometry": { "type": "LineString", "coordinates": [ [ 91.998763764553445, 21.396494872395348 ], [ 91.986853029440908, 21.388800850948265 ] ] } },
{ "type": "Feature", "properties": { "transect_id": 186 }, "geometry": { "type": "LineString", "coordinates": [ [ 91.999037601605167, 21.396123031790232 ], [ 91.987126880534362, 21.388429030080747 ] ] } },
{ "type": "Feature", "properties": { "transect_id": 187 }, "geometry": { "type": "LineString", "coordinates": [ [ 91.999311437249972, 21.395751190667479 ], [ 91.98740073022114, 21.388057208695141 ] ] } },
{ "type": "Feature", "properties": { "transect_id": 188 }, "geometry": { "type": "LineString", "coordinates": [ [ 91.999585271487916, 21.395379349027117 ], [ 91.987674578501341, 21.387685386791318 ] ] } },
{ "type": "Feature", "properties": { "transect_id": 189 }, "geometry": { "type": "LineString", "coordinates": [ [ 91.999859104319029, 21.395007506869167 ], [ 91.98794842537508, 21.387313564369283 ] ] } },
{ "type": "Feature", "properties": { "transect_id": 190 }, "geometry": { "type": "LineString", "coordinates": [ [ 92.000132935743352, 21.394635664193665 ], [ 91.988222270842201, 21.386941741429258 ] ] } },
{ "type": "Feature", "properties": { "transect_id": 191 }, "geometry": { "type": "LineString", "coordinates": [ [ 92.000406765760928, 21.394263821000632 ], [ 91.988496114902929, 21.386569917971073 ] ] } },
{ "type": "Feature", "properties": { "transect_id": 192 }, "geometry": { "type": "LineString", "coordinates": [ [ 92.000680594371772, 21.393891977290078 ], [ 91.988680339167104, 21.386321221230421 ] ] } },
{ "type": "Feature", "properties": { "transect_id": 193 }, "geometry": { "type": "LineString", "coordinates": [ [ 92.000945073416418, 21.393514253327684 ], [ 91.988835168157479, 21.386098259830874 ] ] } },
{ "type": "Feature", "properties": { "transect_id": 194 }, "geometry": { "type": "LineString", "coordinates": [ [ 92.001209008718106, 21.39313618774942 ], [ 91.989099119569644, 21.385720213683786 ] ] } },
{ "type": "Feature", "properties": { "transect_id": 195 }, "geometry": { "type": "LineString", "coordinates": [ [ 92.001472942638046, 21.392758121685983 ], [ 91.989363069600373, 21.385342167050833 ] ] } },
{ "type": "Feature", "properties": { "transect_id": 196 }, "geometry": { "type": "LineString", "coordinates": [ [ 92.001736875176292, 21.392380055137387 ], [ 91.989627018249521, 21.384964119932253 ] ] } },
{ "type": "Feature", "properties": { "transect_id": 197 }, "geometry": { "type": "LineString", "coordinates": [ [ 92.002000806332887, 21.392001988103665 ], [ 91.98989096551729, 21.38458607232787 ] ] } },
{ "type": "Feature", "properties": { "transect_id": 198 }, "geometry": { "type": "LineString", "coordinates": [ [ 92.002264736107847, 21.391623920584838 ], [ 91.990154911403565, 21.384208024237921 ] ] } },
{ "type": "Feature", "properties": { "transect_id": 199 }, "geometry": { "type": "LineString", "coordinates": [ [ 92.002528664501227, 21.391245852580919 ], [ 91.99041885590853, 21.383829975662202 ] ] } },
{ "type": "Feature", "properties": { "transect_id": 200 }, "geometry": { "type": "LineString", "coordinates": [ [ 92.002792591513057, 21.390867784091949 ], [ 91.990682799032115, 21.383451926600905 ] ] } },
{ "type": "Feature", "properties": { "transect_id": 201 }, "geometry": { "type": "LineString", "coordinates": [ [ 92.003056517143378, 21.390489715117955 ], [ 91.990946740774362, 21.383073877054077 ] ] } },
{ "type": "Feature", "properties": { "transect_id": 202 }, "geometry": { "type": "LineString", "coordinates": [ [ 92.003320441392233, 21.390111645658944 ], [ 91.991210681135414, 21.382695827021536 ] ] } },
{ "type": "Feature", "properties": { "transect_id": 203 }, "geometry": { "type": "LineString", "coordinates": [ [ 92.003584364259638, 21.389733575714953 ], [ 91.991474620115156, 21.382317776503562 ] ] } },
{ "type": "Feature", "properties": { "transect_id": 204 }, "geometry": { "type": "LineString", "coordinates": [ [ 92.003848285745661, 21.389355505286009 ], [ 91.991738557713788, 21.38193972549994 ] ] } },
{ "type": "Feature", "properties": { "transect_id": 205 }, "geometry": { "type": "LineString", "coordinates": [ [ 92.004112205850333, 21.388977434372116 ], [ 91.99200249393121, 21.381561674010925 ] ] } },
{ "type": "Feature", "properties": { "transect_id": 206 }, "geometry": { "type": "LineString", "coordinates": [ [ 92.004376124573696, 21.388599362973324 ], [ 91.992266428767564, 21.381183622036307 ] ] } },
{ "type": "Feature", "properties": { "transect_id": 207 }, "geometry": { "type": "LineString", "coordinates": [ [ 92.004640041915764, 21.388221291089629 ], [ 91.992530362222837, 21.380805569576285 ] ] } },
{ "type": "Feature", "properties": { "transect_id": 208 }, "geometry": { "type": "LineString", "coordinates": [ [ 92.004903957876579, 21.387843218721088 ], [ 91.992794294297013, 21.380427516630899 ] ] } },
{ "type": "Feature", "properties": { "transect_id": 209 }, "geometry": { "type": "LineString", "coordinates": [ [ 92.005167872456212, 21.387465145867697 ], [ 91.993058224990264, 21.38004946319997 ] ] } },
{ "type": "Feature", "properties": { "transect_id": 210 }, "geometry": { "type": "LineString", "coordinates": [ [ 92.005434615761686, 21.387088840366307 ], [ 91.993455080282828, 21.379490087034377 ] ] } },
{ "type": "Feature", "properties": { "transect_id": 211 }, "geometry": { "type": "LineString", "coordinates": [ [ 92.005705891269372, 21.386715366291313 ], [ 91.993743619881258, 21.379092832969604 ] ] } },
{ "type": "Feature", "properties": { "transect_id": 212 }, "geometry": { "type": "LineString", "coordinates": [ [ 92.005977165377175, 21.386341891707648 ], [ 91.99401490857224, 21.378719378035903 ] ] } },
{ "type": "Feature", "properties": { "transect_id": 213 }, "geometry": { "type": "LineString", "coordinates": [ [ 92.006248438085123, 21.385968416615341 ], [ 91.994286195863538, 21.378345922593116 ] ] } },
{ "type": "Feature", "properties": { "transect_id": 214 }, "geometry": { "type": "LineString", "coordinates": [ [ 92.00651970939326, 21.385594941014411 ], [ 91.994557481755379, 21.377972466641022 ] ] } },
{ "type": "Feature", "properties": { "transect_id": 215 }, "geometry": { "type": "LineString", "coordinates": [ [ 92.006790979301627, 21.385221464904895 ], [ 91.994828766247622, 21.377599010179914 ] ] } },
{ "type": "Feature", "properties": { "transect_id": 216 }, "geometry": { "type": "LineString", "coordinates": [ [ 92.007062247810239, 21.384847988286804 ], [ 91.995100049340479, 21.377225553209538 ] ] } },
{ "type": "Feature", "properties": { "transect_id": 217 }, "geometry": { "type": "LineString", "coordinates": [ [ 92.007333514919154, 21.384474511160178 ], [ 91.995371331033823, 21.376852095730182 ] ] } },
{ "type": "Feature", "properties": { "transect_id": 218 }, "geometry": { "type": "LineString", "coordinates": [ [ 92.007604780628398, 21.384101033525027 ], [ 91.995642611327852, 21.376478637741638 ] ] } },
{ "type": "Feature", "properties": { "transect_id": 219 }, "geometry": { "type": "LineString", "coordinates": [ [ 92.00787604493803, 21.383727555381398 ], [ 91.995913890222425, 21.376105179244163 ] ] } },
{ "type": "Feature", "properties": { "transect_id": 220 }, "geometry": { "type": "LineString", "coordinates": [ [ 92.008147307848077, 21.383354076729297 ], [ 91.996185167717783, 21.375731720237521 ] ] } },
{ "type": "Feature", "properties": { "transect_id": 221 }, "geometry": { "type": "LineString", "coordinates": [ [ 92.008418569358568, 21.382980597568757 ], [ 91.99645644381377, 21.375358260722017 ] ] } },
{ "type": "Feature", "properties": { "transect_id": 222 }, "geometry": { "type": "LineString", "coordinates": [ [ 92.008689829469546, 21.382607117899795 ], [ 91.996727718510584, 21.374984800697405 ] ] } },
{ "type": "Feature", "properties": { "transect_id": 223 }, "geometry": { "type": "LineString", "coordinates": [ [ 92.008961088181053, 21.38223363772245 ], [ 91.996998991808113, 21.37461134016398 ] ] } },
{ "type": "Feature", "properties": { "transect_id": 224 }, "geometry": { "type": "LineString", "coordinates": [ [ 92.009232345493118, 21.381860157036737 ], [ 91.997270263706511, 21.374237879121537 ] ] } },
{ "type": "Feature", "properties": { "transect_id": 225 }, "geometry": { "type": "LineString", "coordinates": [ [ 92.009503601405783, 21.381486675842694 ], [ 91.997541534205837, 21.373864417570157 ] ] } },
{ "type": "Feature", "properties": { "transect_id": 226 }, "geometry": { "type": "LineString", "coordinates": [ [ 92.00977485591909, 21.381113194140326 ], [ 91.997812803305962, 21.373490955510018 ] ] } },
{ "type": "Feature", "properties": { "transect_id": 227 }, "geometry": { "type": "LineString", "coordinates": [ [ 92.010046109033084, 21.380739711929674 ], [ 91.998084071007128, 21.373117492940924 ] ] } },
{ "type": "Feature", "properties": { "transect_id": 228 }, "geometry": { "type": "LineString", "coordinates": [ [ 92.010317360747777, 21.380366229210757 ], [ 91.998355337309192, 21.372744029863092 ] ] } },
{ "type": "Feature", "properties": { "transect_id": 229 }, "geometry": { "type": "LineString", "coordinates": [ [ 92.010588611063241, 21.379992745983611 ], [ 91.998626602212354, 21.372370566276366 ] ] } },
{ "type": "Feature", "properties": { "transect_id": 230 }, "geometry": { "type": "LineString", "coordinates": [ [ 92.01085985997949, 21.379619262248244 ], [ 91.998897865716501, 21.37199710218098 ] ] } },
{ "type": "Feature", "properties": { "transect_id": 231 }, "geometry": { "type": "LineString", "coordinates": [ [ 92.011131107496567, 21.379245778004691 ], [ 91.999169127821816, 21.371623637576729 ] ] } },
{ "type": "Feature", "properties": { "transect_id": 232 }, "geometry": { "type": "LineString", "coordinates": [ [ 92.011402353614514, 21.378872293252972 ], [ 91.999440388528171, 21.371250172463874 ] ] } },
{ "type": "Feature", "properties": { "transect_id": 233 }, "geometry": { "type": "LineString", "coordinates": [ [ 92.011673598333346, 21.378498807993118 ], [ 91.999711647835809, 21.370876706842193 ] ] } },
{ "type": "Feature", "properties": { "transect_id": 234 }, "geometry": { "type": "LineString", "coordinates": [ [ 92.011944841653147, 21.378125322225166 ], [ 91.99998290574456, 21.370503240711965 ] ] } },
{ "type": "Feature", "properties": { "transect_id": 235 }, "geometry": { "type": "LineString", "coordinates": [ [ 92.012216083573904, 21.377751835949116 ], [ 92.000254162254649, 21.370129774072971 ] ] } },
{ "type": "Feature", "properties": { "transect_id": 236 }, "geometry": { "type": "LineString", "coordinates": [ [ 92.012487324095702, 21.377378349165003 ], [ 92.000525417365921, 21.369756306925478 ] ] } },
{ "type": "Feature", "properties": { "transect_id": 237 }, "geometry": { "type": "LineString", "coordinates": [ [ 92.01275856321854, 21.377004861872866 ], [ 92.000796671078618, 21.369382839269264 ] ] } },
{ "type": "Feature", "properties": { "transect_id": 238 }, "geometry": { "type": "LineString", "coordinates": [ [ 92.013029800942476, 21.376631374072709 ], [ 92.001067923392583, 21.3690093711046 ] ] } },
{ "type": "Feature", "properties": { "transect_id": 239 }, "geometry": { "type": "LineString", "coordinates": [ [ 92.013301037267539, 21.376257885764581 ], [ 92.001339174308029, 21.368635902431276 ] ] } },
{ "type": "Feature", "properties": { "transect_id": 240 }, "geometry": { "type": "LineString", "coordinates": [ [ 92.013572272193784, 21.375884396948479 ], [ 92.001583670904068, 21.36829939887383 ] ] } },
{ "type": "Feature", "properties": { "transect_id": 241 }, "geometry": { "type": "LineString", "coordinates": [ [ 92.013837043079363, 21.375506902267801 ], [ 92.001671247010606, 21.368173646912219 ] ] } },
{ "type": "Feature", "properties": { "transect_id": 242 }, "geometry": { "type": "LineString", "coordinates": [ [ 92.014098000923013, 21.375127044747661 ], [ 92.001932221569149, 21.367793808698497 ] ] } },
{ "type": "Feature", "properties": { "transect_id": 243 }, "geometry": { "type": "LineString", "coordinates": [ [ 92.014358957394649, 21.374747186752799 ], [ 92.002193194755847, 21.367413970009483 ] ] } },
{ "type": "Feature", "properties": { "transect_id": 244 }, "geometry": { "type": "LineString", "coordinates": [ [ 92.014619912494297, 21.374367328283245 ], [ 92.002454166570743, 21.367034130845202 ] ] } },
{ "type": "Feature", "properties": { "transect_id": 245 }, "geometry": { "type": "LineString", "coordinates": [ [ 92.014880866222015, 21.373987469339021 ], [ 92.002715137013823, 21.366654291205727 ] ] } },
{ "type": "Feature", "properties": { "transect_id": 246 }, "geometry": { "type": "LineString", "coordinates": [ [ 92.015141818577817, 21.373607609920143 ], [ 92.002976106085256, 21.366274451090909 ] ] } },
{ "type": "Feature", "properties": { "transect_id": 247 }, "geometry": { "type": "LineString", "coordinates": [ [ 92.015402769561746, 21.373227750026647 ], [ 92.003237073784959, 21.365894610500952 ] ] } },
{ "type": "Feature", "properties": { "transect_id": 248 }, "geometry": { "type": "LineString", "coordinates": [ [ 92.015663719173844, 21.372847889658548 ], [ 92.003498040113001, 21.365514769435823 ] ] } },
{ "type": "Feature", "properties": { "transect_id": 249 }, "geometry": { "type": "LineString", "coordinates": [ [ 92.015924667414168, 21.37246802881587 ], [ 92.003759005069455, 21.365134927895536 ] ] } },
{ "type": "Feature", "properties": { "transect_id": 250 }, "geometry": { "type": "LineString", "coordinates": [ [ 92.016185614282719, 21.372088167498653 ], [ 92.004019968654319, 21.364755085880127 ] ] } },
{ "type": "Feature", "properties": { "transect_id": 251 }, "geometry": { "type": "LineString", "coordinates": [ [ 92.016446559779567, 21.3717083057069 ], [ 92.004280930867665, 21.364375243389599 ] ] } },
{ "type": "Feature", "properties": { "transect_id": 252 }, "geometry": { "type": "LineString", "coordinates": [ [ 92.016707503904726, 21.371328443440646 ], [ 92.004541891709493, 21.363995400424013 ] ] } },
{ "type": "Feature", "properties": { "transect_id": 253 }, "geometry": { "type": "LineString", "coordinates": [ [ 92.016968446658254, 21.37094858069991 ], [ 92.004802851179861, 21.363615556983358 ] ] } },
{ "type": "Feature", "properties": { "transect_id": 254 }, "geometry": { "type": "LineString", "coordinates": [ [ 92.017229388040178, 21.370568717484716 ], [ 92.005063809278809, 21.363235713067674 ] ] } },
{ "type": "Feature", "properties": { "transect_id": 255 }, "geometry": { "type": "LineString", "coordinates": [ [ 92.017490328050556, 21.370188853795096 ], [ 92.005324766006396, 21.362855868676981 ] ] } },
{ "type": "Feature", "properties": { "transect_id": 256 }, "geometry": { "type": "LineString", "coordinates": [ [ 92.017751266689388, 21.369808989631064 ], [ 92.005585721362607, 21.362476023811297 ] ] } },
{ "type": "Feature", "properties": { "transect_id": 257 }, "geometry": { "type": "LineString", "coordinates": [ [ 92.018012203956744, 21.369429124992646 ], [ 92.005846675347527, 21.362096178470654 ] ] } },
{ "type": "Feature", "properties": { "transect_id": 258 }, "geometry": { "type": "LineString", "coordinates": [ [ 92.018273139852653, 21.369049259879869 ], [ 92.006107627961185, 21.361716332655082 ] ] } },
{ "type": "Feature", "properties": { "transect_id": 259 }, "geometry": { "type": "LineString", "coordinates": [ [ 92.018534074377158, 21.368669394292759 ], [ 92.00636857920361, 21.361336486364586 ] ] } },
{ "type": "Feature", "properties": { "transect_id": 260 }, "geometry": { "type": "LineString", "coordinates": [ [ 92.018795007530301, 21.368289528231326 ], [ 92.006629529074857, 21.360956639599202 ] ] } },
{ "type": "Feature", "properties": { "transect_id": 261 }, "geometry": { "type": "LineString", "coordinates": [ [ 92.019055939312111, 21.367909661695613 ], [ 92.006890477574942, 21.360576792358952 ] ] } },
{ "type": "Feature", "properties": { "transect_id": 262 }, "geometry": { "type": "LineString", "coordinates": [ [ 92.019316869722616, 21.367529794685627 ], [ 92.007151424703906, 21.360196944643867 ] ] } },
{ "type": "Feature", "properties": { "transect_id": 263 }, "geometry": { "type": "LineString", "coordinates": [ [ 92.019577798761873, 21.36714992720141 ], [ 92.007412370461793, 21.359817096453963 ] ] } },
{ "type": "Feature", "properties": { "transect_id": 264 }, "geometry": { "type": "LineString", "coordinates": [ [ 92.019838726429924, 21.366770059242963 ], [ 92.007372259779871, 21.359895206513663 ] ] } },
{ "type": "Feature", "properties": { "transect_id": 265 }, "geometry": { "type": "LineString", "coordinates": [ [ 92.020059620111553, 21.366368921600561 ], [ 92.007098287311251, 21.3603504370042 ] ] } },
{ "type": "Feature", "properties": { "transect_id": 266 }, "geometry": { "type": "LineString", "coordinates": [ [ 92.020273772693784, 21.365964202735459 ], [ 92.007312465299933, 21.359945735426983 ] ] } },
{ "type": "Feature", "properties": { "transect_id": 267 }, "geometry": { "type": "LineString", "coordinates": [ [ 92.020487924062365, 21.365559483532799 ], [ 92.007526642074794, 21.359541033511515 ] ] } },
{ "type": "Feature", "properties": { "transect_id": 268 }, "geometry": { "type": "LineString", "coordinates": [ [ 92.020702074217326, 21.365154763992578 ], [ 92.007740817635778, 21.359136331258004 ] ] } },
{ "type": "Feature", "properties": { "transect_id": 269 }, "geometry": { "type": "LineString", "coordinates": [ [ 92.020916223158707, 21.364750044114825 ], [ 92.007954991983027, 21.358731628666234 ] ] } },
{ "type": "Feature", "properties": { "transect_id": 270 }, "geometry": { "type": "LineString", "coordinates": [ [ 92.021130370886553, 21.364345323899546 ], [ 92.00816916511647, 21.35832692573646 ] ] } },
{ "type": "Feature", "properties": { "transect_id": 271 }, "geometry": { "type": "LineString", "coordinates": [ [ 92.021344517400877, 21.363940603346769 ], [ 92.00838333703625, 21.35792222246851 ] ] } },
{ "type": "Feature", "properties": { "transect_id": 272 }, "geometry": { "type": "LineString", "coordinates": [ [ 92.021558662701736, 21.363535882456507 ], [ 92.008597507742294, 21.357517518862537 ] ] } },
{ "type": "Feature", "properties": { "transect_id": 273 }, "geometry": { "type": "LineString", "coordinates": [ [ 92.021772806789187, 21.363131161228779 ], [ 92.008811677234775, 21.357112814918427 ] ] } },
{ "type": "Feature", "properties": { "transect_id": 274 }, "geometry": { "type": "LineString", "coordinates": [ [ 92.02198694966323, 21.362726439663597 ], [ 92.009025845513577, 21.356708110636379 ] ] } },
{ "type": "Feature", "properties": { "transect_id": 275 }, "geometry": { "type": "LineString", "coordinates": [ [ 92.022201091323922, 21.362321717760985 ], [ 92.009240012578886, 21.356303406016185 ] ] } },
{ "type": "Feature", "properties": { "transect_id": 276 }, "geometry": { "type": "LineString", "coordinates": [ [ 92.022415231771291, 21.36191699552095 ], [ 92.00945417843063, 21.355898701058081 ] ] } },
{ "type": "Feature", "properties": { "transect_id": 277 }, "geometry": { "type": "LineString", "coordinates": [ [ 92.022629371005394, 21.361512272943525 ], [ 92.00966834306891, 21.355493995761908 ] ] } },
{ "type": "Feature", "properties": { "transect_id": 278 }, "geometry": { "type": "LineString", "coordinates": [ [ 92.022843509026274, 21.361107550028709 ], [ 92.009882506493724, 21.355089290127825 ] ] } },
{ "type": "Feature", "properties": { "transect_id": 279 }, "geometry": { "type": "LineString", "coordinates": [ [ 92.02305764583393, 21.360702826776542 ], [ 92.01009666870516, 21.354684584155699 ] ] } },
{ "type": "Feature", "properties": { "transect_id": 280 }, "geometry": { "type": "LineString", "coordinates": [ [ 92.023271781428434, 21.36029810318702 ], [ 92.010310829703172, 21.354279877845727 ] ] } },
{ "type": "Feature", "properties": { "transect_id": 281 }, "geometry": { "type": "LineString", "coordinates": [ [ 92.023485915809815, 21.359893379260171 ], [ 92.010524989487905, 21.353875171197746 ] ] } },
{ "type": "Feature", "properties": { "transect_id": 282 }, "geometry": { "type": "LineString", "coordinates": [ [ 92.023700048978128, 21.359488654996007 ], [ 92.010739148059315, 21.353470464211927 ] ] } },
{ "type": "Feature", "properties": { "transect_id": 283 }, "geometry": { "type": "LineString", "coordinates": [ [ 92.023914180933374, 21.359083930394547 ], [ 92.010953305417488, 21.353065756888132 ] ] } },
{ "type": "Feature", "properties": { "transect_id": 284 }, "geometry": { "type": "LineString", "coordinates": [ [ 92.024128311675625, 21.358679205455815 ], [ 92.011167461562394, 21.352661049226587 ] ] } },
{ "type": "Feature", "properties": { "transect_id": 285 }, "geometry": { "type": "LineString", "coordinates": [ [ 92.024342441204894, 21.358274480179816 ], [ 92.011381616494205, 21.352256341227047 ] ] } },
{ "type": "Feature", "properties": { "transect_id": 286 }, "geometry": { "type": "LineString", "coordinates": [ [ 92.024556569521238, 21.357869754566579 ], [ 92.011595770212807, 21.351851632889783 ] ] } },
{ "type": "Feature", "properties": { "transect_id": 287 }, "geometry": { "type": "LineString", "coordinates": [ [ 92.024763110068221, 21.357461856849167 ], [ 92.01145395897268, 21.352152726261139 ] ] } },
{ "type": "Feature", "properties": { "transect_id": 288 }, "geometry": { "type": "LineString", "coordinates": [ [ 92.024941700336996, 21.357042273939811 ], [ 92.01150510584057, 21.352022809137239 ] ] } },
{ "type": "Feature", "properties": { "transect_id": 289 }, "geometry": { "type": "LineString", "coordinates": [ [ 92.02512028954493, 21.35662269078103 ], [ 92.011683725969306, 21.351603241260133 ] ] } },
{ "type": "Feature", "properties": { "transect_id": 290 }, "geometry": { "type": "LineString", "coordinates": [ [ 92.025298877692052, 21.356203107372824 ], [ 92.011862345036775, 21.351183673132994 ] ] } },
{ "type": "Feature", "properties": { "transect_id": 291 }, "geometry": { "type": "LineString", "coordinates": [ [ 92.025477464778405, 21.355783523715214 ], [ 92.012040963042992, 21.350764104755889 ] ] } },
{ "type": "Feature", "properties": { "transect_id": 292 }, "geometry": { "type": "LineString", "coordinates": [ [ 92.025656050804002, 21.3553639398082 ], [ 92.012219579987985, 21.350344536128823 ] ] } },
{ "type": "Feature", "properties": { "transect_id": 293 }, "geometry": { "type": "LineString", "coordinates": [ [ 92.025834635768916, 21.354944355651799 ], [ 92.012398195871796, 21.349924967251823 ] ] } },
{ "type": "Feature", "properties": { "transect_id": 294 }, "geometry": { "type": "LineString", "coordinates": [ [ 92.026013219673146, 21.354524771246027 ], [ 92.012576810694469, 21.349505398124865 ] ] } },
{ "type": "Feature", "properties": { "transect_id": 295 }, "geometry": { "type": "LineString", "coordinates": [ [ 92.026191802516763, 21.354105186590893 ], [ 92.012755424456032, 21.349085828747995 ] ] } },
{ "type": "Feature", "properties": { "transect_id": 296 }, "geometry": { "type": "LineString", "coordinates": [ [ 92.026370384299767, 21.353685601686411 ], [ 92.012934037156512, 21.348666259121224 ] ] } },
{ "type": "Feature", "properties": { "transect_id": 297 }, "geometry": { "type": "LineString", "coordinates": [ [ 92.026548965022215, 21.353266016532597 ], [ 92.013112648795953, 21.348246689244558 ] ] } },
{ "type": "Feature", "properties": { "transect_id": 298 }, "geometry": { "type": "LineString", "coordinates": [ [ 92.026727544684121, 21.352846431129461 ], [ 92.013291259374384, 21.347827119117998 ] ] } },
{ "type": "Feature", "properties": { "transect_id": 299 }, "geometry": { "type": "LineString", "coordinates": [ [ 92.026906123285556, 21.352426845477012 ], [ 92.01346986889186, 21.347407548741579 ] ] } },
{ "type": "Feature", "properties": { "transect_id": 300 }, "geometry": { "type": "LineString", "coordinates": [ [ 92.027084700826521, 21.352007259575274 ], [ 92.013648477348397, 21.346987978115298 ] ] } },
{ "type": "Feature", "properties": { "transect_id": 301 }, "geometry": { "type": "LineString", "coordinates": [ [ 92.027263277307071, 21.351587673424248 ], [ 92.013827084744037, 21.34656840723915 ] ] } },
{ "type": "Feature", "properties": { "transect_id": 302 }, "geometry": { "type": "LineString", "coordinates": [ [ 92.027441852727236, 21.35116808702395 ], [ 92.014005691078793, 21.346148836113219 ] ] } },
{ "type": "Feature", "properties": { "transect_id": 303 }, "geometry": { "type": "LineString", "coordinates": [ [ 92.027620427087058, 21.350748500374394 ], [ 92.014184296352738, 21.345729264737443 ] ] } },
{ "type": "Feature", "properties": { "transect_id": 304 }, "geometry": { "type": "LineString", "coordinates": [ [ 92.027799000386565, 21.350328913475582 ], [ 92.014276173422545, 21.345518427673262 ] ] } },
{ "type": "Feature", "properties": { "transect_id": 305 }, "geometry": { "type": "LineString", "coordinates": [ [ 92.027943965870335, 21.349898808715533 ], [ 92.013985802889152, 21.346343329597584 ] ] } },
{ "type": "Feature", "properties": { "transect_id": 306 }, "geometry": { "type": "LineString", "coordinates": [ [ 92.028070454121689, 21.349462921398292 ], [ 92.014112328442749, 21.345907454077981 ] ] } },
{ "type": "Feature", "properties": { "transect_id": 307 }, "geometry": { "type": "LineString", "coordinates": [ [ 92.028196941573157, 21.34902703393503 ], [ 92.014238853195678, 21.345471578411875 ] ] } },
{ "type": "Feature", "properties": { "transect_id": 308 }, "geometry": { "type": "LineString", "coordinates": [ [ 92.02832342822478, 21.348591146325759 ], [ 92.014365377147925, 21.345035702599358 ] ] } },
{ "type": "Feature", "properties": { "transect_id": 309 }, "geometry": { "type": "LineString", "coordinates": [ [ 92.028449914076575, 21.348155258570475 ], [ 92.014491900299561, 21.344599826640344 ] ] } },
{ "type": "Feature", "properties": { "transect_id": 310 }, "geometry": { "type": "LineString", "coordinates": [ [ 92.028576712012324, 21.347719463907783 ], [ 92.014795757756261, 21.343602408226516 ] ] } },
{ "type": "Feature", "properties": { "transect_id": 311 }, "geometry": { "type": "LineString", "coordinates": [ [ 92.028742273581983, 21.347295220797957 ], [ 92.015157323568133, 21.342641577540832 ] ] } },
{ "type": "Feature", "properties": { "transect_id": 312 }, "geometry": { "type": "LineString", "coordinates": [ [ 92.028907834152861, 21.346870977467567 ], [ 92.015322916832702, 21.34221734866744 ] ] } },
{ "type": "Feature", "properties": { "transect_id": 313 }, "geometry": { "type": "LineString", "coordinates": [ [ 92.029073393725, 21.34644673391664 ], [ 92.015488509097992, 21.341793119572891 ] ] } },
{ "type": "Feature", "properties": { "transect_id": 314 }, "geometry": { "type": "LineString", "coordinates": [ [ 92.029238952298414, 21.346022490145174 ], [ 92.015654100363946, 21.341368890257364 ] ] } },
{ "type": "Feature", "properties": { "transect_id": 315 }, "geometry": { "type": "LineString", "coordinates": [ [ 92.02940450987316, 21.345598246153195 ], [ 92.015819690630693, 21.340944660720751 ] ] } },
{ "type": "Feature", "properties": { "transect_id": 316 }, "geometry": { "type": "LineString", "coordinates": [ [ 92.029570066449267, 21.345174001940702 ], [ 92.015985279898246, 21.340520430963029 ] ] } },
{ "type": "Feature", "properties": { "transect_id": 317 }, "geometry": { "type": "LineString", "coordinates": [ [ 92.029735622026763, 21.344749757507696 ], [ 92.016150868166577, 21.340096200984348 ] ] } },
{ "type": "Feature", "properties": { "transect_id": 318 }, "geometry": { "type": "LineString", "coordinates": [ [ 92.029901176605691, 21.344325512854216 ], [ 92.016316455435771, 21.339671970784604 ] ] } },
{ "type": "Feature", "properties": { "transect_id": 319 }, "geometry": { "type": "LineString", "coordinates": [ [ 92.030066730186078, 21.343901267980247 ], [ 92.016482041705899, 21.339247740363813 ] ] } },
{ "type": "Feature", "properties": { "transect_id": 320 }, "geometry": { "type": "LineString", "coordinates": [ [ 92.03023228276794, 21.343477022885811 ], [ 92.016647626976905, 21.338823509722069 ] ] } },
{ "type": "Feature", "properties": { "transect_id": 321 }, "geometry": { "type": "LineString", "coordinates": [ [ 92.030397834351348, 21.343052777570925 ], [ 92.016813211248888, 21.338399278859313 ] ] } },
{ "type": "Feature", "properties": { "transect_id": 322 }, "geometry": { "type": "LineString", "coordinates": [ [ 92.030563384936315, 21.342628532035583 ], [ 92.016978794521876, 21.337975047775537 ] ] } },
{ "type": "Feature", "properties": { "transect_id": 323 }, "geometry": { "type": "LineString", "coordinates": [ [ 92.03072893452287, 21.342204286279809 ], [ 92.017144376795869, 21.337550816470841 ] ] } },
{ "type": "Feature", "properties": { "transect_id": 324 }, "geometry": { "type": "LineString", "coordinates": [ [ 92.030894483111055, 21.341780040303622 ], [ 92.017309958070925, 21.33712658494516 ] ] } },
{ "type": "Feature", "properties": { "transect_id": 325 }, "geometry": { "type": "LineString", "coordinates": [ [ 92.031060030700914, 21.341355794107006 ], [ 92.017475538347085, 21.336702353198493 ] ] } },
{ "type": "Feature", "properties": { "transect_id": 326 }, "geometry": { "type": "LineString", "coordinates": [ [ 92.031225577292446, 21.340931547689998 ], [ 92.017641117624365, 21.33627812123094 ] ] } },
{ "type": "Feature", "properties": { "transect_id": 327 }, "geometry": { "type": "LineString", "coordinates": [ [ 92.031391122885736, 21.3405073010526 ], [ 92.017806695902806, 21.33585388904244 ] ] } },
{ "type": "Feature", "properties": { "transect_id": 328 }, "geometry": { "type": "LineString", "coordinates": [ [ 92.031556667480771, 21.340083054194821 ], [ 92.017972273182465, 21.335429656632975 ] ] } },
{ "type": "Feature", "properties": { "transect_id": 329 }, "geometry": { "type": "LineString", "coordinates": [ [ 92.031722211077607, 21.339658807116663 ], [ 92.018137849463315, 21.335005424002695 ] ] } },
{ "type": "Feature", "properties": { "transect_id": 330 }, "geometry": { "type": "LineString", "coordinates": [ [ 92.031887753676273, 21.339234559818163 ], [ 92.018303424745469, 21.334581191151454 ] ] } },
{ "type": "Feature", "properties": { "transect_id": 331 }, "geometry": { "type": "LineString", "coordinates": [ [ 92.032069242869767, 21.338816470931256 ], [ 92.018902987153155, 21.333206751052924 ] ] } },
{ "type": "Feature", "properties": { "transect_id": 332 }, "geometry": { "type": "LineString", "coordinates": [ [ 92.032270871611416, 21.338406159672978 ], [ 92.019132933917092, 21.332738537956192 ] ] } },
{ "type": "Feature", "properties": { "transect_id": 333 }, "geometry": { "type": "LineString", "coordinates": [ [ 92.032472499192295, 21.337995848110452 ], [ 92.019334588922078, 21.332328242986147 ] ] } },
{ "type": "Feature", "properties": { "transect_id": 334 }, "geometry": { "type": "LineString", "coordinates": [ [ 92.032674125612459, 21.33758553624369 ], [ 92.019536242766037, 21.331917947711265 ] ] } },
{ "type": "Feature", "properties": { "transect_id": 335 }, "geometry": { "type": "LineString", "coordinates": [ [ 92.032875750871938, 21.337175224072702 ], [ 92.019737895449012, 21.331507652131556 ] ] } },
{ "type": "Feature", "properties": { "transect_id": 336 }, "geometry": { "type": "LineString", "coordinates": [ [ 92.033077374970773, 21.336764911597502 ], [ 92.019939546971017, 21.331097356247135 ] ] } },
{ "type": "Feature", "properties": { "transect_id": 337 }, "geometry": { "type": "LineString", "coordinates": [ [ 92.033278997909008, 21.336354598818126 ], [ 92.020141197332151, 21.330687060057823 ] ] } },
{ "type": "Feature", "properties": { "transect_id": 338 }, "geometry": { "type": "LineString", "coordinates": [ [ 92.033480619686642, 21.335944285734563 ], [ 92.020342846532387, 21.330276763563784 ] ] } },
{ "type": "Feature", "properties": { "transect_id": 339 }, "geometry": { "type": "LineString", "coordinates": [ [ 92.033683672765846, 21.335534598897194 ], [ 92.020598442932155, 21.32976143609098 ] ] } },
{ "type": "Feature", "properties": { "transect_id": 340 }, "geometry": { "type": "LineString", "coordinates": [ [ 92.033889942105915, 21.33512631903427 ], [ 92.020817355162663, 21.329328139380529 ] ] } },
{ "type": "Feature", "properties": { "transect_id": 341 }, "geometry": { "type": "LineString", "coordinates": [ [ 92.034096210266313, 21.33471803885536 ], [ 92.021023649997318, 21.328919876040398 ] ] } },
{ "type": "Feature", "properties": { "transect_id": 342 }, "geometry": { "type": "LineString", "coordinates": [ [ 92.034302477247095, 21.334309758360487 ], [ 92.021229943652131, 21.328511612383611 ] ] } },
{ "type": "Feature", "properties": { "transect_id": 343 }, "geometry": { "type": "LineString", "coordinates": [ [ 92.034508743048292, 21.333901477549656 ], [ 92.02143623612703, 21.32810334841038 ] ] } },
{ "type": "Feature", "properties": { "transect_id": 344 }, "geometry": { "type": "LineString", "coordinates": [ [ 92.034715007669917, 21.333493196422893 ], [ 92.021613446654328, 21.327752990217707 ] ] } },
{ "type": "Feature", "properties": { "transect_id": 345 }, "geometry": { "type": "LineString", "coordinates": [ [ 92.034915476417325, 21.333082401559533 ], [ 92.02173944344085, 21.327493898894726 ] ] } },
{ "type": "Feature", "properties": { "transect_id": 346 }, "geometry": { "type": "LineString", "coordinates": [ [ 92.035114281653094, 21.33267088535661 ], [ 92.021938276540212, 21.327082399122055 ] ] } },
{ "type": "Feature", "properties": { "transect_id": 347 }, "geometry": { "type": "LineString", "coordinates": [ [ 92.035313085740427, 21.33225936885669 ], [ 92.022137108490824, 21.326670899051816 ] ] } },
{ "type": "Feature", "properties": { "transect_id": 348 }, "geometry": { "type": "LineString", "coordinates": [ [ 92.03551188867938, 21.331847852059788 ], [ 92.022335939292702, 21.326259398684002 ] ] } },
{ "type": "Feature", "properties": { "transect_id": 349 }, "geometry": { "type": "LineString", "coordinates": [ [ 92.035710690469969, 21.331436334965932 ], [ 92.022534768945889, 21.325847898018662 ] ] } },
{ "type": "Feature", "properties": { "transect_id": 350 }, "geometry": { "type": "LineString", "coordinates": [ [ 92.035909491112236, 21.331024817575127 ], [ 92.02273359745044, 21.325436397055782 ] ] } },
{ "type": "Feature", "properties": { "transect_id": 351 }, "geometry": { "type": "LineString", "coordinates": [ [ 92.036098023529263, 21.330609354826496 ], [ 92.022593995088172, 21.325757063596733 ] ] } },
{ "type": "Feature", "properties": { "transect_id": 352 }, "geometry": { "type": "LineString", "coordinates": [ [ 92.036264846925562, 21.330185550677271 ], [ 92.02269555728607, 21.325495891962561 ] ] } },
{ "type": "Feature", "properties": { "transect_id": 353 }, "geometry": { "type": "LineString", "coordinates": [ [ 92.036431669318247, 21.329761746305191 ], [ 92.022862412177759, 21.325072102107722 ] ] } },
{ "type": "Feature", "properties": { "transect_id": 354 }, "geometry": { "type": "LineString", "coordinates": [ [ 92.036598490707348, 21.329337941710261 ], [ 92.023029266065294, 21.32464831202946 ] ] } },
{ "type": "Feature", "properties": { "transect_id": 355 }, "geometry": { "type": "LineString", "coordinates": [ [ 92.036765311092879, 21.3289141368925 ], [ 92.023150322165606, 21.324342522131676 ] ] } },
{ "type": "Feature", "properties": { "transect_id": 356 }, "geometry": { "type": "LineString", "coordinates": [ [ 92.036910088679775, 21.328483613492967 ], [ 92.022993573064582, 21.324794208668244 ] ] } },
{ "type": "Feature", "properties": { "transect_id": 357 }, "geometry": { "type": "LineString", "coordinates": [ [ 92.037041322942983, 21.32804896217079 ], [ 92.023124844091356, 21.324359569459389 ] ] } },
{ "type": "Feature", "properties": { "transect_id": 358 }, "geometry": { "type": "LineString", "coordinates": [ [ 92.037172556382401, 21.327614310694806 ], [ 92.023256114293545, 21.323924930096307 ] ] } },
{ "type": "Feature", "properties": { "transect_id": 359 }, "geometry": { "type": "LineString", "coordinates": [ [ 92.037303788998088, 21.327179659065028 ], [ 92.023387383671192, 21.323490290578949 ] ] } },
{ "type": "Feature", "properties": { "transect_id": 360 }, "geometry": { "type": "LineString", "coordinates": [ [ 92.037435020790028, 21.32674500728146 ], [ 92.023409345713347, 21.323438896724191 ] ] } },
{ "type": "Feature", "properties": { "transect_id": 361 }, "geometry": { "type": "LineString", "coordinates": [ [ 92.037522359766839, 21.326301512004463 ], [ 92.023217685860573, 21.324303616074378 ] ] } },
{ "type": "Feature", "properties": { "transect_id": 362 }, "geometry": { "type": "LineString", "coordinates": [ [ 92.037593414450953, 21.3258547358014 ], [ 92.023288782360993, 21.323856847425745 ] ] } },
{ "type": "Feature", "properties": { "transect_id": 363 }, "geometry": { "type": "LineString", "coordinates": [ [ 92.037664468647961, 21.325407959528672 ], [ 92.023359878373284, 21.323410078707198 ] ] } },
{ "type": "Feature", "properties": { "transect_id": 364 }, "geometry": { "type": "LineString", "coordinates": [ [ 92.037735522357906, 21.324961183186286 ], [ 92.023396910183052, 21.323190542183301 ] ] } },
{ "type": "Feature", "properties": { "transect_id": 365 }, "geometry": { "type": "LineString", "coordinates": [ [ 92.037779613190921, 21.324511652560108 ], [ 92.02335173354578, 21.323573246980374 ] ] } },
{ "type": "Feature", "properties": { "transect_id": 366 }, "geometry": { "type": "LineString", "coordinates": [ [ 92.037812975076776, 21.324061025957093 ], [ 92.023385139020419, 21.323122624860634 ] ] } },
{ "type": "Feature", "properties": { "transect_id": 367 }, "geometry": { "type": "LineString", "coordinates": [ [ 92.037846336700028, 21.323610399315978 ], [ 92.023418544231319, 21.322672002702681 ] ] } },
{ "type": "Feature", "properties": { "transect_id": 368 }, "geometry": { "type": "LineString", "coordinates": [ [ 92.037879698060678, 21.32315977263676 ], [ 92.023451949178494, 21.322221380506502 ] ] } },
{ "type": "Feature", "properties": { "transect_id": 369 }, "geometry": { "type": "LineString", "coordinates": [ [ 92.037898355123048, 21.322708668628675 ], [ 92.023436014472026, 21.322652479418903 ] ] } },
{ "type": "Feature", "properties": { "transect_id": 370 }, "geometry": { "type": "LineString", "coordinates": [ [ 92.037898355211368, 21.322256958993954 ], [ 92.02343593178631, 21.322256335309454 ] ] } },
{ "type": "Feature", "properties": { "transect_id": 371 }, "geometry": { "type": "LineString", "coordinates": [ [ 92.03789835524023, 21.321805249335334 ], [ 92.023435976072008, 21.32180462733654 ] ] } },
{ "type": "Feature", "properties": { "transect_id": 372 }, "geometry": { "type": "LineString", "coordinates": [ [ 92.037898355209649, 21.321353539652819 ], [ 92.023436020297083, 21.321352919339745 ] ] } },
{ "type": "Feature", "properties": { "transect_id": 373 }, "geometry": { "type": "LineString", "coordinates": [ [ 92.037898355119594, 21.32090182994639 ], [ 92.02343612365614, 21.320941243706855 ] ] } },
{ "type": "Feature", "properties": { "transect_id": 374 }, "geometry": { "type": "LineString", "coordinates": [ [ 92.03788885394485, 21.320450269419347 ], [ 92.023434685029557, 21.320903742442773 ] ] } },
{ "type": "Feature", "properties": { "transect_id": 375 }, "geometry": { "type": "LineString", "coordinates": [ [ 92.037872699882499, 21.319998813346828 ], [ 92.023418575241237, 21.320452286687548 ] ] } },
{ "type": "Feature", "properties": { "transect_id": 376 }, "geometry": { "type": "LineString", "coordinates": [ [ 92.03785654585964, 21.319547357252624 ], [ 92.023402465491216, 21.320000830910661 ] ] } },
{ "type": "Feature", "properties": { "transect_id": 377 }, "geometry": { "type": "LineString", "coordinates": [ [ 92.037840391876244, 21.319095901136716 ], [ 92.023386355779508, 21.319549375112171 ] ] } },
{ "type": "Feature", "properties": { "transect_id": 378 }, "geometry": { "type": "LineString", "coordinates": [ [ 92.037838396930184, 21.318645122452285 ], [ 92.02342329517478, 21.317554483977222 ] ] } },
{ "type": "Feature", "properties": { "transect_id": 379 }, "geometry": { "type": "LineString", "coordinates": [ [ 92.037903541842553, 21.318197556115464 ], [ 92.023574351918569, 21.316365687374532 ] ] } },
{ "type": "Feature", "properties": { "transect_id": 380 }, "geometry": { "type": "LineString", "coordinates": [ [ 92.037968686302676, 21.317749989715029 ], [ 92.023639538524506, 21.315918128053145 ] ] } },
{ "type": "Feature", "properties": { "transect_id": 381 }, "geometry": { "type": "LineString", "coordinates": [ [ 92.038033830310582, 21.317302423250972 ], [ 92.02370472467716, 21.315470568667887 ] ] } },
{ "type": "Feature", "properties": { "transect_id": 382 }, "geometry": { "type": "LineString", "coordinates": [ [ 92.038098973866255, 21.316854856723307 ], [ 92.023774945585401, 21.314988763840244 ] ] } },
{ "type": "Feature", "properties": { "transect_id": 383 }, "geometry": { "type": "LineString", "coordinates": [ [ 92.038167392007296, 21.316407722153151 ], [ 92.023855758820901, 21.314460217180514 ] ] } },
{ "type": "Feature", "properties": { "transect_id": 384 }, "geometry": { "type": "LineString", "coordinates": [ [ 92.038236649267276, 21.315960698269134 ], [ 92.023925057981913, 21.314013200703982 ] ] } },
{ "type": "Feature", "properties": { "transect_id": 385 }, "geometry": { "type": "LineString", "coordinates": [ [ 92.038305906050923, 21.315513674317366 ], [ 92.023994356665554, 21.313566184159423 ] ] } },
{ "type": "Feature", "properties": { "transect_id": 386 }, "geometry": { "type": "LineString", "coordinates": [ [ 92.038375162358264, 21.315066650297826 ], [ 92.024063654871824, 21.313119167546841 ] ] } },
{ "type": "Feature", "properties": { "transect_id": 387 }, "geometry": { "type": "LineString", "coordinates": [ [ 92.038444418189314, 21.31461962621054 ], [ 92.02413295260078, 21.312672150866213 ] ] } },
{ "type": "Feature", "properties": { "transect_id": 388 }, "geometry": { "type": "LineString", "coordinates": [ [ 92.038536445989507, 21.314177060144814 ], [ 92.024540116849039, 21.31076780014428 ] ] } },
{ "type": "Feature", "properties": { "transect_id": 389 }, "geometry": { "type": "LineString", "coordinates": [ [ 92.038663977607413, 21.313741444563426 ], [ 92.024717990817351, 21.310155772650692 ] ] } },
{ "type": "Feature", "properties": { "transect_id": 390 }, "geometry": { "type": "LineString", "coordinates": [ [ 92.038791508421838, 21.313305828834714 ], [ 92.024845558752716, 21.309720168761597 ] ] } },
{ "type": "Feature", "properties": { "transect_id": 391 }, "geometry": { "type": "LineString", "coordinates": [ [ 92.038919038432809, 21.312870212958661 ], [ 92.024973125883832, 21.309284564724724 ] ] } },
{ "type": "Feature", "properties": { "transect_id": 392 }, "geometry": { "type": "LineString", "coordinates": [ [ 92.039046567640341, 21.312434596935294 ], [ 92.025100692210728, 21.308848960540018 ] ] } },
{ "type": "Feature", "properties": { "transect_id": 393 }, "geometry": { "type": "LineString", "coordinates": [ [ 92.039174096044491, 21.311998980764603 ], [ 92.025228257733417, 21.308413356207602 ] ] } },
{ "type": "Feature", "properties": { "transect_id": 394 }, "geometry": { "type": "LineString", "coordinates": [ [ 92.039301623645244, 21.311563364446609 ], [ 92.025355822451914, 21.307977751727428 ] ] } },
{ "type": "Feature", "properties": { "transect_id": 395 }, "geometry": { "type": "LineString", "coordinates": [ [ 92.039429150442658, 21.311127747981324 ], [ 92.025483386366304, 21.307542147099454 ] ] } },
{ "type": "Feature", "properties": { "transect_id": 396 }, "geometry": { "type": "LineString", "coordinates": [ [ 92.039556676436774, 21.310692131368736 ], [ 92.025610949476544, 21.307106542323776 ] ] } },
{ "type": "Feature", "properties": { "transect_id": 397 }, "geometry": { "type": "LineString", "coordinates": [ [ 92.03968420162758, 21.310256514608859 ], [ 92.02573851178272, 21.306670937400327 ] ] } },
{ "type": "Feature", "properties": { "transect_id": 398 }, "geometry": { "type": "LineString", "coordinates": [ [ 92.039811726015145, 21.309820897701702 ], [ 92.025866073284817, 21.306235332329202 ] ] } },
{ "type": "Feature", "properties": { "transect_id": 399 }, "geometry": { "type": "LineString", "coordinates": [ [ 92.039939249599456, 21.309385280647273 ], [ 92.025993633982893, 21.305799727110315 ] ] } },
{ "type": "Feature", "properties": { "transect_id": 400 }, "geometry": { "type": "LineString", "coordinates": [ [ 92.040066772380584, 21.308949663445574 ], [ 92.026121193876961, 21.305364121743668 ] ] } },
{ "type": "Feature", "properties": { "transect_id": 401 }, "geometry": { "type": "LineString", "coordinates": [ [ 92.040194294358514, 21.308514046096619 ], [ 92.026248752967049, 21.304928516229406 ] ] } },
{ "type": "Feature", "properties": { "transect_id": 402 }, "geometry": { "type": "LineString", "coordinates": [ [ 92.040321815533332, 21.30807842860041 ], [ 92.026376311253188, 21.304492910567379 ] ] } },
{ "type": "Feature", "properties": { "transect_id": 403 }, "geometry": { "type": "LineString", "coordinates": [ [ 92.040449335905009, 21.30764281095696 ], [ 92.026503868735418, 21.304057304757617 ] ] } },
{ "type": "Feature", "properties": { "transect_id": 404 }, "geometry": { "type": "LineString", "coordinates": [ [ 92.040576855473574, 21.307207193166263 ], [ 92.02663142541374, 21.303621698800249 ] ] } },
{ "type": "Feature", "properties": { "transect_id": 405 }, "geometry": { "type": "LineString", "coordinates": [ [ 92.040704374239112, 21.306771575228332 ], [ 92.026758981288225, 21.30318609269516 ] ] } },
{ "type": "Feature", "properties": { "transect_id": 406 }, "geometry": { "type": "LineString", "coordinates": [ [ 92.040831892201595, 21.306335957143187 ], [ 92.026886536358873, 21.302750486442346 ] ] } },
{ "type": "Feature", "properties": { "transect_id": 407 }, "geometry": { "type": "LineString", "coordinates": [ [ 92.040959409361079, 21.305900338910813 ], [ 92.027014090625684, 21.302314880041951 ] ] } },
{ "type": "Feature", "properties": { "transect_id": 408 }, "geometry": { "type": "LineString", "coordinates": [ [ 92.041086925717579, 21.305464720531223 ], [ 92.027141644088744, 21.30187927349381 ] ] } },
{ "type": "Feature", "properties": { "transect_id": 409 }, "geometry": { "type": "LineString", "coordinates": [ [ 92.041214441271123, 21.305029102004443 ], [ 92.027269196748037, 21.301443666798079 ] ] } },
{ "type": "Feature", "properties": { "transect_id": 410 }, "geometry": { "type": "LineString", "coordinates": [ [ 92.041341956021753, 21.304593483330454 ], [ 92.027545698368655, 21.300533491646366 ] ] } },
{ "type": "Feature", "properties": { "transect_id": 411 }, "geometry": { "type": "LineString", "coordinates": [ [ 92.04151983793011, 21.304174677701095 ], [ 92.028296844884508, 21.298689799407942 ] ] } },
{ "type": "Feature", "properties": { "transect_id": 412 }, "geometry": { "type": "LineString", "coordinates": [ [ 92.041714917519727, 21.303761612876961 ], [ 92.02849195287034, 21.298276750777561 ] ] } },
{ "type": "Feature", "properties": { "transect_id": 413 }, "geometry": { "type": "LineString", "coordinates": [ [ 92.041909995978756, 21.303348547765573 ], [ 92.028687059725186, 21.297863701859452 ] ] } },
{ "type": "Feature", "properties": { "transect_id": 414 }, "geometry": { "type": "LineString", "coordinates": [ [ 92.042105073307241, 21.302935482366955 ], [ 92.02900724337789, 21.297193151089392 ] ] } },
{ "type": "Feature", "properties": { "transect_id": 415 }, "geometry": { "type": "LineString", "coordinates": [ [ 92.042329185450939, 21.302536003942716 ], [ 92.029706480731434, 21.295925007211515 ] ] } },
{ "type": "Feature", "properties": { "transect_id": 416 }, "geometry": { "type": "LineString", "coordinates": [ [ 92.042564320243002, 21.302141683737748 ], [ 92.029941637161556, 21.295530705217793 ] ] } },
{ "type": "Feature", "properties": { "transect_id": 417 }, "geometry": { "type": "LineString", "coordinates": [ [ 92.042799453749097, 21.301747363138759 ], [ 92.030176792305596, 21.29513640282957 ] ] } },
{ "type": "Feature", "properties": { "transect_id": 418 }, "geometry": { "type": "LineString", "coordinates": [ [ 92.043034585969266, 21.30135304214576 ], [ 92.030411946163738, 21.294742100046644 ] ] } },
{ "type": "Feature", "properties": { "transect_id": 419 }, "geometry": { "type": "LineString", "coordinates": [ [ 92.043269716903538, 21.300958720758775 ], [ 92.030647098735926, 21.294347796869182 ] ] } },
{ "type": "Feature", "properties": { "transect_id": 420 }, "geometry": { "type": "LineString", "coordinates": [ [ 92.043504846551969, 21.300564398977837 ], [ 92.030882250022202, 21.293953493297213 ] ] } },
{ "type": "Feature", "properties": { "transect_id": 421 }, "geometry": { "type": "LineString", "coordinates": [ [ 92.043739974914587, 21.300170076802953 ], [ 92.03111740002268, 21.293559189330615 ] ] } },
{ "type": "Feature", "properties": { "transect_id": 422 }, "geometry": { "type": "LineString", "coordinates": [ [ 92.043975101991435, 21.299775754234147 ], [ 92.031352548737289, 21.293164884969585 ] ] } },
{ "type": "Feature", "properties": { "transect_id": 423 }, "geometry": { "type": "LineString", "coordinates": [ [ 92.044210227782543, 21.299381431271438 ], [ 92.031499211395001, 21.292921190967149 ] ] } },
{ "type": "Feature", "properties": { "transect_id": 424 }, "geometry": { "type": "LineString", "coordinates": [ [ 92.044418319672417, 21.298974566948285 ], [ 92.031155709040959, 21.293575316580757 ] ] } },
{ "type": "Feature", "properties": { "transect_id": 425 }, "geometry": { "type": "LineString", "coordinates": [ [ 92.044610346478919, 21.298560249946124 ], [ 92.031347764703924, 21.293161015591764 ] ] } },
{ "type": "Feature", "properties": { "transect_id": 426 }, "geometry": { "type": "LineString", "coordinates": [ [ 92.044802372168448, 21.298145932664312 ], [ 92.031539819249545, 21.292746714322572 ] ] } },
{ "type": "Feature", "properties": { "transect_id": 427 }, "geometry": { "type": "LineString", "coordinates": [ [ 92.044994396741089, 21.297731615102848 ], [ 92.031731872677881, 21.292332412773128 ] ] } },
{ "type": "Feature", "properties": { "transect_id": 428 }, "geometry": { "type": "LineString", "coordinates": [ [ 92.045186420196814, 21.297317297261763 ], [ 92.031923924988945, 21.291918110943481 ] ] } },
{ "type": "Feature", "properties": { "transect_id": 429 }, "geometry": { "type": "LineString", "coordinates": [ [ 92.045378442535721, 21.296902979141063 ], [ 92.03211597618278, 21.291503808833667 ] ] } },
{ "type": "Feature", "properties": { "transect_id": 430 }, "geometry": { "type": "LineString", "coordinates": [ [ 92.045570463757812, 21.296488660740753 ], [ 92.032278092175972, 21.291154546883874 ] ] } },
{ "type": "Feature", "properties": { "transect_id": 431 }, "geometry": { "type": "LineString", "coordinates": [ [ 92.045743848450456, 21.296067498817813 ], [ 92.032098425745758, 21.291584231157181 ] ] } },
{ "type": "Feature", "properties": { "transect_id": 432 }, "geometry": { "type": "LineString", "coordinates": [ [ 92.045903290487146, 21.295641217056655 ], [ 92.032257901181737, 21.291157963404455 ] ] } },
{ "type": "Feature", "properties": { "transect_id": 433 }, "geometry": { "type": "LineString", "coordinates": [ [ 92.046062731558166, 21.29521493508868 ], [ 92.032417375651434, 21.290731695444379 ] ] } },
{ "type": "Feature", "properties": { "transect_id": 434 }, "geometry": { "type": "LineString", "coordinates": [ [ 92.046222171663501, 21.294788652913894 ], [ 92.032576849154864, 21.290305427276966 ] ] } },
{ "type": "Feature", "properties": { "transect_id": 435 }, "geometry": { "type": "LineString", "coordinates": [ [ 92.046381610803223, 21.294362370532301 ], [ 92.032736321692042, 21.289879158902224 ] ] } },
{ "type": "Feature", "properties": { "transect_id": 436 }, "geometry": { "type": "LineString", "coordinates": [ [ 92.046541048977346, 21.293936087943912 ], [ 92.032895793263023, 21.289452890320202 ] ] } },
{ "type": "Feature", "properties": { "transect_id": 437 }, "geometry": { "type": "LineString", "coordinates": [ [ 92.046700486185898, 21.293509805148755 ], [ 92.033055263867837, 21.289026621530812 ] ] } },
{ "type": "Feature", "properties": { "transect_id": 438 }, "geometry": { "type": "LineString", "coordinates": [ [ 92.046859922428951, 21.293083522146816 ], [ 92.033214733506526, 21.288600352534132 ] ] } },
{ "type": "Feature", "properties": { "transect_id": 439 }, "geometry": { "type": "LineString", "coordinates": [ [ 92.047019357706489, 21.292657238938119 ], [ 92.033374202179104, 21.288174083330176 ] ] } },
{ "type": "Feature", "properties": { "transect_id": 440 }, "geometry": { "type": "LineString", "coordinates": [ [ 92.047178792018556, 21.29223095552268 ], [ 92.033533669885614, 21.287747813918948 ] ] } },
{ "type": "Feature", "properties": { "transect_id": 441 }, "geometry": { "type": "LineString", "coordinates": [ [ 92.047323019697458, 21.291800578388617 ], [ 92.033302176537646, 21.288488677898545 ] ] } },
{ "type": "Feature", "properties": { "transect_id": 442 }, "geometry": { "type": "LineString", "coordinates": [ [ 92.047429285606142, 21.291359981646046 ], [ 92.033325946992804, 21.288371646220153 ] ] } },
{ "type": "Feature", "properties": { "transect_id": 443 }, "geometry": { "type": "LineString", "coordinates": [ [ 92.0475355508283, 21.290919384789945 ], [ 92.033432251327028, 21.287931059619776 ] ] } },
{ "type": "Feature", "properties": { "transect_id": 444 }, "geometry": { "type": "LineString", "coordinates": [ [ 92.047641815363974, 21.290478787820302 ], [ 92.033538554973859, 21.287490472905489 ] ] } },
{ "type": "Feature", "properties": { "transect_id": 445 }, "geometry": { "type": "LineString", "coordinates": [ [ 92.047748079213207, 21.290038190737143 ], [ 92.033644857933325, 21.287049886077316 ] ] } },
{ "type": "Feature", "properties": { "transect_id": 446 }, "geometry": { "type": "LineString", "coordinates": [ [ 92.047854342375985, 21.289597593540456 ], [ 92.033751160205441, 21.286609299135186 ] ] } },
{ "type": "Feature", "properties": { "transect_id": 447 }, "geometry": { "type": "LineString", "coordinates": [ [ 92.047960604852349, 21.289156996230254 ], [ 92.033857461790234, 21.286168712079188 ] ] } },
{ "type": "Feature", "properties": { "transect_id": 448 }, "geometry": { "type": "LineString", "coordinates": [ [ 92.04806686664233, 21.288716398806539 ], [ 92.033963762687733, 21.285728124909252 ] ] } },
{ "type": "Feature", "properties": { "transect_id": 449 }, "geometry": { "type": "LineString", "coordinates": [ [ 92.048173127745955, 21.288275801269318 ], [ 92.034070062897953, 21.285287537625457 ] ] } },
{ "type": "Feature", "properties": { "transect_id": 450 }, "geometry": { "type": "LineString", "coordinates": [ [ 92.048279388163223, 21.287835203618599 ], [ 92.034176362420936, 21.284846950227738 ] ] } },
{ "type": "Feature", "properties": { "transect_id": 451 }, "geometry": { "type": "LineString", "coordinates": [ [ 92.048385647894193, 21.287394605854374 ], [ 92.034282661256697, 21.284406362716155 ] ] } },
{ "type": "Feature", "properties": { "transect_id": 452 }, "geometry": { "type": "LineString", "coordinates": [ [ 92.04849190693885, 21.286954007976664 ], [ 92.034388959405263, 21.283965775090671 ] ] } },
{ "type": "Feature", "properties": { "transect_id": 453 }, "geometry": { "type": "LineString", "coordinates": [ [ 92.048598165297264, 21.286513409985464 ], [ 92.034495256866634, 21.283525187351334 ] ] } },
{ "type": "Feature", "properties": { "transect_id": 454 }, "geometry": { "type": "LineString", "coordinates": [ [ 92.048704422969408, 21.286072811880786 ], [ 92.034477105600203, 21.283657630246157 ] ] } },
{ "type": "Feature", "properties": { "transect_id": 455 }, "geometry": { "type": "LineString", "coordinates": [ [ 92.048762098438146, 21.285624713811849 ], [ 92.034381789448304, 21.284214522542943 ] ] } },
{ "type": "Feature", "properties": { "transect_id": 456 }, "geometry": { "type": "LineString", "coordinates": [ [ 92.048812230930722, 21.285175451288744 ], [ 92.03443196477744, 21.283765265858651 ] ] } },
{ "type": "Feature", "properties": { "transect_id": 457 }, "geometry": { "type": "LineString", "coordinates": [ [ 92.048862363061204, 21.284726188715688 ], [ 92.034482139743389, 21.28331600912416 ] ] } },
{ "type": "Feature", "properties": { "transect_id": 458 }, "geometry": { "type": "LineString", "coordinates": [ [ 92.048912494829636, 21.284276926092701 ], [ 92.034532314346151, 21.282866752339576 ] ] } },
{ "type": "Feature", "properties": { "transect_id": 459 }, "geometry": { "type": "LineString", "coordinates": [ [ 92.048962626235991, 21.283827663419753 ], [ 92.034582488585727, 21.282417495504856 ] ] } },
{ "type": "Feature", "properties": { "transect_id": 460 }, "geometry": { "type": "LineString", "coordinates": [ [ 92.049012757280295, 21.283378400696879 ], [ 92.03460549471437, 21.28223740674758 ] ] } },
{ "type": "Feature", "properties": { "transect_id": 461 }, "geometry": { "type": "LineString", "coordinates": [ [ 92.049038347403979, 21.282927453685424 ], [ 92.034592529788881, 21.282358023441059 ] ] } },
{ "type": "Feature", "properties": { "transect_id": 462 }, "geometry": { "type": "LineString", "coordinates": [ [ 92.049058577115545, 21.28247613876551 ], [ 92.034612803350257, 21.281906711887572 ] ] } },
{ "type": "Feature", "properties": { "transect_id": 463 }, "geometry": { "type": "LineString", "coordinates": [ [ 92.049078806645099, 21.282024823814712 ], [ 92.034633076728483, 21.281455400303116 ] ] } },
{ "type": "Feature", "properties": { "transect_id": 464 }, "geometry": { "type": "LineString", "coordinates": [ [ 92.04909903599264, 21.281573508833027 ], [ 92.034653349923559, 21.281004088687681 ] ] } },
{ "type": "Feature", "properties": { "transect_id": 465 }, "geometry": { "type": "LineString", "coordinates": [ [ 92.049119265158197, 21.281122193820462 ], [ 92.034673622935486, 21.28055277704129 ] ] } },
{ "type": "Feature", "properties": { "transect_id": 466 }, "geometry": { "type": "LineString", "coordinates": [ [ 92.04913949414177, 21.280670878777016 ], [ 92.034693895764249, 21.28010146536392 ] ] } },
{ "type": "Feature", "properties": { "transect_id": 467 }, "geometry": { "type": "LineString", "coordinates": [ [ 92.049159722943344, 21.280219563702683 ], [ 92.034714168409906, 21.279650153655627 ] ] } },
{ "type": "Feature", "properties": { "transect_id": 468 }, "geometry": { "type": "LineString", "coordinates": [ [ 92.049179951562934, 21.279768248597485 ], [ 92.034734440872398, 21.279198841916351 ] ] } },
{ "type": "Feature", "properties": { "transect_id": 469 }, "geometry": { "type": "LineString", "coordinates": [ [ 92.04920018000054, 21.279316933461402 ], [ 92.03475471315177, 21.278747530146116 ] ] } },
{ "type": "Feature", "properties": { "transect_id": 470 }, "geometry": { "type": "LineString", "coordinates": [ [ 92.04922040825619, 21.278865618294425 ], [ 92.034774985248035, 21.278296218344927 ] ] } },
{ "type": "Feature", "properties": { "transect_id": 471 }, "geometry": { "type": "LineString", "coordinates": [ [ 92.04924063632987, 21.278414303096589 ], [ 92.034795257161164, 21.277844906512765 ] ] } },
{ "type": "Feature", "properties": { "transect_id": 472 }, "geometry": { "type": "LineString", "coordinates": [ [ 92.049260864221594, 21.277962987867866 ], [ 92.034815528891173, 21.277393594649681 ] ] } },
{ "type": "Feature", "properties": { "transect_id": 473 }, "geometry": { "type": "LineString", "coordinates": [ [ 92.049281091931348, 21.27751167260827 ], [ 92.034835800438088, 21.27694228275562 ] ] } },
{ "type": "Feature", "properties": { "transect_id": 474 }, "geometry": { "type": "LineString", "coordinates": [ [ 92.049301319459161, 21.27706035731779 ], [ 92.034856071801897, 21.276490970830594 ] ] } },
{ "type": "Feature", "properties": { "transect_id": 475 }, "geometry": { "type": "LineString", "coordinates": [ [ 92.049321546805018, 21.276609041996444 ], [ 92.034876342982614, 21.27603965887462 ] ] } },
{ "type": "Feature", "properties": { "transect_id": 476 }, "geometry": { "type": "LineString", "coordinates": [ [ 92.049341773968948, 21.276157726644222 ], [ 92.034896613980223, 21.275588346887673 ] ] } },
{ "type": "Feature", "properties": { "transect_id": 477 }, "geometry": { "type": "LineString", "coordinates": [ [ 92.049362000950936, 21.275706411261112 ], [ 92.034916884794768, 21.275137034869807 ] ] } },
{ "type": "Feature", "properties": { "transect_id": 478 }, "geometry": { "type": "LineString", "coordinates": [ [ 92.049382227750996, 21.27525509584714 ], [ 92.034937155426221, 21.274685722820969 ] ] } },
{ "type": "Feature", "properties": { "transect_id": 479 }, "geometry": { "type": "LineString", "coordinates": [ [ 92.04940245436913, 21.274803780402291 ], [ 92.034957425874595, 21.274234410741176 ] ] } },
{ "type": "Feature", "properties": { "transect_id": 480 }, "geometry": { "type": "LineString", "coordinates": [ [ 92.049422680805336, 21.274352464926565 ], [ 92.03497769613989, 21.273783098630432 ] ] } },
{ "type": "Feature", "properties": { "transect_id": 481 }, "geometry": { "type": "LineString", "coordinates": [ [ 92.049442907059642, 21.273901149419974 ], [ 92.034997966222136, 21.27333178648874 ] ] } },
{ "type": "Feature", "properties": { "transect_id": 482 }, "geometry": { "type": "LineString", "coordinates": [ [ 92.049463133132036, 21.273449833882509 ], [ 92.035018236121303, 21.272880474316072 ] ] } },
{ "type": "Feature", "properties": { "transect_id": 483 }, "geometry": { "type": "LineString", "coordinates": [ [ 92.049483359022531, 21.272998518314175 ], [ 92.03503850583742, 21.272429162112491 ] ] } },
{ "type": "Feature", "properties": { "transect_id": 484 }, "geometry": { "type": "LineString", "coordinates": [ [ 92.049503584731113, 21.272547202714961 ], [ 92.035058775370487, 21.271977849877938 ] ] } },
{ "type": "Feature", "properties": { "transect_id": 485 }, "geometry": { "type": "LineString", "coordinates": [ [ 92.04952381025781, 21.272095887084884 ], [ 92.035079044720518, 21.271526537612441 ] ] } },
{ "type": "Feature", "properties": { "transect_id": 486 }, "geometry": { "type": "LineString", "coordinates": [ [ 92.049544035602622, 21.271644571423938 ], [ 92.0350993138875, 21.271075225315993 ] ] } },
{ "type": "Feature", "properties": { "transect_id": 487 }, "geometry": { "type": "LineString", "coordinates": [ [ 92.04956426076555, 21.271193255732118 ], [ 92.035119582871459, 21.270623912988583 ] ] } },
{ "type": "Feature", "properties": { "transect_id": 488 }, "geometry": { "type": "LineString", "coordinates": [ [ 92.049584485746593, 21.270741940009433 ], [ 92.035139851672369, 21.27017260063025 ] ] } },
{ "type": "Feature", "properties": { "transect_id": 489 }, "geometry": { "type": "LineString", "coordinates": [ [ 92.049604710545779, 21.270290624255885 ], [ 92.035160120290271, 21.269721288240959 ] ] } },
{ "type": "Feature", "properties": { "transect_id": 490 }, "geometry": { "type": "LineString", "coordinates": [ [ 92.049624935163081, 21.269839308471465 ], [ 92.035180388725138, 21.269269975820727 ] ] } },
{ "type": "Feature", "properties": { "transect_id": 491 }, "geometry": { "type": "LineString", "coordinates": [ [ 92.049645159598541, 21.269387992656174 ], [ 92.035200656977011, 21.268818663369526 ] ] } },
{ "type": "Feature", "properties": { "transect_id": 492 }, "geometry": { "type": "LineString", "coordinates": [ [ 92.049662707522216, 21.268936645436913 ], [ 92.035205814835379, 21.268841857364365 ] ] } },
{ "type": "Feature", "properties": { "transect_id": 493 }, "geometry": { "type": "LineString", "coordinates": [ [ 92.04965453072883, 21.268484996636118 ], [ 92.035199382714595, 21.268714310055163 ] ] } },
{ "type": "Feature", "properties": { "transect_id": 494 }, "geometry": { "type": "LineString", "coordinates": [ [ 92.049646353926676, 21.268033347812935 ], [ 92.035191250065978, 21.268262662207505 ] ] } },
{ "type": "Feature", "properties": { "transect_id": 495 }, "geometry": { "type": "LineString", "coordinates": [ [ 92.04963817711571, 21.267581698967369 ], [ 92.035183117407414, 21.267811014337461 ] ] } },
{ "type": "Feature", "properties": { "transect_id": 496 }, "geometry": { "type": "LineString", "coordinates": [ [ 92.049630000295949, 21.267130050099407 ], [ 92.035174984738873, 21.267359366445099 ] ] } },
{ "type": "Feature", "properties": { "transect_id": 497 }, "geometry": { "type": "LineString", "coordinates": [ [ 92.049621823467376, 21.266678401209074 ], [ 92.035166852060385, 21.266907718530341 ] ] } },
{ "type": "Feature", "properties": { "transect_id": 498 }, "geometry": { "type": "LineString", "coordinates": [ [ 92.049613646630007, 21.266226752296355 ], [ 92.035158719371935, 21.266456070593268 ] ] } },
{ "type": "Feature", "properties": { "transect_id": 499 }, "geometry": { "type": "LineString", "coordinates": [ [ 92.049605469783842, 21.26577510336125 ], [ 92.03515058667351, 21.266004422633863 ] ] } },
{ "type": "Feature", "properties": { "transect_id": 500 }, "geometry": { "type": "LineString", "coordinates": [ [ 92.049597292928865, 21.265323454403763 ], [ 92.035142453965108, 21.265552774652058 ] ] } },
{ "type": "Feature", "properties": { "transect_id": 501 }, "geometry": { "type": "LineString", "coordinates": [ [ 92.049589116065064, 21.264871805423901 ], [ 92.035134321246758, 21.265101126647941 ] ] } },
{ "type": "Feature", "properties": { "transect_id": 502 }, "geometry": { "type": "LineString", "coordinates": [ [ 92.049580939192481, 21.264420156421647 ], [ 92.035126188518419, 21.264649478621443 ] ] } },
{ "type": "Feature", "properties": { "transect_id": 503 }, "geometry": { "type": "LineString", "coordinates": [ [ 92.049572762311072, 21.263968507397017 ], [ 92.035118055780117, 21.264197830572627 ] ] } },
{ "type": "Feature", "properties": { "transect_id": 504 }, "geometry": { "type": "LineString", "coordinates": [ [ 92.049564585420853, 21.263516858350012 ], [ 92.035109923031854, 21.263746182501464 ] ] } },
{ "type": "Feature", "properties": { "transect_id": 505 }, "geometry": { "type": "LineString", "coordinates": [ [ 92.049556408521823, 21.263065209280619 ], [ 92.0351017902736, 21.263294534407922 ] ] } },
{ "type": "Feature", "properties": { "transect_id": 506 }, "geometry": { "type": "LineString", "coordinates": [ [ 92.049548231613983, 21.262613560188857 ], [ 92.035093657505371, 21.262842886292074 ] ] } },
{ "type": "Feature", "properties": { "transect_id": 507 }, "geometry": { "type": "LineString", "coordinates": [ [ 92.049540054697303, 21.262161911074706 ], [ 92.035085524727151, 21.262391238153842 ] ] } },
{ "type": "Feature", "properties": { "transect_id": 508 }, "geometry": { "type": "LineString", "coordinates": [ [ 92.049531877771827, 21.261710261938173 ], [ 92.035077391938984, 21.261939589993293 ] ] } },
{ "type": "Feature", "properties": { "transect_id": 509 }, "geometry": { "type": "LineString", "coordinates": [ [ 92.049523700837526, 21.261258612779272 ], [ 92.035069259140798, 21.261487941810365 ] ] } },
{ "type": "Feature", "properties": { "transect_id": 510 }, "geometry": { "type": "LineString", "coordinates": [ [ 92.049515523894399, 21.260806963597993 ], [ 92.03506112633265, 21.261036293605123 ] ] } },
{ "type": "Feature", "properties": { "transect_id": 511 }, "geometry": { "type": "LineString", "coordinates": [ [ 92.049507346942448, 21.260355314394332 ], [ 92.035052993514512, 21.260584645377545 ] ] } },
{ "type": "Feature", "properties": { "transect_id": 512 }, "geometry": { "type": "LineString", "coordinates": [ [ 92.049499169981672, 21.259903665168295 ], [ 92.035044860686384, 21.260132997127577 ] ] } },
{ "type": "Feature", "properties": { "transect_id": 513 }, "geometry": { "type": "LineString", "coordinates": [ [ 92.049490993012057, 21.259452015919877 ], [ 92.035036727848293, 21.25968134885531 ] ] } },
{ "type": "Feature", "properties": { "transect_id": 514 }, "geometry": { "type": "LineString", "coordinates": [ [ 92.049482816033631, 21.259000366649094 ], [ 92.035028595000171, 21.259229700560667 ] ] } },
{ "type": "Feature", "properties": { "transect_id": 515 }, "geometry": { "type": "LineString", "coordinates": [ [ 92.049474639046366, 21.258548717355925 ], [ 92.035020462142086, 21.258778052243716 ] ] } },
{ "type": "Feature", "properties": { "transect_id": 516 }, "geometry": { "type": "LineString", "coordinates": [ [ 92.049466462050276, 21.258097068040382 ], [ 92.035012329274011, 21.258326403904384 ] ] } },
{ "type": "Feature", "properties": { "transect_id": 517 }, "geometry": { "type": "LineString", "coordinates": [ [ 92.049458285045347, 21.257645418702474 ], [ 92.035004196395917, 21.257874755542726 ] ] } },
{ "type": "Feature", "properties": { "transect_id": 518 }, "geometry": { "type": "LineString", "coordinates": [ [ 92.049450108031579, 21.257193769342184 ], [ 92.034996063507847, 21.257423107158747 ] ] } },
{ "type": "Feature", "properties": { "transect_id": 519 }, "geometry": { "type": "LineString", "coordinates": [ [ 92.049441931008985, 21.256742119959522 ], [ 92.034987930609773, 21.256971458752393 ] ] } },
{ "type": "Feature", "properties": { "transect_id": 520 }, "geometry": { "type": "LineString", "coordinates": [ [ 92.049433753977539, 21.256290470554486 ], [ 92.034981444309935, 21.256597912033236 ] ] } },
{ "type": "Feature", "properties": { "transect_id": 521 }, "geometry": { "type": "LineString", "coordinates": [ [ 92.049417330143072, 21.255839040175935 ], [ 92.034972687632845, 21.256376052007891 ] ] } },
{ "type": "Feature", "properties": { "transect_id": 522 }, "geometry": { "type": "LineString", "coordinates": [ [ 92.049398212839932, 21.255387681320094 ], [ 92.03495361441847, 21.255924693203319 ] ] } },
{ "type": "Feature", "properties": { "transect_id": 523 }, "geometry": { "type": "LineString", "coordinates": [ [ 92.049379095594745, 21.254936322442649 ], [ 92.034934541260867, 21.255473334377196 ] ] } },
{ "type": "Feature", "properties": { "transect_id": 524 }, "geometry": { "type": "LineString", "coordinates": [ [ 92.04935997840748, 21.254484963543579 ], [ 92.034915468160079, 21.25502197552953 ] ] } },
{ "type": "Feature", "properties": { "transect_id": 525 }, "geometry": { "type": "LineString", "coordinates": [ [ 92.049340861278182, 21.254033604622894 ], [ 92.03489639511605, 21.254570616660335 ] ] } },
{ "type": "Feature", "properties": { "transect_id": 526 }, "geometry": { "type": "LineString", "coordinates": [ [ 92.049321744206807, 21.253582245680605 ], [ 92.034877322128821, 21.254119257769599 ] ] } },
{ "type": "Feature", "properties": { "transect_id": 527 }, "geometry": { "type": "LineString", "coordinates": [ [ 92.049302627193356, 21.253130886716693 ], [ 92.034858249198365, 21.253667898857326 ] ] } },
{ "type": "Feature", "properties": { "transect_id": 528 }, "geometry": { "type": "LineString", "coordinates": [ [ 92.049283510237856, 21.252679527731178 ], [ 92.034839176324681, 21.253216539923514 ] ] } },
{ "type": "Feature", "properties": { "transect_id": 529 }, "geometry": { "type": "LineString", "coordinates": [ [ 92.049264393340266, 21.252228168724042 ], [ 92.034820103507769, 21.252765180968165 ] ] } },
{ "type": "Feature", "properties": { "transect_id": 530 }, "geometry": { "type": "LineString", "coordinates": [ [ 92.049245276500599, 21.251776809695301 ], [ 92.03480103074763, 21.25231382199129 ] ] } },
{ "type": "Feature", "properties": { "transect_id": 531 }, "geometry": { "type": "LineString", "coordinates": [ [ 92.049226159718842, 21.251325450644945 ], [ 92.034785489242466, 21.251940362677736 ] ] } },
{ "type": "Feature", "properties": { "transect_id": 532 }, "geometry": { "type": "LineString", "coordinates": [ [ 92.049182761419502, 21.25087601994856 ], [ 92.034847855257311, 21.252623310957937 ] ] } },
{ "type": "Feature", "properties": { "transect_id": 533 }, "geometry": { "type": "LineString", "coordinates": [ [ 92.049120611014274, 21.250428078483434 ], [ 92.034785747916132, 21.252175365910848 ] ] } },
{ "type": "Feature", "properties": { "transect_id": 534 }, "geometry": { "type": "LineString", "coordinates": [ [ 92.049058460928038, 21.249980136986043 ], [ 92.034723640892906, 21.251727420831724 ] ] } },
{ "type": "Feature", "properties": { "transect_id": 535 }, "geometry": { "type": "LineString", "coordinates": [ [ 92.048996311160792, 21.249532195456389 ], [ 92.034661534187578, 21.251279475720604 ] ] } },
{ "type": "Feature", "properties": { "transect_id": 536 }, "geometry": { "type": "LineString", "coordinates": [ [ 92.048934161712509, 21.249084253894466 ], [ 92.034599427800131, 21.250831530577393 ] ] } },
{ "type": "Feature", "properties": { "transect_id": 537 }, "geometry": { "type": "LineString", "coordinates": [ [ 92.048872012583189, 21.248636312300274 ], [ 92.034537321730568, 21.250383585402211 ] ] } },
{ "type": "Feature", "properties": { "transect_id": 538 }, "geometry": { "type": "LineString", "coordinates": [ [ 92.048809863772817, 21.248188370673823 ], [ 92.034475215978873, 21.249935640195016 ] ] } },
{ "type": "Feature", "properties": { "transect_id": 539 }, "geometry": { "type": "LineString", "coordinates": [ [ 92.04874771528138, 21.247740429015121 ], [ 92.034413110545017, 21.249487694955747 ] ] } },
{ "type": "Feature", "properties": { "transect_id": 540 }, "geometry": { "type": "LineString", "coordinates": [ [ 92.048685567108848, 21.247292487324142 ], [ 92.034351005429016, 21.249039749684528 ] ] } },
{ "type": "Feature", "properties": { "transect_id": 541 }, "geometry": { "type": "LineString", "coordinates": [ [ 92.048623419255208, 21.246844545600929 ], [ 92.034288900630827, 21.248591804381245 ] ] } },
{ "type": "Feature", "properties": { "transect_id": 542 }, "geometry": { "type": "LineString", "coordinates": [ [ 92.048561271720473, 21.246396603845451 ], [ 92.034226796150435, 21.248143859045964 ] ] } },
{ "type": "Feature", "properties": { "transect_id": 543 }, "geometry": { "type": "LineString", "coordinates": [ [ 92.048499124504602, 21.245948662057721 ], [ 92.034164691987854, 21.247695913678672 ] ] } },
{ "type": "Feature", "properties": { "transect_id": 544 }, "geometry": { "type": "LineString", "coordinates": [ [ 92.048436977607579, 21.245500720237747 ], [ 92.034102588143043, 21.247247968279389 ] ] } },
{ "type": "Feature", "properties": { "transect_id": 545 }, "geometry": { "type": "LineString", "coordinates": [ [ 92.048374831029406, 21.245052778385517 ], [ 92.034040484615986, 21.246800022848049 ] ] } },
{ "type": "Feature", "properties": { "transect_id": 546 }, "geometry": { "type": "LineString", "coordinates": [ [ 92.048312684770067, 21.244604836501054 ], [ 92.033978381406683, 21.24635207738477 ] ] } },
{ "type": "Feature", "properties": { "transect_id": 547 }, "geometry": { "type": "LineString", "coordinates": [ [ 92.048250538829535, 21.244156894584343 ], [ 92.033916278515136, 21.245904131889443 ] ] } },
{ "type": "Feature", "properties": { "transect_id": 548 }, "geometry": { "type": "LineString", "coordinates": [ [ 92.048188393207809, 21.243708952635384 ], [ 92.033854175941286, 21.245456186362105 ] ] } },
{ "type": "Feature", "properties": { "transect_id": 549 }, "geometry": { "type": "LineString", "coordinates": [ [ 92.048130837253197, 21.243260510135951 ], [ 92.033757426289071, 21.244696627329727 ] ] } },
{ "type": "Feature", "properties": { "transect_id": 550 }, "geometry": { "type": "LineString", "coordinates": [ [ 92.048081641459447, 21.242811155870722 ], [ 92.033702354132359, 21.244194181123724 ] ] } },
{ "type": "Feature", "properties": { "transect_id": 551 }, "geometry": { "type": "LineString", "coordinates": [ [ 92.048032445906415, 21.242361801578753 ], [ 92.03365320207682, 21.243744824343565 ] ] } },
{ "type": "Feature", "properties": { "transect_id": 552 }, "geometry": { "type": "LineString", "coordinates": [ [ 92.047983250594058, 21.241912447260042 ], [ 92.033604050260877, 21.243295467536882 ] ] } },
{ "type": "Feature", "properties": { "transect_id": 553 }, "geometry": { "type": "LineString", "coordinates": [ [ 92.047934055522376, 21.241463092914604 ], [ 92.0335548986845, 21.242846110703674 ] ] } },
{ "type": "Feature", "properties": { "transect_id": 554 }, "geometry": { "type": "LineString", "coordinates": [ [ 92.047884860691369, 21.241013738542428 ], [ 92.033505747347661, 21.242396753843881 ] ] } },
{ "type": "Feature", "properties": { "transect_id": 555 }, "geometry": { "type": "LineString", "coordinates": [ [ 92.047835666100994, 21.240564384143529 ], [ 92.033456596250375, 21.241947396957567 ] ] } },
{ "type": "Feature", "properties": { "transect_id": 556 }, "geometry": { "type": "LineString", "coordinates": [ [ 92.047786471751266, 21.240115029717877 ], [ 92.033407445392598, 21.241498040044732 ] ] } },
{ "type": "Feature", "properties": { "transect_id": 557 }, "geometry": { "type": "LineString", "coordinates": [ [ 92.04773727764217, 21.239665675265513 ], [ 92.033358294774345, 21.24104868310533 ] ] } },
{ "type": "Feature", "properties": { "transect_id": 558 }, "geometry": { "type": "LineString", "coordinates": [ [ 92.047688083773679, 21.239216320786415 ], [ 92.033309144395602, 21.240599326139407 ] ] } },
{ "type": "Feature", "properties": { "transect_id": 559 }, "geometry": { "type": "LineString", "coordinates": [ [ 92.047638890145791, 21.23876696628059 ], [ 92.033259994256355, 21.240149969146959 ] ] } },
{ "type": "Feature", "properties": { "transect_id": 560 }, "geometry": { "type": "LineString", "coordinates": [ [ 92.047589696758493, 21.238317611748041 ], [ 92.033210844356574, 21.239700612127944 ] ] } },
{ "type": "Feature", "properties": { "transect_id": 561 }, "geometry": { "type": "LineString", "coordinates": [ [ 92.047540503611799, 21.237868257188769 ], [ 92.03316169469629, 21.239251255082422 ] ] } },
{ "type": "Feature", "properties": { "transect_id": 562 }, "geometry": { "type": "LineString", "coordinates": [ [ 92.047491310705666, 21.237418902602766 ], [ 92.033112545275458, 21.238801898010383 ] ] } },
{ "type": "Feature", "properties": { "transect_id": 563 }, "geometry": { "type": "LineString", "coordinates": [ [ 92.047442118040081, 21.236969547990043 ], [ 92.032995675213826, 21.237411883625072 ] ] } },
{ "type": "Feature", "properties": { "transect_id": 564 }, "geometry": { "type": "LineString", "coordinates": [ [ 92.047472970541534, 21.236519777222338 ], [ 92.033079064412931, 21.235285138774465 ] ] } },
{ "type": "Feature", "properties": { "transect_id": 565 }, "geometry": { "type": "LineString", "coordinates": [ [ 92.047516844581224, 21.236069938714515 ], [ 92.03312298143338, 21.234835305587964 ] ] } },
{ "type": "Feature", "properties": { "transect_id": 566 }, "geometry": { "type": "LineString", "coordinates": [ [ 92.047560718296808, 21.23562010016164 ], [ 92.033166898128613, 21.234385472356188 ] ] } },
{ "type": "Feature", "properties": { "transect_id": 567 }, "geometry": { "type": "LineString", "coordinates": [ [ 92.047604591688284, 21.235170261563706 ], [ 92.033210814498617, 21.233935639079203 ] ] } },
{ "type": "Feature", "properties": { "transect_id": 568 }, "geometry": { "type": "LineString", "coordinates": [ [ 92.047648464755696, 21.234720422920724 ], [ 92.033254730543419, 21.23348580575702 ] ] } },
{ "type": "Feature", "properties": { "transect_id": 569 }, "geometry": { "type": "LineString", "coordinates": [ [ 92.047692337499015, 21.234270584232689 ], [ 92.033298646263034, 21.23303597238958 ] ] } },
{ "type": "Feature", "properties": { "transect_id": 570 }, "geometry": { "type": "LineString", "coordinates": [ [ 92.047747798289123, 21.233822110007136 ], [ 92.03345471928796, 21.231807325882126 ] ] } },
{ "type": "Feature", "properties": { "transect_id": 571 }, "geometry": { "type": "LineString", "coordinates": [ [ 92.047823930192564, 21.233376069751984 ], [ 92.033551952873836, 21.231234108878983 ] ] } },
{ "type": "Feature", "properties": { "transect_id": 572 }, "geometry": { "type": "LineString", "coordinates": [ [ 92.047900061582126, 21.232930029422015 ], [ 92.033628125533824, 21.230788076463913 ] ] } },
{ "type": "Feature", "properties": { "transect_id": 573 }, "geometry": { "type": "LineString", "coordinates": [ [ 92.047976192457796, 21.232483989017243 ], [ 92.033704297678923, 21.230342043973728 ] ] } },
{ "type": "Feature", "properties": { "transect_id": 574 }, "geometry": { "type": "LineString", "coordinates": [ [ 92.048052322819601, 21.232037948537673 ], [ 92.033780469309121, 21.229896011408464 ] ] } },
{ "type": "Feature", "properties": { "transect_id": 575 }, "geometry": { "type": "LineString", "coordinates": [ [ 92.048128452667569, 21.231591907983297 ], [ 92.03385664042446, 21.229449978768063 ] ] } },
{ "type": "Feature", "properties": { "transect_id": 576 }, "geometry": { "type": "LineString", "coordinates": [ [ 92.048204582001702, 21.231145867354119 ], [ 92.033932811024926, 21.229003946052629 ] ] } },
{ "type": "Feature", "properties": { "transect_id": 577 }, "geometry": { "type": "LineString", "coordinates": [ [ 92.048280710822056, 21.230699826650156 ], [ 92.034008981110588, 21.22855791326209 ] ] } },
{ "type": "Feature", "properties": { "transect_id": 578 }, "geometry": { "type": "LineString", "coordinates": [ [ 92.048356839128601, 21.230253785871398 ], [ 92.03408515068142, 21.228111880396465 ] ] } },
{ "type": "Feature", "properties": { "transect_id": 579 }, "geometry": { "type": "LineString", "coordinates": [ [ 92.048432966921396, 21.229807745017844 ], [ 92.034161319737464, 21.227665847455768 ] ] } },
{ "type": "Feature", "properties": { "transect_id": 580 }, "geometry": { "type": "LineString", "coordinates": [ [ 92.048509094200412, 21.229361704089516 ], [ 92.03423748827872, 21.227219814439973 ] ] } },
{ "type": "Feature", "properties": { "transect_id": 581 }, "geometry": { "type": "LineString", "coordinates": [ [ 92.048585220965705, 21.228915663086397 ], [ 92.034313656305216, 21.226773781349138 ] ] } },
{ "type": "Feature", "properties": { "transect_id": 582 }, "geometry": { "type": "LineString", "coordinates": [ [ 92.048661347217291, 21.22846962200849 ], [ 92.034389823816966, 21.226327748183216 ] ] } },
{ "type": "Feature", "properties": { "transect_id": 583 }, "geometry": { "type": "LineString", "coordinates": [ [ 92.048737472955182, 21.228023580855815 ], [ 92.034465990813999, 21.225881714942222 ] ] } },
{ "type": "Feature", "properties": { "transect_id": 584 }, "geometry": { "type": "LineString", "coordinates": [ [ 92.048813598179379, 21.227577539628353 ], [ 92.034542157296329, 21.225435681626145 ] ] } },
{ "type": "Feature", "properties": { "transect_id": 585 }, "geometry": { "type": "LineString", "coordinates": [ [ 92.048889722889925, 21.227131498326127 ], [ 92.034618323263956, 21.224989648235049 ] ] } },
{ "type": "Feature", "properties": { "transect_id": 586 }, "geometry": { "type": "LineString", "coordinates": [ [ 92.048965847086819, 21.226685456949131 ], [ 92.034694488716923, 21.224543614768887 ] ] } },
{ "type": "Feature", "properties": { "transect_id": 587 }, "geometry": { "type": "LineString", "coordinates": [ [ 92.049041970770077, 21.226239415497364 ], [ 92.034770653655244, 21.224097581227632 ] ] } },
{ "type": "Feature", "properties": { "transect_id": 588 }, "geometry": { "type": "LineString", "coordinates": [ [ 92.049118093939754, 21.225793373970834 ], [ 92.034846818078918, 21.22365154761134 ] ] } },
{ "type": "Feature", "properties": { "transect_id": 589 }, "geometry": { "type": "LineString", "coordinates": [ [ 92.049194216595836, 21.225347332369545 ], [ 92.034842492067881, 21.223746518041484 ] ] } },
{ "type": "Feature", "properties": { "transect_id": 590 }, "geometry": { "type": "LineString", "coordinates": [ [ 92.049199717563738, 21.224897839588291 ], [ 92.034768173126324, 21.225635784053594 ] ] } },
{ "type": "Feature", "properties": { "transect_id": 591 }, "geometry": { "type": "LineString", "coordinates": [ [ 92.049173461065081, 21.224446794857485 ], [ 92.034741960567104, 21.22518473877351 ] ] } },
{ "type": "Feature", "properties": { "transect_id": 592 }, "geometry": { "type": "LineString", "coordinates": [ [ 92.049147204667676, 21.22399575010483 ], [ 92.034715748107985, 21.224733693471681 ] ] } },
{ "type": "Feature", "properties": { "transect_id": 593 }, "geometry": { "type": "LineString", "coordinates": [ [ 92.049120948371495, 21.223544705330344 ], [ 92.034689535748939, 21.224282648148105 ] ] } },
{ "type": "Feature", "properties": { "transect_id": 594 }, "geometry": { "type": "LineString", "coordinates": [ [ 92.049094692176539, 21.223093660534019 ], [ 92.03466332348998, 21.223831602802793 ] ] } },
{ "type": "Feature", "properties": { "transect_id": 595 }, "geometry": { "type": "LineString", "coordinates": [ [ 92.04906843608282, 21.222642615715852 ], [ 92.034637111331108, 21.223380557435753 ] ] } },
{ "type": "Feature", "properties": { "transect_id": 596 }, "geometry": { "type": "LineString", "coordinates": [ [ 92.049042180090311, 21.222191570875847 ], [ 92.034610899272309, 21.222929512046985 ] ] } },
{ "type": "Feature", "properties": { "transect_id": 597 }, "geometry": { "type": "LineString", "coordinates": [ [ 92.049015924199011, 21.221740526014006 ], [ 92.034584687313554, 21.222478466636467 ] ] } },
{ "type": "Feature", "properties": { "transect_id": 598 }, "geometry": { "type": "LineString", "coordinates": [ [ 92.048989668408936, 21.221289481130331 ], [ 92.034558475454872, 21.222027421204206 ] ] } },
{ "type": "Feature", "properties": { "transect_id": 599 }, "geometry": { "type": "LineString", "coordinates": [ [ 92.048963412720042, 21.22083843622481 ], [ 92.034532263696249, 21.221576375750256 ] ] } },
{ "type": "Feature", "properties": { "transect_id": 600 }, "geometry": { "type": "LineString", "coordinates": [ [ 92.048937157132343, 21.220387391297464 ], [ 92.034506052037656, 21.22112533027455 ] ] } },
{ "type": "Feature", "properties": { "transect_id": 601 }, "geometry": { "type": "LineString", "coordinates": [ [ 92.04891090164584, 21.219936346348284 ], [ 92.034479840479122, 21.220674284777111 ] ] } },
{ "type": "Feature", "properties": { "transect_id": 602 }, "geometry": { "type": "LineString", "coordinates": [ [ 92.048884646260518, 21.219485301377265 ], [ 92.034453629020618, 21.220223239257944 ] ] } },
{ "type": "Feature", "properties": { "transect_id": 603 }, "geometry": { "type": "LineString", "coordinates": [ [ 92.048858390976363, 21.219034256384415 ], [ 92.03442741766213, 21.219772193717056 ] ] } },
{ "type": "Feature", "properties": { "transect_id": 604 }, "geometry": { "type": "LineString", "coordinates": [ [ 92.04883213579339, 21.218583211369737 ], [ 92.034401206403672, 21.219321148154428 ] ] } },
{ "type": "Feature", "properties": { "transect_id": 605 }, "geometry": { "type": "LineString", "coordinates": [ [ 92.048805880711583, 21.218132166333223 ], [ 92.03437499524523, 21.218870102570076 ] ] } },
{ "type": "Feature", "properties": { "transect_id": 606 }, "geometry": { "type": "LineString", "coordinates": [ [ 92.048779625730916, 21.217681121274882 ], [ 92.034348784186804, 21.218419056963981 ] ] } },
{ "type": "Feature", "properties": { "transect_id": 607 }, "geometry": { "type": "LineString", "coordinates": [ [ 92.048753370851415, 21.217230076194706 ], [ 92.03432257322838, 21.217968011336204 ] ] } },
{ "type": "Feature", "properties": { "transect_id": 608 }, "geometry": { "type": "LineString", "coordinates": [ [ 92.048727116073053, 21.216779031092702 ], [ 92.034279242930708, 21.21710972985661 ] ] } },
{ "type": "Feature", "properties": { "transect_id": 609 }, "geometry": { "type": "LineString", "coordinates": [ [ 92.048755742085589, 21.21632950081144 ], [ 92.034396570505606, 21.214795666543427 ] ] } },
{ "type": "Feature", "properties": { "transect_id": 610 }, "geometry": { "type": "LineString", "coordinates": [ [ 92.048810246202819, 21.21588068478988 ], [ 92.034451117078632, 21.21434685670291 ] ] } },
{ "type": "Feature", "properties": { "transect_id": 611 }, "geometry": { "type": "LineString", "coordinates": [ [ 92.048864749933145, 21.215431868714809 ], [ 92.034505663263644, 21.213898046808676 ] ] } },
{ "type": "Feature", "properties": { "transect_id": 612 }, "geometry": { "type": "LineString", "coordinates": [ [ 92.04891925327658, 21.214983052586248 ], [ 92.034560209060686, 21.213449236860711 ] ] } },
{ "type": "Feature", "properties": { "transect_id": 613 }, "geometry": { "type": "LineString", "coordinates": [ [ 92.048973756233124, 21.214534236404191 ], [ 92.034614754469757, 21.213000426859075 ] ] } },
{ "type": "Feature", "properties": { "transect_id": 614 }, "geometry": { "type": "LineString", "coordinates": [ [ 92.049028258802821, 21.214085420168633 ], [ 92.034669299490872, 21.212551616803712 ] ] } },
{ "type": "Feature", "properties": { "transect_id": 615 }, "geometry": { "type": "LineString", "coordinates": [ [ 92.049082760985655, 21.213636603879586 ], [ 92.034723844124059, 21.212102806694642 ] ] } },
{ "type": "Feature", "properties": { "transect_id": 616 }, "geometry": { "type": "LineString", "coordinates": [ [ 92.049137262781656, 21.213187787537045 ], [ 92.034782848692188, 21.211617729511488 ] ] } },
{ "type": "Feature", "properties": { "transect_id": 617 }, "geometry": { "type": "LineString", "coordinates": [ [ 92.049195005513852, 21.212739329803878 ], [ 92.034850008077612, 21.211095694711087 ] ] } },
{ "type": "Feature", "properties": { "transect_id": 618 }, "geometry": { "type": "LineString", "coordinates": [ [ 92.04925341151899, 21.212290945452509 ], [ 92.034908456334321, 21.210647316854349 ] ] } },
{ "type": "Feature", "properties": { "transect_id": 619 }, "geometry": { "type": "LineString", "coordinates": [ [ 92.049311817114273, 21.211842561044211 ], [ 92.034966904180109, 21.210198938940458 ] ] } },
{ "type": "Feature", "properties": { "transect_id": 620 }, "geometry": { "type": "LineString", "coordinates": [ [ 92.049370222299714, 21.211394176578988 ], [ 92.035025351615005, 21.209750560969407 ] ] } },
{ "type": "Feature", "properties": { "transect_id": 621 }, "geometry": { "type": "LineString", "coordinates": [ [ 92.049428627075358, 21.210945792056844 ], [ 92.035083798638965, 21.209302182941208 ] ] } },
{ "type": "Feature", "properties": { "transect_id": 622 }, "geometry": { "type": "LineString", "coordinates": [ [ 92.049487031441188, 21.210497407477767 ], [ 92.035142245252075, 21.208853804855867 ] ] } },
{ "type": "Feature", "properties": { "transect_id": 623 }, "geometry": { "type": "LineString", "coordinates": [ [ 92.049545435397235, 21.210049022841776 ], [ 92.035200691454307, 21.208405426713377 ] ] } },
{ "type": "Feature", "properties": { "transect_id": 624 }, "geometry": { "type": "LineString", "coordinates": [ [ 92.049603838943497, 21.209600638148867 ], [ 92.035259137245674, 21.207957048513759 ] ] } },
{ "type": "Feature", "properties": { "transect_id": 625 }, "geometry": { "type": "LineString", "coordinates": [ [ 92.049662242080004, 21.209152253399033 ], [ 92.03531758262622, 21.207508670256978 ] ] } },
{ "type": "Feature", "properties": { "transect_id": 626 }, "geometry": { "type": "LineString", "coordinates": [ [ 92.049720644806769, 21.208703868592288 ], [ 92.03537602759593, 21.207060291943041 ] ] } },
{ "type": "Feature", "properties": { "transect_id": 627 }, "geometry": { "type": "LineString", "coordinates": [ [ 92.049779047123806, 21.208255483728635 ], [ 92.035434472154819, 21.206611913571983 ] ] } },
{ "type": "Feature", "properties": { "transect_id": 628 }, "geometry": { "type": "LineString", "coordinates": [ [ 92.049837449031116, 21.207807098808068 ], [ 92.035492916302914, 21.206163535143787 ] ] } },
{ "type": "Feature", "properties": { "transect_id": 629 }, "geometry": { "type": "LineString", "coordinates": [ [ 92.049895850528728, 21.207358713830594 ], [ 92.03555136004023, 21.205715156658457 ] ] } },
{ "type": "Feature", "properties": { "transect_id": 630 }, "geometry": { "type": "LineString", "coordinates": [ [ 92.04995425161664, 21.206910328796212 ], [ 92.035609803366782, 21.205266778115991 ] ] } },
{ "type": "Feature", "properties": { "transect_id": 631 }, "geometry": { "type": "LineString", "coordinates": [ [ 92.050012652294896, 21.20646194370492 ], [ 92.035668246282569, 21.204818399516391 ] ] } },
{ "type": "Feature", "properties": { "transect_id": 632 }, "geometry": { "type": "LineString", "coordinates": [ [ 92.050071052563482, 21.206013558556727 ], [ 92.035726688787619, 21.20437002085967 ] ] } },
{ "type": "Feature", "properties": { "transect_id": 633 }, "geometry": { "type": "LineString", "coordinates": [ [ 92.050129452422397, 21.20556517335163 ], [ 92.035785130881933, 21.203921642145815 ] ] } },
{ "type": "Feature", "properties": { "transect_id": 634 }, "geometry": { "type": "LineString", "coordinates": [ [ 92.050187851871712, 21.205116788089633 ], [ 92.035843572565554, 21.203473263374839 ] ] } },
{ "type": "Feature", "properties": { "transect_id": 635 }, "geometry": { "type": "LineString", "coordinates": [ [ 92.0502462509114, 21.204668402770732 ], [ 92.035902013838452, 21.203024884546732 ] ] } },
{ "type": "Feature", "properties": { "transect_id": 636 }, "geometry": { "type": "LineString", "coordinates": [ [ 92.050304649541474, 21.204220017394938 ], [ 92.035960454700685, 21.202576505661501 ] ] } },
{ "type": "Feature", "properties": { "transect_id": 637 }, "geometry": { "type": "LineString", "coordinates": [ [ 92.050358254309785, 21.20377138579887 ], [ 92.035921859840869, 21.203164952117131 ] ] } },
{ "type": "Feature", "properties": { "transect_id": 638 }, "geometry": { "type": "LineString", "coordinates": [ [ 92.050352417639431, 21.203319701613612 ], [ 92.035902605765131, 21.203483285794839 ] ] } },
{ "type": "Feature", "properties": { "transect_id": 639 }, "geometry": { "type": "LineString", "coordinates": [ [ 92.050346580945899, 21.202868017405688 ], [ 92.035896813052702, 21.203031602761122 ] ] } },
{ "type": "Feature", "properties": { "transect_id": 640 }, "geometry": { "type": "LineString", "coordinates": [ [ 92.050340744229203, 21.202416333175091 ], [ 92.035891020315944, 21.202579919704775 ] ] } },
{ "type": "Feature", "properties": { "transect_id": 641 }, "geometry": { "type": "LineString", "coordinates": [ [ 92.050334907489344, 21.201964648921827 ], [ 92.035885227554857, 21.2021282366258 ] ] } },
{ "type": "Feature", "properties": { "transect_id": 642 }, "geometry": { "type": "LineString", "coordinates": [ [ 92.050329070726306, 21.2015129646459 ], [ 92.035879434769456, 21.201676553524152 ] ] } },
{ "type": "Feature", "properties": { "transect_id": 643 }, "geometry": { "type": "LineString", "coordinates": [ [ 92.050323233940091, 21.201061280347304 ], [ 92.035873641959697, 21.201224870399869 ] ] } },
{ "type": "Feature", "properties": { "transect_id": 644 }, "geometry": { "type": "LineString", "coordinates": [ [ 92.050317397130712, 21.200609596026034 ], [ 92.035867849125623, 21.200773187252949 ] ] } },
{ "type": "Feature", "properties": { "transect_id": 645 }, "geometry": { "type": "LineString", "coordinates": [ [ 92.050311560298155, 21.200157911682105 ], [ 92.03586205626722, 21.200321504083401 ] ] } },
{ "type": "Feature", "properties": { "transect_id": 646 }, "geometry": { "type": "LineString", "coordinates": [ [ 92.05030572344242, 21.199706227315509 ], [ 92.035856263384474, 21.199869820891184 ] ] } },
{ "type": "Feature", "properties": { "transect_id": 647 }, "geometry": { "type": "LineString", "coordinates": [ [ 92.050299886563522, 21.199254542926244 ], [ 92.035850470477385, 21.199418137676329 ] ] } },
{ "type": "Feature", "properties": { "transect_id": 648 }, "geometry": { "type": "LineString", "coordinates": [ [ 92.050294049661431, 21.19880285851432 ], [ 92.035844677545967, 21.198966454438839 ] ] } },
{ "type": "Feature", "properties": { "transect_id": 649 }, "geometry": { "type": "LineString", "coordinates": [ [ 92.050288212736163, 21.198351174079722 ], [ 92.035838884590206, 21.198514771178726 ] ] } },
{ "type": "Feature", "properties": { "transect_id": 650 }, "geometry": { "type": "LineString", "coordinates": [ [ 92.050282375787717, 21.197899489622472 ], [ 92.035833091610101, 21.198063087895935 ] ] } },
{ "type": "Feature", "properties": { "transect_id": 651 }, "geometry": { "type": "LineString", "coordinates": [ [ 92.050276538816092, 21.197447805142549 ], [ 92.035827298605668, 21.197611404590525 ] ] } },
{ "type": "Feature", "properties": { "transect_id": 652 }, "geometry": { "type": "LineString", "coordinates": [ [ 92.05027070182129, 21.196996120639966 ], [ 92.035821505576877, 21.197159721262491 ] ] } },
{ "type": "Feature", "properties": { "transect_id": 653 }, "geometry": { "type": "LineString", "coordinates": [ [ 92.050264864803296, 21.196544436114717 ], [ 92.035815712523757, 21.196708037911776 ] ] } },
{ "type": "Feature", "properties": { "transect_id": 654 }, "geometry": { "type": "LineString", "coordinates": [ [ 92.050259027762124, 21.196092751566816 ], [ 92.035809919446294, 21.196256354538445 ] ] } },
{ "type": "Feature", "properties": { "transect_id": 655 }, "geometry": { "type": "LineString", "coordinates": [ [ 92.050253190697774, 21.195641066996245 ], [ 92.035804126344473, 21.195804671142483 ] ] } },
{ "type": "Feature", "properties": { "transect_id": 656 }, "geometry": { "type": "LineString", "coordinates": [ [ 92.050247353610217, 21.195189382403012 ], [ 92.035798333218324, 21.195352987723883 ] ] } },
{ "type": "Feature", "properties": { "transect_id": 657 }, "geometry": { "type": "LineString", "coordinates": [ [ 92.050241516499483, 21.194737697787129 ], [ 92.035792540067831, 21.194901304282624 ] ] } },
{ "type": "Feature", "properties": { "transect_id": 658 }, "geometry": { "type": "LineString", "coordinates": [ [ 92.050235679365571, 21.19428601314857 ], [ 92.035786746892981, 21.194449620818741 ] ] } },
{ "type": "Feature", "properties": { "transect_id": 659 }, "geometry": { "type": "LineString", "coordinates": [ [ 92.050229842208466, 21.193834328487355 ], [ 92.035780953693774, 21.193997937332234 ] ] } },
{ "type": "Feature", "properties": { "transect_id": 660 }, "geometry": { "type": "LineString", "coordinates": [ [ 92.050224005028156, 21.193382643803485 ], [ 92.035775160470223, 21.193546253823055 ] ] } },
{ "type": "Feature", "properties": { "transect_id": 661 }, "geometry": { "type": "LineString", "coordinates": [ [ 92.050218167824667, 21.192930959096955 ], [ 92.035770813357175, 21.193183212126886 ] ] } },
{ "type": "Feature", "properties": { "transect_id": 662 }, "geometry": { "type": "LineString", "coordinates": [ [ 92.050198147664773, 21.192479740666975 ], [ 92.035772538527638, 21.193264206462583 ] ] } },
{ "type": "Feature", "properties": { "transect_id": 663 }, "geometry": { "type": "LineString", "coordinates": [ [ 92.050170243538361, 21.192028781422792 ], [ 92.035744678235943, 21.192813246531898 ] ] } },
{ "type": "Feature", "properties": { "transect_id": 664 }, "geometry": { "type": "LineString", "coordinates": [ [ 92.050142339522978, 21.19157782215666 ], [ 92.035716818054169, 21.192362286579336 ] ] } },
{ "type": "Feature", "properties": { "transect_id": 665 }, "geometry": { "type": "LineString", "coordinates": [ [ 92.050114435618653, 21.191126862868568 ], [ 92.035688957982273, 21.191911326604941 ] ] } },
{ "type": "Feature", "properties": { "transect_id": 666 }, "geometry": { "type": "LineString", "coordinates": [ [ 92.050086531825372, 21.190675903558535 ], [ 92.035661098020284, 21.19146036660873 ] ] } },
{ "type": "Feature", "properties": { "transect_id": 667 }, "geometry": { "type": "LineString", "coordinates": [ [ 92.050058628143105, 21.190224944226539 ], [ 92.035633238168174, 21.191009406590627 ] ] } },
{ "type": "Feature", "properties": { "transect_id": 668 }, "geometry": { "type": "LineString", "coordinates": [ [ 92.050030724571855, 21.189773984872588 ], [ 92.035605378425956, 21.190558446550732 ] ] } },
{ "type": "Feature", "properties": { "transect_id": 669 }, "geometry": { "type": "LineString", "coordinates": [ [ 92.050002821111633, 21.189323025496691 ], [ 92.035577518793602, 21.190107486488952 ] ] } },
{ "type": "Feature", "properties": { "transect_id": 670 }, "geometry": { "type": "LineString", "coordinates": [ [ 92.049974917762427, 21.188872066098835 ], [ 92.035549659271126, 21.189656526405358 ] ] } },
{ "type": "Feature", "properties": { "transect_id": 671 }, "geometry": { "type": "LineString", "coordinates": [ [ 92.049947014524207, 21.188421106679044 ], [ 92.035521799858486, 21.189205566299929 ] ] } },
{ "type": "Feature", "properties": { "transect_id": 672 }, "geometry": { "type": "LineString", "coordinates": [ [ 92.049919111397003, 21.187970147237294 ], [ 92.035493940555725, 21.188754606172626 ] ] } },
{ "type": "Feature", "properties": { "transect_id": 673 }, "geometry": { "type": "LineString", "coordinates": [ [ 92.049891208380785, 21.187519187773603 ], [ 92.035466081362799, 21.188303646023524 ] ] } },
{ "type": "Feature", "properties": { "transect_id": 674 }, "geometry": { "type": "LineString", "coordinates": [ [ 92.049863305475554, 21.187068228287952 ], [ 92.035438222279723, 21.187852685852576 ] ] } },
{ "type": "Feature", "properties": { "transect_id": 675 }, "geometry": { "type": "LineString", "coordinates": [ [ 92.049835402681296, 21.186617268780374 ], [ 92.035410363306468, 21.187401725659786 ] ] } },
{ "type": "Feature", "properties": { "transect_id": 676 }, "geometry": { "type": "LineString", "coordinates": [ [ 92.04980749999801, 21.186166309250837 ], [ 92.035382504443049, 21.186950765445147 ] ] } },
{ "type": "Feature", "properties": { "transect_id": 677 }, "geometry": { "type": "LineString", "coordinates": [ [ 92.049808578407692, 21.185716415006461 ], [ 92.035431179247638, 21.18436826616518 ] ] } },
{ "type": "Feature", "properties": { "transect_id": 678 }, "geometry": { "type": "LineString", "coordinates": [ [ 92.049884486105569, 21.185270455677326 ], [ 92.035744296175039, 21.182483864698277 ] ] } },
{ "type": "Feature", "properties": { "transect_id": 679 }, "geometry": { "type": "LineString", "coordinates": [ [ 92.050019677378131, 21.184838156595745 ], [ 92.03643569343852, 21.180220095892231 ] ] } },
{ "type": "Feature", "properties": { "transect_id": 680 }, "geometry": { "type": "LineString", "coordinates": [ [ 92.050192947988663, 21.184416752429257 ], [ 92.036760505789658, 21.17942409686064 ] ] } },
{ "type": "Feature", "properties": { "transect_id": 681 }, "geometry": { "type": "LineString", "coordinates": [ [ 92.050380867342326, 21.184000992650237 ], [ 92.03722536626853, 21.178397211816101 ] ] } },
{ "type": "Feature", "properties": { "transect_id": 682 }, "geometry": { "type": "LineString", "coordinates": [ [ 92.050580728339071, 21.18359000246172 ], [ 92.03743503294929, 21.177966090261908 ] ] } },
{ "type": "Feature", "properties": { "transect_id": 683 }, "geometry": { "type": "LineString", "coordinates": [ [ 92.050780588192367, 21.183179011975636 ], [ 92.037634920238304, 21.177555116140056 ] ] } },
{ "type": "Feature", "properties": { "transect_id": 684 }, "geometry": { "type": "LineString", "coordinates": [ [ 92.050980446902258, 21.18276802119199 ], [ 92.0378348063836, 21.177144141720046 ] ] } },
{ "type": "Feature", "properties": { "transect_id": 685 }, "geometry": { "type": "LineString", "coordinates": [ [ 92.051180304468744, 21.182357030110794 ], [ 92.038034691385178, 21.176733167001938 ] ] } },
{ "type": "Feature", "properties": { "transect_id": 686 }, "geometry": { "type": "LineString", "coordinates": [ [ 92.051380160891924, 21.181946038732075 ], [ 92.038234575243109, 21.176322191985697 ] ] } },
{ "type": "Feature", "properties": { "transect_id": 687 }, "geometry": { "type": "LineString", "coordinates": [ [ 92.051580016171783, 21.181535047055839 ], [ 92.038434457957408, 21.175911216671395 ] ] } },
{ "type": "Feature", "properties": { "transect_id": 688 }, "geometry": { "type": "LineString", "coordinates": [ [ 92.05177987030838, 21.181124055082101 ], [ 92.038634339528159, 21.175500241058931 ] ] } },
{ "type": "Feature", "properties": { "transect_id": 689 }, "geometry": { "type": "LineString", "coordinates": [ [ 92.051979723301741, 21.180713062810881 ], [ 92.038834219955362, 21.175089265148433 ] ] } },
{ "type": "Feature", "properties": { "transect_id": 690 }, "geometry": { "type": "LineString", "coordinates": [ [ 92.052179575151925, 21.180302070242192 ], [ 92.039034099239032, 21.174678288939898 ] ] } },
{ "type": "Feature", "properties": { "transect_id": 691 }, "geometry": { "type": "LineString", "coordinates": [ [ 92.052379425858959, 21.179891077376045 ], [ 92.03923397737924, 21.174267312433308 ] ] } },
{ "type": "Feature", "properties": { "transect_id": 692 }, "geometry": { "type": "LineString", "coordinates": [ [ 92.052579275422872, 21.179480084212461 ], [ 92.039433854376014, 21.173856335628678 ] ] } },
{ "type": "Feature", "properties": { "transect_id": 693 }, "geometry": { "type": "LineString", "coordinates": [ [ 92.052779123843706, 21.179069090751454 ], [ 92.039633730229383, 21.173445358526077 ] ] } },
{ "type": "Feature", "properties": { "transect_id": 694 }, "geometry": { "type": "LineString", "coordinates": [ [ 92.05297897112149, 21.178658096993043 ], [ 92.039833604939417, 21.173034381125461 ] ] } },
{ "type": "Feature", "properties": { "transect_id": 695 }, "geometry": { "type": "LineString", "coordinates": [ [ 92.053178817256281, 21.178247102937231 ], [ 92.040033478506089, 21.172623403426908 ] ] } },
{ "type": "Feature", "properties": { "transect_id": 696 }, "geometry": { "type": "LineString", "coordinates": [ [ 92.053378662248093, 21.177836108584049 ], [ 92.040233350929512, 21.172212425430327 ] ] } },
{ "type": "Feature", "properties": { "transect_id": 697 }, "geometry": { "type": "LineString", "coordinates": [ [ 92.053578506096983, 21.177425113933502 ], [ 92.040433222209685, 21.171801447135813 ] ] } },
{ "type": "Feature", "properties": { "transect_id": 698 }, "geometry": { "type": "LineString", "coordinates": [ [ 92.053778348802993, 21.17701411898561 ], [ 92.040633092346624, 21.171390468543397 ] ] } },
{ "type": "Feature", "properties": { "transect_id": 699 }, "geometry": { "type": "LineString", "coordinates": [ [ 92.053978190366124, 21.176603123740389 ], [ 92.040832961340413, 21.170979489653057 ] ] } },
{ "type": "Feature", "properties": { "transect_id": 700 }, "geometry": { "type": "LineString", "coordinates": [ [ 92.054178030786446, 21.17619212819784 ], [ 92.041062946372634, 21.170506989074912 ] ] } },
{ "type": "Feature", "properties": { "transect_id": 701 }, "geometry": { "type": "LineString", "coordinates": [ [ 92.054382569846211, 21.175783173447915 ], [ 92.041307319875102, 21.170017953625592 ] ] } },
{ "type": "Feature", "properties": { "transect_id": 702 }, "geometry": { "type": "LineString", "coordinates": [ [ 92.05458744113109, 21.175374363177024 ], [ 92.041512217792643, 21.169609159979938 ] ] } },
{ "type": "Feature", "properties": { "transect_id": 703 }, "geometry": { "type": "LineString", "coordinates": [ [ 92.054792311252484, 21.174965552596209 ], [ 92.041717114546486, 21.169200366023659 ] ] } },
{ "type": "Feature", "properties": { "transect_id": 704 }, "geometry": { "type": "LineString", "coordinates": [ [ 92.054997180210435, 21.174556741705494 ], [ 92.041922010136574, 21.168791571756984 ] ] } },
{ "type": "Feature", "properties": { "transect_id": 705 }, "geometry": { "type": "LineString", "coordinates": [ [ 92.055202048004986, 21.174147930504873 ], [ 92.04212690456302, 21.168382777179726 ] ] } },
{ "type": "Feature", "properties": { "transect_id": 706 }, "geometry": { "type": "LineString", "coordinates": [ [ 92.05540691463618, 21.17373911899438 ], [ 92.042331797825767, 21.167973982292082 ] ] } },
{ "type": "Feature", "properties": { "transect_id": 707 }, "geometry": { "type": "LineString", "coordinates": [ [ 92.055611780104059, 21.17333030717403 ], [ 92.042536689924972, 21.167565187093928 ] ] } },
{ "type": "Feature", "properties": { "transect_id": 708 }, "geometry": { "type": "LineString", "coordinates": [ [ 92.055816644408623, 21.172921495043827 ], [ 92.04274158086055, 21.167156391585415 ] ] } },
{ "type": "Feature", "properties": { "transect_id": 709 }, "geometry": { "type": "LineString", "coordinates": [ [ 92.056021507549971, 21.172512682603802 ], [ 92.042946470632657, 21.166747595766388 ] ] } },
{ "type": "Feature", "properties": { "transect_id": 710 }, "geometry": { "type": "LineString", "coordinates": [ [ 92.05622636952809, 21.172103869853952 ], [ 92.04315135924125, 21.16633879963701 ] ] } },
{ "type": "Feature", "properties": { "transect_id": 711 }, "geometry": { "type": "LineString", "coordinates": [ [ 92.056431230343037, 21.171695056794317 ], [ 92.043356246686372, 21.165930003197296 ] ] } },
{ "type": "Feature", "properties": { "transect_id": 712 }, "geometry": { "type": "LineString", "coordinates": [ [ 92.056636089994825, 21.171286243424891 ], [ 92.043561132968108, 21.165521206447092 ] ] } },
{ "type": "Feature", "properties": { "transect_id": 713 }, "geometry": { "type": "LineString", "coordinates": [ [ 92.05684094848354, 21.170877429745708 ], [ 92.043766018086416, 21.165112409386669 ] ] } },
{ "type": "Feature", "properties": { "transect_id": 714 }, "geometry": { "type": "LineString", "coordinates": [ [ 92.057045805809182, 21.170468615756764 ], [ 92.043970902041437, 21.164703612015789 ] ] } },
{ "type": "Feature", "properties": { "transect_id": 715 }, "geometry": { "type": "LineString", "coordinates": [ [ 92.057250661971807, 21.170059801458105 ], [ 92.044175784833101, 21.164294814334689 ] ] } },
{ "type": "Feature", "properties": { "transect_id": 716 }, "geometry": { "type": "LineString", "coordinates": [ [ 92.05745551697143, 21.169650986849714 ], [ 92.044380666461564, 21.163886016343181 ] ] } },
{ "type": "Feature", "properties": { "transect_id": 717 }, "geometry": { "type": "LineString", "coordinates": [ [ 92.057660370808108, 21.169242171931625 ], [ 92.044596001210195, 21.163456404432242 ] ] } },
{ "type": "Feature", "properties": { "transect_id": 718 }, "geometry": { "type": "LineString", "coordinates": [ [ 92.057877752677328, 21.168839279331067 ], [ 92.045159761305229, 21.162410345588633 ] ] } },
{ "type": "Feature", "properties": { "transect_id": 719 }, "geometry": { "type": "LineString", "coordinates": [ [ 92.058106201702486, 21.168441618467213 ], [ 92.045388232976478, 21.162012702512865 ] ] } },
{ "type": "Feature", "properties": { "transect_id": 720 }, "geometry": { "type": "LineString", "coordinates": [ [ 92.058334649474517, 21.168043957230733 ], [ 92.045616703394444, 21.16161505906398 ] ] } },
{ "type": "Feature", "properties": { "transect_id": 721 }, "geometry": { "type": "LineString", "coordinates": [ [ 92.058563095993463, 21.16764629562164 ], [ 92.045845172559254, 21.161217415241843 ] ] } },
{ "type": "Feature", "properties": { "transect_id": 722 }, "geometry": { "type": "LineString", "coordinates": [ [ 92.058791541259367, 21.167248633639961 ], [ 92.046578210049745, 21.160009986864129 ] ] } },
{ "type": "Feature", "properties": { "transect_id": 723 }, "geometry": { "type": "LineString", "coordinates": [ [ 92.059087182060637, 21.166893495831179 ], [ 92.047971151818089, 21.158237811260918 ] ] } },
{ "type": "Feature", "properties": { "transect_id": 724 }, "geometry": { "type": "LineString", "coordinates": [ [ 92.059394763351364, 21.166545914692712 ], [ 92.048278739455341, 21.157890250288052 ] ] } },
{ "type": "Feature", "properties": { "transect_id": 725 }, "geometry": { "type": "LineString", "coordinates": [ [ 92.059702343194488, 21.166198332927191 ], [ 92.048586325645545, 21.157542688687688 ] ] } },
{ "type": "Feature", "properties": { "transect_id": 726 }, "geometry": { "type": "LineString", "coordinates": [ [ 92.060009921590037, 21.165850750534659 ], [ 92.048893910388756, 21.157195126459854 ] ] } },
{ "type": "Feature", "properties": { "transect_id": 727 }, "geometry": { "type": "LineString", "coordinates": [ [ 92.060317498538041, 21.16550316751513 ], [ 92.049201493685004, 21.156847563604526 ] ] } },
{ "type": "Feature", "properties": { "transect_id": 728 }, "geometry": { "type": "LineString", "coordinates": [ [ 92.060625074038555, 21.165155583868653 ], [ 92.049509075534317, 21.156500000121792 ] ] } },
{ "type": "Feature", "properties": { "transect_id": 729 }, "geometry": { "type": "LineString", "coordinates": [ [ 92.060932648091594, 21.164807999595254 ], [ 92.049816655936723, 21.156152436011681 ] ] } },
{ "type": "Feature", "properties": { "transect_id": 730 }, "geometry": { "type": "LineString", "coordinates": [ [ 92.061240220697186, 21.16446041469495 ], [ 92.050124234892266, 21.155804871274182 ] ] } },
{ "type": "Feature", "properties": { "transect_id": 731 }, "geometry": { "type": "LineString", "coordinates": [ [ 92.061547791855389, 21.164112829167781 ], [ 92.050431812400973, 21.155457305909358 ] ] } },
{ "type": "Feature", "properties": { "transect_id": 732 }, "geometry": { "type": "LineString", "coordinates": [ [ 92.061855361566217, 21.163765243013774 ], [ 92.05073938846283, 21.1551097399173 ] ] } },
{ "type": "Feature", "properties": { "transect_id": 733 }, "geometry": { "type": "LineString", "coordinates": [ [ 92.062162929829697, 21.163417656232966 ], [ 92.051046963078036, 21.154762173297829 ] ] } },
{ "type": "Feature", "properties": { "transect_id": 734 }, "geometry": { "type": "LineString", "coordinates": [ [ 92.062470496645886, 21.16307006882538 ], [ 92.051354536246464, 21.154414606051184 ] ] } },
{ "type": "Feature", "properties": { "transect_id": 735 }, "geometry": { "type": "LineString", "coordinates": [ [ 92.0627780620148, 21.16272248079105 ], [ 92.05166210796817, 21.154067038177338 ] ] } },
{ "type": "Feature", "properties": { "transect_id": 736 }, "geometry": { "type": "LineString", "coordinates": [ [ 92.06308562593648, 21.162374892130003 ], [ 92.051969678243253, 21.153719469676279 ] ] } },
{ "type": "Feature", "properties": { "transect_id": 737 }, "geometry": { "type": "LineString", "coordinates": [ [ 92.063393188410956, 21.162027302842276 ], [ 92.052277247071672, 21.153371900548088 ] ] } },
{ "type": "Feature", "properties": { "transect_id": 738 }, "geometry": { "type": "LineString", "coordinates": [ [ 92.063700749438254, 21.161679712927882 ], [ 92.052584814453496, 21.153024330792771 ] ] } },
{ "type": "Feature", "properties": { "transect_id": 739 }, "geometry": { "type": "LineString", "coordinates": [ [ 92.064008309018419, 21.161332122386874 ], [ 92.052892380388769, 21.152676760410348 ] ] } },
{ "type": "Feature", "properties": { "transect_id": 740 }, "geometry": { "type": "LineString", "coordinates": [ [ 92.064315867151493, 21.16098453121927 ], [ 92.053199944877505, 21.152329189400881 ] ] } },
{ "type": "Feature", "properties": { "transect_id": 741 }, "geometry": { "type": "LineString", "coordinates": [ [ 92.064623423837489, 21.1606369394251 ], [ 92.053507507919733, 21.151981617764385 ] ] } },
{ "type": "Feature", "properties": { "transect_id": 742 }, "geometry": { "type": "LineString", "coordinates": [ [ 92.064930979076465, 21.160289347004394 ], [ 92.053815069515522, 21.151634045500867 ] ] } },
{ "type": "Feature", "properties": { "transect_id": 743 }, "geometry": { "type": "LineString", "coordinates": [ [ 92.06523853286842, 21.159941753957192 ], [ 92.054122629664818, 21.151286472610451 ] ] } },
{ "type": "Feature", "properties": { "transect_id": 744 }, "geometry": { "type": "LineString", "coordinates": [ [ 92.065546085213413, 21.159594160283515 ], [ 92.054430188367817, 21.150938899092981 ] ] } },
{ "type": "Feature", "properties": { "transect_id": 745 }, "geometry": { "type": "LineString", "coordinates": [ [ 92.06585363611147, 21.159246565983395 ], [ 92.054737745624422, 21.150591324948635 ] ] } },
{ "type": "Feature", "properties": { "transect_id": 746 }, "geometry": { "type": "LineString", "coordinates": [ [ 92.066161185562635, 21.158898971056857 ], [ 92.055045301434674, 21.150243750177424 ] ] } },
{ "type": "Feature", "properties": { "transect_id": 747 }, "geometry": { "type": "LineString", "coordinates": [ [ 92.066468733566936, 21.158551375503929 ], [ 92.055352855798645, 21.149896174779371 ] ] } },
{ "type": "Feature", "properties": { "transect_id": 748 }, "geometry": { "type": "LineString", "coordinates": [ [ 92.066776280124387, 21.158203779324658 ], [ 92.055660408716349, 21.149548598754482 ] ] } },
{ "type": "Feature", "properties": { "transect_id": 749 }, "geometry": { "type": "LineString", "coordinates": [ [ 92.067083825235059, 21.157856182519069 ], [ 92.055967960187843, 21.149201022102805 ] ] } },
{ "type": "Feature", "properties": { "transect_id": 750 }, "geometry": { "type": "LineString", "coordinates": [ [ 92.067381953407164, 21.157501623888272 ], [ 92.055817400522571, 21.149380268984487 ] ] } },
{ "type": "Feature", "properties": { "transect_id": 751 }, "geometry": { "type": "LineString", "coordinates": [ [ 92.067670383582907, 21.15713989567092 ], [ 92.056102626067357, 21.149022591104053 ] ] } },
{ "type": "Feature", "properties": { "transect_id": 752 }, "geometry": { "type": "LineString", "coordinates": [ [ 92.067958812340777, 21.156778166894767 ], [ 92.056391065533376, 21.148660882164304 ] ] } },
{ "type": "Feature", "properties": { "transect_id": 753 }, "geometry": { "type": "LineString", "coordinates": [ [ 92.068247239680844, 21.156416437559844 ], [ 92.056679503581975, 21.148299172665254 ] ] } },
{ "type": "Feature", "properties": { "transect_id": 754 }, "geometry": { "type": "LineString", "coordinates": [ [ 92.068535665603093, 21.156054707666168 ], [ 92.056967940213212, 21.14793746260694 ] ] } },
{ "type": "Feature", "properties": { "transect_id": 755 }, "geometry": { "type": "LineString", "coordinates": [ [ 92.068824090107583, 21.155692977213771 ], [ 92.057256375427102, 21.14757575198939 ] ] } },
{ "type": "Feature", "properties": { "transect_id": 756 }, "geometry": { "type": "LineString", "coordinates": [ [ 92.069112513194383, 21.155331246202685 ], [ 92.057544809223671, 21.147214040812617 ] ] } },
{ "type": "Feature", "properties": { "transect_id": 757 }, "geometry": { "type": "LineString", "coordinates": [ [ 92.069400934863467, 21.154969514632938 ], [ 92.057833241602992, 21.146852329076658 ] ] } },
{ "type": "Feature", "properties": { "transect_id": 758 }, "geometry": { "type": "LineString", "coordinates": [ [ 92.069689355114932, 21.154607782504556 ], [ 92.058121672565065, 21.146490616781541 ] ] } },
{ "type": "Feature", "properties": { "transect_id": 759 }, "geometry": { "type": "LineString", "coordinates": [ [ 92.069977773948764, 21.154246049817566 ], [ 92.05841010210996, 21.146128903927281 ] ] } },
{ "type": "Feature", "properties": { "transect_id": 760 }, "geometry": { "type": "LineString", "coordinates": [ [ 92.070266191365036, 21.153884316571986 ], [ 92.058698530237663, 21.145767190513951 ] ] } },
{ "type": "Feature", "properties": { "transect_id": 761 }, "geometry": { "type": "LineString", "coordinates": [ [ 92.070554607363775, 21.153522582767867 ], [ 92.05898695694826, 21.145405476541516 ] ] } },
{ "type": "Feature", "properties": { "transect_id": 762 }, "geometry": { "type": "LineString", "coordinates": [ [ 92.070843021944995, 21.153160848405221 ], [ 92.059275382241765, 21.14504376201004 ] ] } },
{ "type": "Feature", "properties": { "transect_id": 763 }, "geometry": { "type": "LineString", "coordinates": [ [ 92.071131435108754, 21.152799113484072 ], [ 92.059563806118177, 21.144682046919602 ] ] } },
{ "type": "Feature", "properties": { "transect_id": 764 }, "geometry": { "type": "LineString", "coordinates": [ [ 92.071419846855079, 21.152437378004453 ], [ 92.059852228577654, 21.144320331270055 ] ] } },
{ "type": "Feature", "properties": { "transect_id": 765 }, "geometry": { "type": "LineString", "coordinates": [ [ 92.071708257184028, 21.152075641966402 ], [ 92.060140649620109, 21.143958615061603 ] ] } },
{ "type": "Feature", "properties": { "transect_id": 766 }, "geometry": { "type": "LineString", "coordinates": [ [ 92.0719966660956, 21.151713905369927 ], [ 92.060429069245615, 21.143596898294213 ] ] } },
{ "type": "Feature", "properties": { "transect_id": 767 }, "geometry": { "type": "LineString", "coordinates": [ [ 92.072285073589853, 21.15135216821507 ], [ 92.060717487454212, 21.143235180967913 ] ] } },
{ "type": "Feature", "properties": { "transect_id": 768 }, "geometry": { "type": "LineString", "coordinates": [ [ 92.072573479666829, 21.150990430501853 ], [ 92.061005904245931, 21.142873463082729 ] ] } },
{ "type": "Feature", "properties": { "transect_id": 769 }, "geometry": { "type": "LineString", "coordinates": [ [ 92.072861884326556, 21.150628692230306 ], [ 92.061294319620842, 21.142511744638693 ] ] } },
{ "type": "Feature", "properties": { "transect_id": 770 }, "geometry": { "type": "LineString", "coordinates": [ [ 92.07315028756905, 21.15026695340045 ], [ 92.061582733578916, 21.142150025635832 ] ] } },
{ "type": "Feature", "properties": { "transect_id": 771 }, "geometry": { "type": "LineString", "coordinates": [ [ 92.073438689394379, 21.149905214012321 ], [ 92.062067518062875, 21.141547677330426 ] ] } },
{ "type": "Feature", "properties": { "transect_id": 772 }, "geometry": { "type": "LineString", "coordinates": [ [ 92.073744311767271, 21.149556149725157 ], [ 92.062588714207308, 21.140946755680449 ] ] } },
{ "type": "Feature", "properties": { "transect_id": 773 }, "geometry": { "type": "LineString", "coordinates": [ [ 92.074050211706293, 21.149207290174772 ], [ 92.062894620895847, 21.140597916253398 ] ] } },
{ "type": "Feature", "properties": { "transect_id": 774 }, "geometry": { "type": "LineString", "coordinates": [ [ 92.074356110201251, 21.14885843000463 ], [ 92.063200526140903, 21.140249076206111 ] ] } },
{ "type": "Feature", "properties": { "transect_id": 775 }, "geometry": { "type": "LineString", "coordinates": [ [ 92.074662007252215, 21.14850956921476 ], [ 92.063506429942507, 21.139900235538622 ] ] } },
{ "type": "Feature", "properties": { "transect_id": 776 }, "geometry": { "type": "LineString", "coordinates": [ [ 92.074967902859214, 21.148160707805186 ], [ 92.063812332300699, 21.139551394250969 ] ] } },
{ "type": "Feature", "properties": { "transect_id": 777 }, "geometry": { "type": "LineString", "coordinates": [ [ 92.075273797022277, 21.147811845775944 ], [ 92.064118233215524, 21.139202552343157 ] ] } },
{ "type": "Feature", "properties": { "transect_id": 778 }, "geometry": { "type": "LineString", "coordinates": [ [ 92.075579689741431, 21.147462983127063 ], [ 92.064424132687009, 21.138853709815233 ] ] } },
{ "type": "Feature", "properties": { "transect_id": 779 }, "geometry": { "type": "LineString", "coordinates": [ [ 92.075885581016735, 21.147114119858568 ], [ 92.064730030715168, 21.138504866667237 ] ] } },
{ "type": "Feature", "properties": { "transect_id": 780 }, "geometry": { "type": "LineString", "coordinates": [ [ 92.076191470848187, 21.1467652559705 ], [ 92.065035927300059, 21.138156022899182 ] ] } },
{ "type": "Feature", "properties": { "transect_id": 781 }, "geometry": { "type": "LineString", "coordinates": [ [ 92.07649735923583, 21.146416391462875 ], [ 92.065341822441695, 21.1378071785111 ] ] } },
{ "type": "Feature", "properties": { "transect_id": 782 }, "geometry": { "type": "LineString", "coordinates": [ [ 92.076803246179722, 21.146067526335731 ], [ 92.065647716140148, 21.137458333503023 ] ] } },
{ "type": "Feature", "properties": { "transect_id": 783 }, "geometry": { "type": "LineString", "coordinates": [ [ 92.077109131679876, 21.145718660589104 ], [ 92.065953608395404, 21.137109487874994 ] ] } },
{ "type": "Feature", "properties": { "transect_id": 784 }, "geometry": { "type": "LineString", "coordinates": [ [ 92.077415015736321, 21.145369794223004 ], [ 92.066259499207462, 21.136760641627088 ] ] } },
{ "type": "Feature", "properties": { "transect_id": 785 }, "geometry": { "type": "LineString", "coordinates": [ [ 92.077720898349114, 21.145020927237486 ], [ 92.066565388576535, 21.136411794759152 ] ] } },
{ "type": "Feature", "properties": { "transect_id": 786 }, "geometry": { "type": "LineString", "coordinates": [ [ 92.078026779518268, 21.144672059632562 ], [ 92.066871276502482, 21.136062947271402 ] ] } },
{ "type": "Feature", "properties": { "transect_id": 787 }, "geometry": { "type": "LineString", "coordinates": [ [ 92.078332659243827, 21.144323191408269 ], [ 92.067177162985374, 21.13571409916381 ] ] } },
{ "type": "Feature", "properties": { "transect_id": 788 }, "geometry": { "type": "LineString", "coordinates": [ [ 92.078638537525819, 21.143974322564638 ], [ 92.067483048025281, 21.135365250436411 ] ] } },
{ "type": "Feature", "properties": { "transect_id": 789 }, "geometry": { "type": "LineString", "coordinates": [ [ 92.078944414364287, 21.143625453101691 ], [ 92.067788931622204, 21.135016401089221 ] ] } },
{ "type": "Feature", "properties": { "transect_id": 790 }, "geometry": { "type": "LineString", "coordinates": [ [ 92.079250289759258, 21.143276583019468 ], [ 92.068094813776199, 21.134667551122281 ] ] } },
{ "type": "Feature", "properties": { "transect_id": 791 }, "geometry": { "type": "LineString", "coordinates": [ [ 92.079556163710748, 21.142927712317999 ], [ 92.068400694487281, 21.134318700535623 ] ] } },
{ "type": "Feature", "properties": { "transect_id": 792 }, "geometry": { "type": "LineString", "coordinates": [ [ 92.079862036218827, 21.142578840997309 ], [ 92.068706573755478, 21.133969849329269 ] ] } },
{ "type": "Feature", "properties": { "transect_id": 793 }, "geometry": { "type": "LineString", "coordinates": [ [ 92.08016790728351, 21.142229969057425 ], [ 92.069012451580861, 21.13362099750324 ] ] } },
{ "type": "Feature", "properties": { "transect_id": 794 }, "geometry": { "type": "LineString", "coordinates": [ [ 92.080473776904824, 21.141881096498384 ], [ 92.06931832796343, 21.133272145057596 ] ] } },
{ "type": "Feature", "properties": { "transect_id": 795 }, "geometry": { "type": "LineString", "coordinates": [ [ 92.080779645082828, 21.141532223320215 ], [ 92.069624202903228, 21.132923291992334 ] ] } },
{ "type": "Feature", "properties": { "transect_id": 796 }, "geometry": { "type": "LineString", "coordinates": [ [ 92.08108551181752, 21.14118334952294 ], [ 92.069930076400297, 21.132574438307504 ] ] } },
{ "type": "Feature", "properties": { "transect_id": 797 }, "geometry": { "type": "LineString", "coordinates": [ [ 92.081391377108957, 21.140834475106594 ], [ 92.070235948454666, 21.132225584003127 ] ] } },
{ "type": "Feature", "properties": { "transect_id": 798 }, "geometry": { "type": "LineString", "coordinates": [ [ 92.081697240957169, 21.140485600071209 ], [ 92.070541819066364, 21.131876729079238 ] ] } },
{ "type": "Feature", "properties": { "transect_id": 799 }, "geometry": { "type": "LineString", "coordinates": [ [ 92.082003103362197, 21.140136724416823 ], [ 92.070847688235432, 21.131527873535877 ] ] } },
{ "type": "Feature", "properties": { "transect_id": 800 }, "geometry": { "type": "LineString", "coordinates": [ [ 92.082308964324042, 21.139787848143442 ], [ 92.071153555961871, 21.131179017373061 ] ] } },
{ "type": "Feature", "properties": { "transect_id": 801 }, "geometry": { "type": "LineString", "coordinates": [ [ 92.082614823842789, 21.139438971251128 ], [ 92.071459422245781, 21.130830160590804 ] ] } },
{ "type": "Feature", "properties": { "transect_id": 802 }, "geometry": { "type": "LineString", "coordinates": [ [ 92.082920681918438, 21.139090093739885 ], [ 92.071765287087146, 21.130481303189168 ] ] } },
{ "type": "Feature", "properties": { "transect_id": 803 }, "geometry": { "type": "LineString", "coordinates": [ [ 92.083226538551017, 21.138741215609752 ], [ 92.072071150486011, 21.130132445168158 ] ] } },
{ "type": "Feature", "properties": { "transect_id": 804 }, "geometry": { "type": "LineString", "coordinates": [ [ 92.083532393740583, 21.138392336860765 ], [ 92.072377012442416, 21.129783586527825 ] ] } },
{ "type": "Feature", "properties": { "transect_id": 805 }, "geometry": { "type": "LineString", "coordinates": [ [ 92.083838247487165, 21.138043457492945 ], [ 92.072682872956392, 21.12943472726819 ] ] } },
{ "type": "Feature", "properties": { "transect_id": 806 }, "geometry": { "type": "LineString", "coordinates": [ [ 92.084144099790777, 21.13769457750632 ], [ 92.072988732027966, 21.129085867389275 ] ] } },
{ "type": "Feature", "properties": { "transect_id": 807 }, "geometry": { "type": "LineString", "coordinates": [ [ 92.084449950651475, 21.137345696900933 ], [ 92.073294589657166, 21.128737006891122 ] ] } },
{ "type": "Feature", "properties": { "transect_id": 808 }, "geometry": { "type": "LineString", "coordinates": [ [ 92.084755800069289, 21.136996815676799 ], [ 92.073600445844036, 21.128388145773766 ] ] } },
{ "type": "Feature", "properties": { "transect_id": 809 }, "geometry": { "type": "LineString", "coordinates": [ [ 92.085061648044245, 21.136647933833967 ], [ 92.073906300588575, 21.128039284037261 ] ] } },
{ "type": "Feature", "properties": { "transect_id": 810 }, "geometry": { "type": "LineString", "coordinates": [ [ 92.085357799438796, 21.136292216711134 ], [ 92.073595564849853, 21.12842672611664 ] ] } },
{ "type": "Feature", "properties": { "transect_id": 811 }, "geometry": { "type": "LineString", "coordinates": [ [ 92.085629864665322, 21.135919520305215 ], [ 92.073713046480179, 21.128261620347338 ] ] } },
{ "type": "Feature", "properties": { "transect_id": 812 }, "geometry": { "type": "LineString", "coordinates": [ [ 92.085901928510793, 21.13554682339656 ], [ 92.073985124550802, 21.127888942829497 ] ] } },
{ "type": "Feature", "properties": { "transect_id": 813 }, "geometry": { "type": "LineString", "coordinates": [ [ 92.086173990975226, 21.135174125985174 ], [ 92.074257201240684, 21.127516264808357 ] ] } },
{ "type": "Feature", "properties": { "transect_id": 814 }, "geometry": { "type": "LineString", "coordinates": [ [ 92.08644605205869, 21.134801428071093 ], [ 92.074529276549853, 21.127143586283974 ] ] } },
{ "type": "Feature", "properties": { "transect_id": 815 }, "geometry": { "type": "LineString", "coordinates": [ [ 92.086718111761186, 21.134428729654342 ], [ 92.074801350478353, 21.126770907256372 ] ] } },
{ "type": "Feature", "properties": { "transect_id": 816 }, "geometry": { "type": "LineString", "coordinates": [ [ 92.086990170082785, 21.134056030734946 ], [ 92.075073423026211, 21.126398227725552 ] ] } },
{ "type": "Feature", "properties": { "transect_id": 817 }, "geometry": { "type": "LineString", "coordinates": [ [ 92.087262227023515, 21.13368333131293 ], [ 92.075345494193471, 21.126025547691558 ] ] } },
{ "type": "Feature", "properties": { "transect_id": 818 }, "geometry": { "type": "LineString", "coordinates": [ [ 92.087534282583405, 21.133310631388319 ], [ 92.07561756398016, 21.125652867154425 ] ] } },
{ "type": "Feature", "properties": { "transect_id": 819 }, "geometry": { "type": "LineString", "coordinates": [ [ 92.087806336762497, 21.132937930961145 ], [ 92.07588963238635, 21.12528018611415 ] ] } },
{ "type": "Feature", "properties": { "transect_id": 820 }, "geometry": { "type": "LineString", "coordinates": [ [ 92.08807838956082, 21.132565230031425 ], [ 92.076161699412026, 21.124907504570785 ] ] } },
{ "type": "Feature", "properties": { "transect_id": 821 }, "geometry": { "type": "LineString", "coordinates": [ [ 92.088350440978431, 21.132192528599187 ], [ 92.07643376505726, 21.124534822524353 ] ] } },
{ "type": "Feature", "properties": { "transect_id": 822 }, "geometry": { "type": "LineString", "coordinates": [ [ 92.088622491015343, 21.131819826664454 ], [ 92.076705829322094, 21.124162139974842 ] ] } },
{ "type": "Feature", "properties": { "transect_id": 823 }, "geometry": { "type": "LineString", "coordinates": [ [ 92.088894539671614, 21.131447124227257 ], [ 92.076977892206543, 21.123789456922324 ] ] } },
{ "type": "Feature", "properties": { "transect_id": 824 }, "geometry": { "type": "LineString", "coordinates": [ [ 92.089166586947272, 21.131074421287622 ], [ 92.077249953710648, 21.123416773366817 ] ] } },
{ "type": "Feature", "properties": { "transect_id": 825 }, "geometry": { "type": "LineString", "coordinates": [ [ 92.089438632842374, 21.130701717845565 ], [ 92.077522013834482, 21.123044089308323 ] ] } },
{ "type": "Feature", "properties": { "transect_id": 826 }, "geometry": { "type": "LineString", "coordinates": [ [ 92.089710677356905, 21.130329013901122 ], [ 92.077794072578044, 21.122671404746882 ] ] } },
{ "type": "Feature", "properties": { "transect_id": 827 }, "geometry": { "type": "LineString", "coordinates": [ [ 92.089982720490966, 21.129956309454307 ], [ 92.078066129941362, 21.122298719682536 ] ] } },
{ "type": "Feature", "properties": { "transect_id": 828 }, "geometry": { "type": "LineString", "coordinates": [ [ 92.090254762244555, 21.129583604505161 ], [ 92.078338185924522, 21.121926034115262 ] ] } },
{ "type": "Feature", "properties": { "transect_id": 829 }, "geometry": { "type": "LineString", "coordinates": [ [ 92.090526802617717, 21.129210899053696 ], [ 92.07861024052751, 21.12155334804514 ] ] } },
{ "type": "Feature", "properties": { "transect_id": 830 }, "geometry": { "type": "LineString", "coordinates": [ [ 92.090798841610507, 21.128838193099945 ], [ 92.078882293750397, 21.121180661472167 ] ] } },
{ "type": "Feature", "properties": { "transect_id": 831 }, "geometry": { "type": "LineString", "coordinates": [ [ 92.09107087922294, 21.128465486643933 ], [ 92.079154345593224, 21.120807974396367 ] ] } },
{ "type": "Feature", "properties": { "transect_id": 832 }, "geometry": { "type": "LineString", "coordinates": [ [ 92.091342915455058, 21.128092779685669 ], [ 92.079426396055979, 21.120435286817774 ] ] } },
{ "type": "Feature", "properties": { "transect_id": 833 }, "geometry": { "type": "LineString", "coordinates": [ [ 92.091614950306905, 21.127720072225205 ], [ 92.07969844513876, 21.120062598736421 ] ] } },
{ "type": "Feature", "properties": { "transect_id": 834 }, "geometry": { "type": "LineString", "coordinates": [ [ 92.091886983778508, 21.127347364262551 ], [ 92.079970492841568, 21.119689910152314 ] ] } },
{ "type": "Feature", "properties": { "transect_id": 835 }, "geometry": { "type": "LineString", "coordinates": [ [ 92.092165296277997, 21.126979292067553 ], [ 92.080964727223133, 21.118423273360609 ] ] } },
{ "type": "Feature", "properties": { "transect_id": 836 }, "geometry": { "type": "LineString", "coordinates": [ [ 92.092487370843997, 21.126643525985209 ], [ 92.081752156358519, 21.117577574756563 ] ] } },
{ "type": "Feature", "properties": { "transect_id": 837 }, "geometry": { "type": "LineString", "coordinates": [ [ 92.092809443953669, 21.126307759225011 ], [ 92.08207423237468, 21.117241828216859 ] ] } },
{ "type": "Feature", "properties": { "transect_id": 838 }, "geometry": { "type": "LineString", "coordinates": [ [ 92.093131515607055, 21.125971991786987 ], [ 92.082396306935181, 21.116906080998987 ] ] } },
{ "type": "Feature", "properties": { "transect_id": 839 }, "geometry": { "type": "LineString", "coordinates": [ [ 92.093453585804184, 21.125636223671183 ], [ 92.082718380040234, 21.116570333102789 ] ] } },
{ "type": "Feature", "properties": { "transect_id": 840 }, "geometry": { "type": "LineString", "coordinates": [ [ 92.093775654545084, 21.125300454877628 ], [ 92.083040451689683, 21.116234584528485 ] ] } },
{ "type": "Feature", "properties": { "transect_id": 841 }, "geometry": { "type": "LineString", "coordinates": [ [ 92.094097721829797, 21.124964685406354 ], [ 92.083362521883629, 21.115898835276059 ] ] } },
{ "type": "Feature", "properties": { "transect_id": 842 }, "geometry": { "type": "LineString", "coordinates": [ [ 92.094419787658353, 21.124628915257382 ], [ 92.083632070420876, 21.11561813779457 ] ] } },
{ "type": "Feature", "properties": { "transect_id": 843 }, "geometry": { "type": "LineString", "coordinates": [ [ 92.094729667029583, 21.124283416252872 ], [ 92.083474464549994, 21.115790968287023 ] ] } },
{ "type": "Feature", "properties": { "transect_id": 844 }, "geometry": { "type": "LineString", "coordinates": [ [ 92.095031359297664, 21.123931381416838 ], [ 92.083776164554095, 21.115438953484226 ] ] } },
{ "type": "Feature", "properties": { "transect_id": 845 }, "geometry": { "type": "LineString", "coordinates": [ [ 92.095333050129469, 21.123579345977841 ], [ 92.084077863122332, 21.115086938078111 ] ] } },
{ "type": "Feature", "properties": { "transect_id": 846 }, "geometry": { "type": "LineString", "coordinates": [ [ 92.095634739525011, 21.123227309935913 ], [ 92.084379560254888, 21.114734922068525 ] ] } },
{ "type": "Feature", "properties": { "transect_id": 847 }, "geometry": { "type": "LineString", "coordinates": [ [ 92.095936427484375, 21.122875273291093 ], [ 92.08468125595185, 21.114382905455471 ] ] } },
{ "type": "Feature", "properties": { "transect_id": 848 }, "geometry": { "type": "LineString", "coordinates": [ [ 92.096238114007576, 21.122523236043396 ], [ 92.084982950213046, 21.114030888239203 ] ] } },
{ "type": "Feature", "properties": { "transect_id": 849 }, "geometry": { "type": "LineString", "coordinates": [ [ 92.096539799094614, 21.122171198192856 ], [ 92.085284643038676, 21.113678870419538 ] ] } },
{ "type": "Feature", "properties": { "transect_id": 850 }, "geometry": { "type": "LineString", "coordinates": [ [ 92.096841482745575, 21.121819159739506 ], [ 92.085586334428811, 21.113326851996501 ] ] } },
{ "type": "Feature", "properties": { "transect_id": 851 }, "geometry": { "type": "LineString", "coordinates": [ [ 92.097143164960471, 21.121467120683374 ], [ 92.08588802438328, 21.112974832970338 ] ] } },
{ "type": "Feature", "properties": { "transect_id": 852 }, "geometry": { "type": "LineString", "coordinates": [ [ 92.097444845739332, 21.121115081024485 ], [ 92.086189712902282, 21.11262281334086 ] ] } },
{ "type": "Feature", "properties": { "transect_id": 853 }, "geometry": { "type": "LineString", "coordinates": [ [ 92.097746525082187, 21.120763040762871 ], [ 92.086491399985889, 21.112270793108102 ] ] } },
{ "type": "Feature", "properties": { "transect_id": 854 }, "geometry": { "type": "LineString", "coordinates": [ [ 92.098048202989077, 21.120410999898567 ], [ 92.086793085633929, 21.111918772272311 ] ] } },
{ "type": "Feature", "properties": { "transect_id": 855 }, "geometry": { "type": "LineString", "coordinates": [ [ 92.098349879460059, 21.120058958431596 ], [ 92.087094769846615, 21.111566750833294 ] ] } },
{ "type": "Feature", "properties": { "transect_id": 856 }, "geometry": { "type": "LineString", "coordinates": [ [ 92.09865155449512, 21.119706916361988 ], [ 92.087396452624006, 21.111214728791083 ] ] } },
{ "type": "Feature", "properties": { "transect_id": 857 }, "geometry": { "type": "LineString", "coordinates": [ [ 92.098953228094345, 21.11935487368978 ], [ 92.08769813396593, 21.110862706145923 ] ] } },
{ "type": "Feature", "properties": { "transect_id": 858 }, "geometry": { "type": "LineString", "coordinates": [ [ 92.099254900257733, 21.119002830414992 ], [ 92.087999813872614, 21.110510682897626 ] ] } },
{ "type": "Feature", "properties": { "transect_id": 859 }, "geometry": { "type": "LineString", "coordinates": [ [ 92.099556570985328, 21.118650786537646 ], [ 92.088301492344115, 21.110158659046224 ] ] } },
{ "type": "Feature", "properties": { "transect_id": 860 }, "geometry": { "type": "LineString", "coordinates": [ [ 92.099858240277172, 21.118298742057803 ], [ 92.088603169380235, 21.109806634591965 ] ] } },
{ "type": "Feature", "properties": { "transect_id": 861 }, "geometry": { "type": "LineString", "coordinates": [ [ 92.100159908133293, 21.117946696975459 ], [ 92.088904844981215, 21.109454609534655 ] ] } },
{ "type": "Feature", "properties": { "transect_id": 862 }, "geometry": { "type": "LineString", "coordinates": [ [ 92.100461574553734, 21.117594651290663 ], [ 92.089206519147055, 21.109102583874396 ] ] } },
{ "type": "Feature", "properties": { "transect_id": 863 }, "geometry": { "type": "LineString", "coordinates": [ [ 92.100763239538509, 21.117242605003426 ], [ 92.089508191877798, 21.108750557611177 ] ] } },
{ "type": "Feature", "properties": { "transect_id": 864 }, "geometry": { "type": "LineString", "coordinates": [ [ 92.101064903087675, 21.116890558113795 ], [ 92.089809863173343, 21.108398530745184 ] ] } },
{ "type": "Feature", "properties": { "transect_id": 865 }, "geometry": { "type": "LineString", "coordinates": [ [ 92.101366565201261, 21.11653851062179 ], [ 92.090111533033891, 21.10804650327626 ] ] } },
{ "type": "Feature", "properties": { "transect_id": 866 }, "geometry": { "type": "LineString", "coordinates": [ [ 92.10166822587928, 21.116186462527452 ], [ 92.090413201459455, 21.107694475204475 ] ] } },
{ "type": "Feature", "properties": { "transect_id": 867 }, "geometry": { "type": "LineString", "coordinates": [ [ 92.101969885121804, 21.1158344138308 ], [ 92.090714868449936, 21.107342446529991 ] ] } },
{ "type": "Feature", "properties": { "transect_id": 868 }, "geometry": { "type": "LineString", "coordinates": [ [ 92.102271542928833, 21.115482364531864 ], [ 92.091016534005504, 21.106990417252675 ] ] } },
{ "type": "Feature", "properties": { "transect_id": 869 }, "geometry": { "type": "LineString", "coordinates": [ [ 92.102573199300423, 21.115130314630672 ], [ 92.091318198126189, 21.106638387372584 ] ] } },
{ "type": "Feature", "properties": { "transect_id": 870 }, "geometry": { "type": "LineString", "coordinates": [ [ 92.102874854236589, 21.114778264127263 ], [ 92.091619860811889, 21.106286356889889 ] ] } },
{ "type": "Feature", "properties": { "transect_id": 871 }, "geometry": { "type": "LineString", "coordinates": [ [ 92.103176507737388, 21.114426213021662 ], [ 92.09192152206279, 21.105934325804451 ] ] } },
{ "type": "Feature", "properties": { "transect_id": 872 }, "geometry": { "type": "LineString", "coordinates": [ [ 92.103478159802833, 21.114074161313891 ], [ 92.092223181878921, 21.10558229411631 ] ] } },
{ "type": "Feature", "properties": { "transect_id": 873 }, "geometry": { "type": "LineString", "coordinates": [ [ 92.103779810432982, 21.113722109003994 ], [ 92.092524840260154, 21.105230261825668 ] ] } },
{ "type": "Feature", "properties": { "transect_id": 874 }, "geometry": { "type": "LineString", "coordinates": [ [ 92.104081459627849, 21.113370056091977 ], [ 92.092826497206701, 21.10487822893236 ] ] } },
{ "type": "Feature", "properties": { "transect_id": 875 }, "geometry": { "type": "LineString", "coordinates": [ [ 92.104383107387477, 21.113018002577899 ], [ 92.093128152718563, 21.104526195436449 ] ] } },
{ "type": "Feature", "properties": { "transect_id": 876 }, "geometry": { "type": "LineString", "coordinates": [ [ 92.104684753711894, 21.112665948461764 ], [ 92.093429806795669, 21.104174161338122 ] ] } },
{ "type": "Feature", "properties": { "transect_id": 877 }, "geometry": { "type": "LineString", "coordinates": [ [ 92.104986398601142, 21.112313893743622 ], [ 92.09373145943816, 21.103822126637212 ] ] } },
{ "type": "Feature", "properties": { "transect_id": 878 }, "geometry": { "type": "LineString", "coordinates": [ [ 92.10528804205525, 21.11196183842349 ], [ 92.094033110646038, 21.103470091333854 ] ] } },
{ "type": "Feature", "properties": { "transect_id": 879 }, "geometry": { "type": "LineString", "coordinates": [ [ 92.105589684074275, 21.111609782501397 ], [ 92.094334760419386, 21.103118055427984 ] ] } },
{ "type": "Feature", "properties": { "transect_id": 880 }, "geometry": { "type": "LineString", "coordinates": [ [ 92.105891324658202, 21.111257725977371 ], [ 92.094636408758106, 21.102766018919809 ] ] } },
{ "type": "Feature", "properties": { "transect_id": 881 }, "geometry": { "type": "LineString", "coordinates": [ [ 92.106192963807118, 21.110905668851458 ], [ 92.09493805566234, 21.1024139818092 ] ] } },
{ "type": "Feature", "properties": { "transect_id": 882 }, "geometry": { "type": "LineString", "coordinates": [ [ 92.106494601521021, 21.11055361112367 ], [ 92.095239701132158, 21.102061944096175 ] ] } },
{ "type": "Feature", "properties": { "transect_id": 883 }, "geometry": { "type": "LineString", "coordinates": [ [ 92.106796237799955, 21.110201552794035 ], [ 92.095541345167447, 21.101709905780933 ] ] } },
{ "type": "Feature", "properties": { "transect_id": 884 }, "geometry": { "type": "LineString", "coordinates": [ [ 92.107097872643976, 21.109849493862594 ], [ 92.09584298776835, 21.101357866863346 ] ] } },
{ "type": "Feature", "properties": { "transect_id": 885 }, "geometry": { "type": "LineString", "coordinates": [ [ 92.107399506053099, 21.109497434329381 ], [ 92.096144628934951, 21.101005827343425 ] ] } },
{ "type": "Feature", "properties": { "transect_id": 886 }, "geometry": { "type": "LineString", "coordinates": [ [ 92.107701138027352, 21.109145374194409 ], [ 92.096446268667108, 21.100653787221379 ] ] } },
{ "type": "Feature", "properties": { "transect_id": 887 }, "geometry": { "type": "LineString", "coordinates": [ [ 92.108002768566777, 21.108793313457706 ], [ 92.096747906964993, 21.100301746497077 ] ] } },
{ "type": "Feature", "properties": { "transect_id": 888 }, "geometry": { "type": "LineString", "coordinates": [ [ 92.108304397671404, 21.10844125211932 ], [ 92.097049543828689, 21.09994970517053 ] ] } },
{ "type": "Feature", "properties": { "transect_id": 889 }, "geometry": { "type": "LineString", "coordinates": [ [ 92.108606025341274, 21.108089190179275 ], [ 92.097351179258041, 21.099597663241948 ] ] } },
{ "type": "Feature", "properties": { "transect_id": 890 }, "geometry": { "type": "LineString", "coordinates": [ [ 92.108907651576416, 21.107737127637591 ], [ 92.09765281325322, 21.099245620711198 ] ] } },
{ "type": "Feature", "properties": { "transect_id": 891 }, "geometry": { "type": "LineString", "coordinates": [ [ 92.109209276376887, 21.107385064494295 ], [ 92.097954445814295, 21.098893577578291 ] ] } },
{ "type": "Feature", "properties": { "transect_id": 892 }, "geometry": { "type": "LineString", "coordinates": [ [ 92.109510899742688, 21.107033000749436 ], [ 92.098256076941169, 21.098541533843441 ] ] } },
{ "type": "Feature", "properties": { "transect_id": 893 }, "geometry": { "type": "LineString", "coordinates": [ [ 92.109812521673874, 21.106680936403027 ], [ 92.098557706633954, 21.098189489506506 ] ] } },
{ "type": "Feature", "properties": { "transect_id": 894 }, "geometry": { "type": "LineString", "coordinates": [ [ 92.11011414217046, 21.106328871455105 ], [ 92.098859334892737, 21.097837444567507 ] ] } },
{ "type": "Feature", "properties": { "transect_id": 895 }, "geometry": { "type": "LineString", "coordinates": [ [ 92.110415761232517, 21.105976805905694 ], [ 92.099160961717388, 21.097485399026638 ] ] } },
{ "type": "Feature", "properties": { "transect_id": 896 }, "geometry": { "type": "LineString", "coordinates": [ [ 92.110717378860031, 21.10562473975483 ], [ 92.099462587108093, 21.097133352883795 ] ] } },
{ "type": "Feature", "properties": { "transect_id": 897 }, "geometry": { "type": "LineString", "coordinates": [ [ 92.111018995053087, 21.105272673002528 ], [ 92.099764211064851, 21.096781306139018 ] ] } },
{ "type": "Feature", "properties": { "transect_id": 898 }, "geometry": { "type": "LineString", "coordinates": [ [ 92.111319816483132, 21.104920032351053 ], [ 92.09986018132912, 21.096673497900639 ] ] } },
{ "type": "Feature", "properties": { "transect_id": 899 }, "geometry": { "type": "LineString", "coordinates": [ [ 92.111605496671643, 21.104556450356228 ], [ 92.099982621042201, 21.096513645817318 ] ] } },
{ "type": "Feature", "properties": { "transect_id": 900 }, "geometry": { "type": "LineString", "coordinates": [ [ 92.111891175452428, 21.104192867815396 ], [ 92.10026831115151, 21.096150082978813 ] ] } },
{ "type": "Feature", "properties": { "transect_id": 901 }, "geometry": { "type": "LineString", "coordinates": [ [ 92.112176852825527, 21.10382928472859 ], [ 92.100553999853588, 21.095786519593691 ] ] } },
{ "type": "Feature", "properties": { "transect_id": 902 }, "geometry": { "type": "LineString", "coordinates": [ [ 92.112462528790957, 21.103465701095832 ], [ 92.100839687148365, 21.095422955662141 ] ] } },
{ "type": "Feature", "properties": { "transect_id": 903 }, "geometry": { "type": "LineString", "coordinates": [ [ 92.112748203348758, 21.103102116917153 ], [ 92.101125373035856, 21.095059391184197 ] ] } },
{ "type": "Feature", "properties": { "transect_id": 904 }, "geometry": { "type": "LineString", "coordinates": [ [ 92.113033876498989, 21.102738532192575 ], [ 92.101411057516245, 21.094695826159722 ] ] } },
{ "type": "Feature", "properties": { "transect_id": 905 }, "geometry": { "type": "LineString", "coordinates": [ [ 92.113319548241662, 21.102374946922133 ], [ 92.101696740589432, 21.094332260588889 ] ] } },
{ "type": "Feature", "properties": { "transect_id": 906 }, "geometry": { "type": "LineString", "coordinates": [ [ 92.113605218576822, 21.102011361105852 ], [ 92.101982422255446, 21.093968694471766 ] ] } },
{ "type": "Feature", "properties": { "transect_id": 907 }, "geometry": { "type": "LineString", "coordinates": [ [ 92.113890887504525, 21.10164777474375 ], [ 92.102268102514472, 21.093605127808161 ] ] } },
{ "type": "Feature", "properties": { "transect_id": 908 }, "geometry": { "type": "LineString", "coordinates": [ [ 92.114176555024756, 21.101284187835866 ], [ 92.102553781366396, 21.093241560598315 ] ] } },
{ "type": "Feature", "properties": { "transect_id": 909 }, "geometry": { "type": "LineString", "coordinates": [ [ 92.114462221137615, 21.100920600382221 ], [ 92.10283945881126, 21.092877992842244 ] ] } },
{ "type": "Feature", "properties": { "transect_id": 910 }, "geometry": { "type": "LineString", "coordinates": [ [ 92.114747885843087, 21.100557012382847 ], [ 92.10312513484925, 21.092514424539779 ] ] } },
{ "type": "Feature", "properties": { "transect_id": 911 }, "geometry": { "type": "LineString", "coordinates": [ [ 92.115033549141231, 21.100193423837773 ], [ 92.103410809480224, 21.092150855691148 ] ] } },
{ "type": "Feature", "properties": { "transect_id": 912 }, "geometry": { "type": "LineString", "coordinates": [ [ 92.115319211032087, 21.099829834747016 ], [ 92.103696482704294, 21.091787286296363 ] ] } },
{ "type": "Feature", "properties": { "transect_id": 913 }, "geometry": { "type": "LineString", "coordinates": [ [ 92.115604871515671, 21.099466245110605 ], [ 92.10398215452156, 21.091423716355287 ] ] } },
{ "type": "Feature", "properties": { "transect_id": 914 }, "geometry": { "type": "LineString", "coordinates": [ [ 92.115890530592054, 21.099102654928583 ], [ 92.104267824931938, 21.091060145868131 ] ] } },
{ "type": "Feature", "properties": { "transect_id": 915 }, "geometry": { "type": "LineString", "coordinates": [ [ 92.11617618826125, 21.098739064200963 ], [ 92.104553493935498, 21.090696574834883 ] ] } },
{ "type": "Feature", "properties": { "transect_id": 916 }, "geometry": { "type": "LineString", "coordinates": [ [ 92.116461844523286, 21.098375472927774 ], [ 92.104839161532368, 21.090333003255441 ] ] } },
{ "type": "Feature", "properties": { "transect_id": 917 }, "geometry": { "type": "LineString", "coordinates": [ [ 92.116747499378192, 21.098011881109045 ], [ 92.105124827722477, 21.089969431129976 ] ] } },
{ "type": "Feature", "properties": { "transect_id": 918 }, "geometry": { "type": "LineString", "coordinates": [ [ 92.117033152826039, 21.097648288744807 ], [ 92.105410492505854, 21.089605858458533 ] ] } },
{ "type": "Feature", "properties": { "transect_id": 919 }, "geometry": { "type": "LineString", "coordinates": [ [ 92.117318804866855, 21.097284695835075 ], [ 92.105696155882669, 21.089242285240967 ] ] } },
{ "type": "Feature", "properties": { "transect_id": 920 }, "geometry": { "type": "LineString", "coordinates": [ [ 92.117604455500654, 21.096921102379891 ], [ 92.105981817852836, 21.088878711477452 ] ] } },
{ "type": "Feature", "properties": { "transect_id": 921 }, "geometry": { "type": "LineString", "coordinates": [ [ 92.117890104727479, 21.096557508379274 ], [ 92.10626747841637, 21.088515137168049 ] ] } },
{ "type": "Feature", "properties": { "transect_id": 922 }, "geometry": { "type": "LineString", "coordinates": [ [ 92.118175752547401, 21.096193913833257 ], [ 92.106553137573442, 21.088151562312596 ] ] } },
{ "type": "Feature", "properties": { "transect_id": 923 }, "geometry": { "type": "LineString", "coordinates": [ [ 92.118461398960406, 21.095830318741864 ], [ 92.106838795323981, 21.087787986911291 ] ] } },
{ "type": "Feature", "properties": { "transect_id": 924 }, "geometry": { "type": "LineString", "coordinates": [ [ 92.11874704396655, 21.095466723105122 ], [ 92.107124451667985, 21.087424410964175 ] ] } },
{ "type": "Feature", "properties": { "transect_id": 925 }, "geometry": { "type": "LineString", "coordinates": [ [ 92.119032687565877, 21.095103126923053 ], [ 92.10741010660567, 21.087060834471082 ] ] } },
{ "type": "Feature", "properties": { "transect_id": 926 }, "geometry": { "type": "LineString", "coordinates": [ [ 92.119318329758414, 21.094739530195699 ], [ 92.107695760136906, 21.086697257432217 ] ] } },
{ "type": "Feature", "properties": { "transect_id": 927 }, "geometry": { "type": "LineString", "coordinates": [ [ 92.119603970544205, 21.094375932923075 ], [ 92.107981412261722, 21.086333679847641 ] ] } },
{ "type": "Feature", "properties": { "transect_id": 928 }, "geometry": { "type": "LineString", "coordinates": [ [ 92.119889609923277, 21.094012335105202 ], [ 92.108267062980332, 21.085970101717145 ] ] } },
{ "type": "Feature", "properties": { "transect_id": 929 }, "geometry": { "type": "LineString", "coordinates": [ [ 92.120175247895673, 21.093648736742129 ], [ 92.108552712292578, 21.085606523040997 ] ] } },
{ "type": "Feature", "properties": { "transect_id": 930 }, "geometry": { "type": "LineString", "coordinates": [ [ 92.120460884461423, 21.093285137833867 ], [ 92.108838360198547, 21.085242943819171 ] ] } },
{ "type": "Feature", "properties": { "transect_id": 931 }, "geometry": { "type": "LineString", "coordinates": [ [ 92.120746519620582, 21.092921538380445 ], [ 92.109124006698394, 21.084879364051549 ] ] } },
{ "type": "Feature", "properties": { "transect_id": 932 }, "geometry": { "type": "LineString", "coordinates": [ [ 92.121032153373164, 21.092557938381898 ], [ 92.109409651791992, 21.084515783738329 ] ] } },
{ "type": "Feature", "properties": { "transect_id": 933 }, "geometry": { "type": "LineString", "coordinates": [ [ 92.121319597976409, 21.09219565289208 ], [ 92.109938677808699, 21.083854778136487 ] ] } },
{ "type": "Feature", "properties": { "transect_id": 934 }, "geometry": { "type": "LineString", "coordinates": [ [ 92.121622678356999, 21.09184471386618 ], [ 92.110404973869066, 21.083311349340981 ] ] } },
{ "type": "Feature", "properties": { "transect_id": 935 }, "geometry": { "type": "LineString", "coordinates": [ [ 92.121925757302364, 21.091493774234547 ], [ 92.110708060248157, 21.082960429720345 ] ] } },
{ "type": "Feature", "properties": { "transect_id": 936 }, "geometry": { "type": "LineString", "coordinates": [ [ 92.12222883481256, 21.09114283399721 ], [ 92.111011145192521, 21.08260950949364 ] ] } },
{ "type": "Feature", "properties": { "transect_id": 937 }, "geometry": { "type": "LineString", "coordinates": [ [ 92.122531910887602, 21.090791893154197 ], [ 92.111314228702383, 21.082258588660643 ] ] } },
{ "type": "Feature", "properties": { "transect_id": 938 }, "geometry": { "type": "LineString", "coordinates": [ [ 92.122834985527547, 21.090440951705538 ], [ 92.111617310777604, 21.081907667221589 ] ] } },
{ "type": "Feature", "properties": { "transect_id": 939 }, "geometry": { "type": "LineString", "coordinates": [ [ 92.123138058732408, 21.09009000965127 ], [ 92.111920391418252, 21.081556745176506 ] ] } },
{ "type": "Feature", "properties": { "transect_id": 940 }, "geometry": { "type": "LineString", "coordinates": [ [ 92.123441130502243, 21.089739066991417 ], [ 92.112223470624485, 21.081205822525231 ] ] } },
{ "type": "Feature", "properties": { "transect_id": 941 }, "geometry": { "type": "LineString", "coordinates": [ [ 92.123744200837066, 21.089388123726007 ], [ 92.112526548396147, 21.080854899268036 ] ] } },
{ "type": "Feature", "properties": { "transect_id": 942 }, "geometry": { "type": "LineString", "coordinates": [ [ 92.12404726973692, 21.089037179855065 ], [ 92.112829624733479, 21.080503975404721 ] ] } },
{ "type": "Feature", "properties": { "transect_id": 943 }, "geometry": { "type": "LineString", "coordinates": [ [ 92.124350337201832, 21.088686235378642 ], [ 92.113132699636296, 21.080153050935543 ] ] } },
{ "type": "Feature", "properties": { "transect_id": 944 }, "geometry": { "type": "LineString", "coordinates": [ [ 92.124653403231832, 21.088335290296751 ], [ 92.113435773104854, 21.079802125860301 ] ] } },
{ "type": "Feature", "properties": { "transect_id": 945 }, "geometry": { "type": "LineString", "coordinates": [ [ 92.124956467826991, 21.087984344609414 ], [ 92.113738845138982, 21.079451200179257 ] ] } },
{ "type": "Feature", "properties": { "transect_id": 946 }, "geometry": { "type": "LineString", "coordinates": [ [ 92.125259530987293, 21.087633398316672 ], [ 92.114041915738909, 21.079100273892209 ] ] } },
{ "type": "Feature", "properties": { "transect_id": 947 }, "geometry": { "type": "LineString", "coordinates": [ [ 92.125562592712811, 21.08728245141856 ], [ 92.114344984904463, 21.07874934699942 ] ] } },
{ "type": "Feature", "properties": { "transect_id": 948 }, "geometry": { "type": "LineString", "coordinates": [ [ 92.125865653003544, 21.086931503915096 ], [ 92.1146480526359, 21.078398419500679 ] ] } },
{ "type": "Feature", "properties": { "transect_id": 949 }, "geometry": { "type": "LineString", "coordinates": [ [ 92.126168711859549, 21.086580555806314 ], [ 92.114951118933021, 21.078047491396262 ] ] } },
{ "type": "Feature", "properties": { "transect_id": 950 }, "geometry": { "type": "LineString", "coordinates": [ [ 92.126471769280855, 21.086229607092243 ], [ 92.115254183796097, 21.077696562685947 ] ] } },
{ "type": "Feature", "properties": { "transect_id": 951 }, "geometry": { "type": "LineString", "coordinates": [ [ 92.126774825267503, 21.085878657772923 ], [ 92.115557247224928, 21.07734563337003 ] ] } },
{ "type": "Feature", "properties": { "transect_id": 952 }, "geometry": { "type": "LineString", "coordinates": [ [ 92.12707787981951, 21.085527707848364 ], [ 92.115860309219769, 21.076994703448271 ] ] } },
{ "type": "Feature", "properties": { "transect_id": 953 }, "geometry": { "type": "LineString", "coordinates": [ [ 92.127380932936944, 21.08517675731861 ], [ 92.116163369780452, 21.076643772920956 ] ] } },
{ "type": "Feature", "properties": { "transect_id": 954 }, "geometry": { "type": "LineString", "coordinates": [ [ 92.127683984619807, 21.084825806183684 ], [ 92.116466428907202, 21.076292841787858 ] ] } },
{ "type": "Feature", "properties": { "transect_id": 955 }, "geometry": { "type": "LineString", "coordinates": [ [ 92.127987034868127, 21.084474854443624 ], [ 92.116769486599864, 21.07594191004927 ] ] } },
{ "type": "Feature", "properties": { "transect_id": 956 }, "geometry": { "type": "LineString", "coordinates": [ [ 92.128290083681975, 21.084123902098444 ], [ 92.117072542858665, 21.075590977704959 ] ] } },
{ "type": "Feature", "properties": { "transect_id": 957 }, "geometry": { "type": "LineString", "coordinates": [ [ 92.128593131061351, 21.083772949148194 ], [ 92.117375597683449, 21.075240044755219 ] ] } },
{ "type": "Feature", "properties": { "transect_id": 958 }, "geometry": { "type": "LineString", "coordinates": [ [ 92.128896177006311, 21.083421995592889 ], [ 92.117678651074442, 21.07488911119982 ] ] } },
{ "type": "Feature", "properties": { "transect_id": 959 }, "geometry": { "type": "LineString", "coordinates": [ [ 92.12919922151687, 21.083071041432561 ], [ 92.117981703031461, 21.074538177039038 ] ] } },
{ "type": "Feature", "properties": { "transect_id": 960 }, "geometry": { "type": "LineString", "coordinates": [ [ 92.129502264593071, 21.082720086667237 ], [ 92.118284753554775, 21.074187242272661 ] ] } },
{ "type": "Feature", "properties": { "transect_id": 961 }, "geometry": { "type": "LineString", "coordinates": [ [ 92.129805306234957, 21.082369131296964 ], [ 92.118587802644257, 21.073836306900901 ] ] } },
{ "type": "Feature", "properties": { "transect_id": 962 }, "geometry": { "type": "LineString", "coordinates": [ [ 92.130108346442555, 21.08201817532175 ], [ 92.118890850299934, 21.073485370923791 ] ] } },
{ "type": "Feature", "properties": { "transect_id": 963 }, "geometry": { "type": "LineString", "coordinates": [ [ 92.130411385215893, 21.081667218741632 ], [ 92.119193896521978, 21.073134434341171 ] ] } },
{ "type": "Feature", "properties": { "transect_id": 964 }, "geometry": { "type": "LineString", "coordinates": [ [ 92.13071442255503, 21.081316261556644 ], [ 92.119496941310231, 21.072783497153321 ] ] } },
{ "type": "Feature", "properties": { "transect_id": 965 }, "geometry": { "type": "LineString", "coordinates": [ [ 92.131017458459965, 21.080965303766813 ], [ 92.119799984664965, 21.072432559360021 ] ] } },
{ "type": "Feature", "properties": { "transect_id": 966 }, "geometry": { "type": "LineString", "coordinates": [ [ 92.131320492930755, 21.080614345372169 ], [ 92.120158934083989, 21.072017280822148 ] ] } },
{ "type": "Feature", "properties": { "transect_id": 967 }, "geometry": { "type": "LineString", "coordinates": [ [ 92.131628456981161, 21.080267191885113 ], [ 92.120541911081176, 21.071585074167917 ] ] } },
{ "type": "Feature", "properties": { "transect_id": 968 }, "geometry": { "type": "LineString", "coordinates": [ [ 92.131936795408976, 21.079920327812463 ], [ 92.120850255729508, 21.071238230158706 ] ] } },
{ "type": "Feature", "properties": { "transect_id": 969 }, "geometry": { "type": "LineString", "coordinates": [ [ 92.132245132396207, 21.079573463116031 ], [ 92.121158598937868, 21.070891385525201 ] ] } },
{ "type": "Feature", "properties": { "transect_id": 970 }, "geometry": { "type": "LineString", "coordinates": [ [ 92.132553467942898, 21.079226597795834 ], [ 92.121466940706284, 21.070544540267463 ] ] } },
{ "type": "Feature", "properties": { "transect_id": 971 }, "geometry": { "type": "LineString", "coordinates": [ [ 92.132861802049078, 21.078879731851913 ], [ 92.121775281034786, 21.070197694385534 ] ] } },
{ "type": "Feature", "properties": { "transect_id": 972 }, "geometry": { "type": "LineString", "coordinates": [ [ 92.133170134714803, 21.078532865284291 ], [ 92.122083619923444, 21.069850847879376 ] ] } },
{ "type": "Feature", "properties": { "transect_id": 973 }, "geometry": { "type": "LineString", "coordinates": [ [ 92.133478465940101, 21.078185998093005 ], [ 92.12239195737213, 21.069504000749212 ] ] } },
{ "type": "Feature", "properties": { "transect_id": 974 }, "geometry": { "type": "LineString", "coordinates": [ [ 92.133786795724973, 21.077839130278083 ], [ 92.122700293381044, 21.069157152994887 ] ] } },
{ "type": "Feature", "properties": { "transect_id": 975 }, "geometry": { "type": "LineString", "coordinates": [ [ 92.134095124069489, 21.077492261839556 ], [ 92.123008627950171, 21.068810304616491 ] ] } },
{ "type": "Feature", "properties": { "transect_id": 976 }, "geometry": { "type": "LineString", "coordinates": [ [ 92.134403450973664, 21.077145392777439 ], [ 92.123316961079539, 21.068463455614047 ] ] } },
{ "type": "Feature", "properties": { "transect_id": 977 }, "geometry": { "type": "LineString", "coordinates": [ [ 92.134711776437541, 21.076798523091789 ], [ 92.123625292769233, 21.068116605987537 ] ] } },
{ "type": "Feature", "properties": { "transect_id": 978 }, "geometry": { "type": "LineString", "coordinates": [ [ 92.135020100461134, 21.076451652782612 ], [ 92.123933623019127, 21.067769755737171 ] ] } },
{ "type": "Feature", "properties": { "transect_id": 979 }, "geometry": { "type": "LineString", "coordinates": [ [ 92.135328423044498, 21.076104781849963 ], [ 92.124241951829418, 21.067422904862774 ] ] } },
{ "type": "Feature", "properties": { "transect_id": 980 }, "geometry": { "type": "LineString", "coordinates": [ [ 92.135636744187664, 21.075757910293856 ], [ 92.124550279200079, 21.067076053364488 ] ] } },
{ "type": "Feature", "properties": { "transect_id": 981 }, "geometry": { "type": "LineString", "coordinates": [ [ 92.135945063890674, 21.075411038114318 ], [ 92.124858605131152, 21.066729201242303 ] ] } },
{ "type": "Feature", "properties": { "transect_id": 982 }, "geometry": { "type": "LineString", "coordinates": [ [ 92.136253382153512, 21.075064165311389 ], [ 92.125166929622722, 21.066382348496187 ] ] } },
{ "type": "Feature", "properties": { "transect_id": 983 }, "geometry": { "type": "LineString", "coordinates": [ [ 92.13656169897628, 21.074717291885094 ], [ 92.125475252674647, 21.066035495126378 ] ] } },
{ "type": "Feature", "properties": { "transect_id": 984 }, "geometry": { "type": "LineString", "coordinates": [ [ 92.136870014358948, 21.074370417835468 ], [ 92.125783574287155, 21.065688641132699 ] ] } },
{ "type": "Feature", "properties": { "transect_id": 985 }, "geometry": { "type": "LineString", "coordinates": [ [ 92.137178328301601, 21.074023543162539 ], [ 92.126091894460188, 21.065341786515262 ] ] } },
{ "type": "Feature", "properties": { "transect_id": 986 }, "geometry": { "type": "LineString", "coordinates": [ [ 92.137486640804255, 21.073676667866337 ], [ 92.126400213193804, 21.064994931274079 ] ] } },
{ "type": "Feature", "properties": { "transect_id": 987 }, "geometry": { "type": "LineString", "coordinates": [ [ 92.137794951866923, 21.07332979194689 ], [ 92.126708530488074, 21.064648075409121 ] ] } },
{ "type": "Feature", "properties": { "transect_id": 988 }, "geometry": { "type": "LineString", "coordinates": [ [ 92.138103261489675, 21.072982915404229 ], [ 92.127016846342883, 21.064301218920619 ] ] } },
{ "type": "Feature", "properties": { "transect_id": 989 }, "geometry": { "type": "LineString", "coordinates": [ [ 92.138411569672499, 21.072636038238389 ], [ 92.127325160758417, 21.06395436180841 ] ] } },
{ "type": "Feature", "properties": { "transect_id": 990 }, "geometry": { "type": "LineString", "coordinates": [ [ 92.138719876415479, 21.072289160449397 ], [ 92.127633473734676, 21.063607504072568 ] ] } },
{ "type": "Feature", "properties": { "transect_id": 991 }, "geometry": { "type": "LineString", "coordinates": [ [ 92.139028181718601, 21.071942282037281 ], [ 92.127941785271659, 21.063260645713168 ] ] } },
{ "type": "Feature", "properties": { "transect_id": 992 }, "geometry": { "type": "LineString", "coordinates": [ [ 92.139336485581936, 21.071595403002075 ], [ 92.128250095369467, 21.062913786730135 ] ] } },
{ "type": "Feature", "properties": { "transect_id": 993 }, "geometry": { "type": "LineString", "coordinates": [ [ 92.139644788005498, 21.071248523343808 ], [ 92.128558404027984, 21.062566927123694 ] ] } },
{ "type": "Feature", "properties": { "transect_id": 994 }, "geometry": { "type": "LineString", "coordinates": [ [ 92.139953088989316, 21.070901643062513 ], [ 92.128866711247397, 21.062220066893701 ] ] } },
{ "type": "Feature", "properties": { "transect_id": 995 }, "geometry": { "type": "LineString", "coordinates": [ [ 92.140261388533432, 21.070554762158217 ], [ 92.129175017027677, 21.061873206040254 ] ] } },
{ "type": "Feature", "properties": { "transect_id": 996 }, "geometry": { "type": "LineString", "coordinates": [ [ 92.140569686637889, 21.070207880630949 ], [ 92.12948332136888, 21.061526344563362 ] ] } },
{ "type": "Feature", "properties": { "transect_id": 997 }, "geometry": { "type": "LineString", "coordinates": [ [ 92.140877983302701, 21.069860998480742 ], [ 92.129791624271064, 21.061179482463 ] ] } },
{ "type": "Feature", "properties": { "transect_id": 998 }, "geometry": { "type": "LineString", "coordinates": [ [ 92.141186278527911, 21.069514115707619 ], [ 92.130099925734115, 21.060832619739386 ] ] } },
{ "type": "Feature", "properties": { "transect_id": 999 }, "geometry": { "type": "LineString", "coordinates": [ [ 92.141494572313562, 21.069167232311624 ], [ 92.130408225758245, 21.060485756392378 ] ] } },
{ "type": "Feature", "properties": { "transect_id": 1000 }, "geometry": { "type": "LineString", "coordinates": [ [ 92.141802864659681, 21.068820348292785 ], [ 92.130716524343399, 21.060138892422049 ] ] } },
{ "type": "Feature", "properties": { "transect_id": 1001 }, "geometry": { "type": "LineString", "coordinates": [ [ 92.142111155566283, 21.06847346365112 ], [ 92.131024821489646, 21.059792027828429 ] ] } },
{ "type": "Feature", "properties": { "transect_id": 1002 }, "geometry": { "type": "LineString", "coordinates": [ [ 92.142419445033411, 21.068126578386664 ], [ 92.131333117197045, 21.059445162611517 ] ] } },
{ "type": "Feature", "properties": { "transect_id": 1003 }, "geometry": { "type": "LineString", "coordinates": [ [ 92.142727733061108, 21.067779692499453 ], [ 92.131641411465466, 21.059098296771491 ] ] } },
{ "type": "Feature", "properties": { "transect_id": 1004 }, "geometry": { "type": "LineString", "coordinates": [ [ 92.143036019649415, 21.067432805989515 ], [ 92.131949704295124, 21.058751430308217 ] ] } },
{ "type": "Feature", "properties": { "transect_id": 1005 }, "geometry": { "type": "LineString", "coordinates": [ [ 92.143344304798347, 21.067085918856886 ], [ 92.132257995686004, 21.058404563221782 ] ] } },
{ "type": "Feature", "properties": { "transect_id": 1006 }, "geometry": { "type": "LineString", "coordinates": [ [ 92.143652588507933, 21.066739031101591 ], [ 92.132566285638106, 21.058057695512208 ] ] } },
{ "type": "Feature", "properties": { "transect_id": 1007 }, "geometry": { "type": "LineString", "coordinates": [ [ 92.14396087077823, 21.066392142723643 ], [ 92.132874574151558, 21.05771082717947 ] ] } },
{ "type": "Feature", "properties": { "transect_id": 1008 }, "geometry": { "type": "LineString", "coordinates": [ [ 92.144269151609265, 21.066045253723104 ], [ 92.133182861226189, 21.057363958223789 ] ] } },
{ "type": "Feature", "properties": { "transect_id": 1009 }, "geometry": { "type": "LineString", "coordinates": [ [ 92.144577431001053, 21.065698364099987 ], [ 92.133491146862227, 21.057017088645008 ] ] } },
{ "type": "Feature", "properties": { "transect_id": 1010 }, "geometry": { "type": "LineString", "coordinates": [ [ 92.144885708953638, 21.065351473854321 ], [ 92.133799431059643, 21.056670218443212 ] ] } },
{ "type": "Feature", "properties": { "transect_id": 1011 }, "geometry": { "type": "LineString", "coordinates": [ [ 92.145193985467046, 21.065004582986148 ], [ 92.134107713818466, 21.056323347618445 ] ] } },
{ "type": "Feature", "properties": { "transect_id": 1012 }, "geometry": { "type": "LineString", "coordinates": [ [ 92.145502260541335, 21.064657691495473 ], [ 92.134415995138795, 21.055976476170645 ] ] } },
{ "type": "Feature", "properties": { "transect_id": 1013 }, "geometry": { "type": "LineString", "coordinates": [ [ 92.145810534176519, 21.064310799382351 ], [ 92.13472427502046, 21.055629604100073 ] ] } },
{ "type": "Feature", "properties": { "transect_id": 1014 }, "geometry": { "type": "LineString", "coordinates": [ [ 92.146118806372627, 21.063963906646809 ], [ 92.135032553463702, 21.055282731406546 ] ] } },
{ "type": "Feature", "properties": { "transect_id": 1015 }, "geometry": { "type": "LineString", "coordinates": [ [ 92.146427077129701, 21.063617013288876 ], [ 92.135340830468493, 21.054935858090158 ] ] } },
{ "type": "Feature", "properties": { "transect_id": 1016 }, "geometry": { "type": "LineString", "coordinates": [ [ 92.146735346447784, 21.063270119308573 ], [ 92.135649106034847, 21.054588984150936 ] ] } },
{ "type": "Feature", "properties": { "transect_id": 1017 }, "geometry": { "type": "LineString", "coordinates": [ [ 92.147043614326876, 21.06292322470593 ], [ 92.135957380162878, 21.054242109588852 ] ] } },
{ "type": "Feature", "properties": { "transect_id": 1018 }, "geometry": { "type": "LineString", "coordinates": [ [ 92.147351880767047, 21.06257632948099 ], [ 92.136265652852444, 21.053895234404131 ] ] } },
{ "type": "Feature", "properties": { "transect_id": 1019 }, "geometry": { "type": "LineString", "coordinates": [ [ 92.147660145768327, 21.062229433633778 ], [ 92.136573924103729, 21.053548358596608 ] ] } },
{ "type": "Feature", "properties": { "transect_id": 1020 }, "geometry": { "type": "LineString", "coordinates": [ [ 92.147968409330716, 21.06188253716433 ], [ 92.136882193916719, 21.053201482166379 ] ] } },
{ "type": "Feature", "properties": { "transect_id": 1021 }, "geometry": { "type": "LineString", "coordinates": [ [ 92.148276671454283, 21.061535640072663 ], [ 92.137190462291457, 21.052854605113478 ] ] } },
{ "type": "Feature", "properties": { "transect_id": 1022 }, "geometry": { "type": "LineString", "coordinates": [ [ 92.148584932139045, 21.061188742358816 ], [ 92.137518131326772, 21.052485941573508 ] ] } },
{ "type": "Feature", "properties": { "transect_id": 1023 }, "geometry": { "type": "LineString", "coordinates": [ [ 92.148895654212794, 21.060843790420762 ], [ 92.13789490447671, 21.052067538289311 ] ] } },
{ "type": "Feature", "properties": { "transect_id": 1024 }, "geometry": { "type": "LineString", "coordinates": [ [ 92.149207294898233, 21.060499564977686 ], [ 92.138206550621064, 21.051723332919444 ] ] } },
{ "type": "Feature", "properties": { "transect_id": 1025 }, "geometry": { "type": "LineString", "coordinates": [ [ 92.149518934141369, 21.060155338900231 ], [ 92.138518195323712, 21.051379126914743 ] ] } },
{ "type": "Feature", "properties": { "transect_id": 1026 }, "geometry": { "type": "LineString", "coordinates": [ [ 92.149830571942232, 21.059811112188431 ], [ 92.138829838584712, 21.051034920275239 ] ] } },
{ "type": "Feature", "properties": { "transect_id": 1027 }, "geometry": { "type": "LineString", "coordinates": [ [ 92.150142208300878, 21.059466884842308 ], [ 92.139141480404135, 21.0506907130009 ] ] } },
{ "type": "Feature", "properties": { "transect_id": 1028 }, "geometry": { "type": "LineString", "coordinates": [ [ 92.150453843217306, 21.059122656861906 ], [ 92.139453120781852, 21.050346505091959 ] ] } },
{ "type": "Feature", "properties": { "transect_id": 1029 }, "geometry": { "type": "LineString", "coordinates": [ [ 92.150765476691589, 21.058778428247241 ], [ 92.139764759718062, 21.050002296548239 ] ] } },
{ "type": "Feature", "properties": { "transect_id": 1030 }, "geometry": { "type": "LineString", "coordinates": [ [ 92.151077108723726, 21.058434198998356 ], [ 92.140076397212738, 21.049658087369842 ] ] } },
{ "type": "Feature", "properties": { "transect_id": 1031 }, "geometry": { "type": "LineString", "coordinates": [ [ 92.151388739313745, 21.058089969115269 ], [ 92.140388033265907, 21.049313877556799 ] ] } },
{ "type": "Feature", "properties": { "transect_id": 1032 }, "geometry": { "type": "LineString", "coordinates": [ [ 92.151700368461718, 21.05774573859803 ], [ 92.140699667877627, 21.048969667109127 ] ] } },
{ "type": "Feature", "properties": { "transect_id": 1033 }, "geometry": { "type": "LineString", "coordinates": [ [ 92.152011996167644, 21.057401507446652 ], [ 92.141011301047911, 21.04862545602689 ] ] } },
{ "type": "Feature", "properties": { "transect_id": 1034 }, "geometry": { "type": "LineString", "coordinates": [ [ 92.152323622431581, 21.057057275661172 ], [ 92.141322932776788, 21.04828124431009 ] ] } },
{ "type": "Feature", "properties": { "transect_id": 1035 }, "geometry": { "type": "LineString", "coordinates": [ [ 92.152635247253528, 21.056713043241615 ], [ 92.141634563064301, 21.047937031958753 ] ] } },
{ "type": "Feature", "properties": { "transect_id": 1036 }, "geometry": { "type": "LineString", "coordinates": [ [ 92.152946870633542, 21.05636881018803 ], [ 92.141946191910534, 21.047592818972873 ] ] } },
{ "type": "Feature", "properties": { "transect_id": 1037 }, "geometry": { "type": "LineString", "coordinates": [ [ 92.153258492571652, 21.05602457650043 ], [ 92.142257819315361, 21.047248605352664 ] ] } },
{ "type": "Feature", "properties": { "transect_id": 1038 }, "geometry": { "type": "LineString", "coordinates": [ [ 92.153570113067886, 21.055680342178853 ], [ 92.14256944527898, 21.046904391097947 ] ] } },
{ "type": "Feature", "properties": { "transect_id": 1039 }, "geometry": { "type": "LineString", "coordinates": [ [ 92.153881732122301, 21.055336107223315 ], [ 92.142881069801362, 21.046560176208821 ] ] } },
{ "type": "Feature", "properties": { "transect_id": 1040 }, "geometry": { "type": "LineString", "coordinates": [ [ 92.154193349734896, 21.054991871633874 ], [ 92.143192692882536, 21.046215960685341 ] ] } },
{ "type": "Feature", "properties": { "transect_id": 1041 }, "geometry": { "type": "LineString", "coordinates": [ [ 92.154504965905701, 21.054647635410539 ], [ 92.143504314522545, 21.045871744527517 ] ] } },
{ "type": "Feature", "properties": { "transect_id": 1042 }, "geometry": { "type": "LineString", "coordinates": [ [ 92.154816580634787, 21.054303398553351 ], [ 92.143815934721403, 21.045527527735381 ] ] } },
{ "type": "Feature", "properties": { "transect_id": 1043 }, "geometry": { "type": "LineString", "coordinates": [ [ 92.155128193922167, 21.05395916106233 ], [ 92.14412755347918, 21.045183310308961 ] ] } },
{ "type": "Feature", "properties": { "transect_id": 1044 }, "geometry": { "type": "LineString", "coordinates": [ [ 92.155439805767855, 21.053614922937523 ], [ 92.144439170795863, 21.044839092248299 ] ] } },
{ "type": "Feature", "properties": { "transect_id": 1045 }, "geometry": { "type": "LineString", "coordinates": [ [ 92.155749122129379, 21.053268891723185 ], [ 92.144596770550947, 21.044663487753393 ] ] } },
{ "type": "Feature", "properties": { "transect_id": 1046 }, "geometry": { "type": "LineString", "coordinates": [ [ 92.156053196530635, 21.052918765196303 ], [ 92.144864427565764, 21.044355148702611 ] ] } },
{ "type": "Feature", "properties": { "transect_id": 1047 }, "geometry": { "type": "LineString", "coordinates": [ [ 92.15635726949894, 21.052568638062912 ], [ 92.145168507763344, 21.044005041542853 ] ] } },
{ "type": "Feature", "properties": { "transect_id": 1048 }, "geometry": { "type": "LineString", "coordinates": [ [ 92.156661341034365, 21.052218510323037 ], [ 92.14547258652847, 21.043654933776264 ] ] } },
{ "type": "Feature", "properties": { "transect_id": 1049 }, "geometry": { "type": "LineString", "coordinates": [ [ 92.156965411136923, 21.051868381976721 ], [ 92.145776663861369, 21.043304825402632 ] ] } },
{ "type": "Feature", "properties": { "transect_id": 1050 }, "geometry": { "type": "LineString", "coordinates": [ [ 92.157269479806658, 21.051518253023985 ], [ 92.146080739761956, 21.042954716422141 ] ] } },
{ "type": "Feature", "properties": { "transect_id": 1051 }, "geometry": { "type": "LineString", "coordinates": [ [ 92.157573547043597, 21.051168123464855 ], [ 92.146384814230231, 21.042604606834857 ] ] } },
{ "type": "Feature", "properties": { "transect_id": 1052 }, "geometry": { "type": "LineString", "coordinates": [ [ 92.157877612847784, 21.050817993299372 ], [ 92.146688887266379, 21.04225449664062 ] ] } },
{ "type": "Feature", "properties": { "transect_id": 1053 }, "geometry": { "type": "LineString", "coordinates": [ [ 92.158181677219218, 21.050467862527547 ], [ 92.146992958870243, 21.041904385839679 ] ] } },
{ "type": "Feature", "properties": { "transect_id": 1054 }, "geometry": { "type": "LineString", "coordinates": [ [ 92.158485740158, 21.050117731149431 ], [ 92.147297029042079, 21.041554274431856 ] ] } },
{ "type": "Feature", "properties": { "transect_id": 1055 }, "geometry": { "type": "LineString", "coordinates": [ [ 92.158789801664085, 21.04976759916504 ], [ 92.147601097781731, 21.04120416241734 ] ] } },
{ "type": "Feature", "properties": { "transect_id": 1056 }, "geometry": { "type": "LineString", "coordinates": [ [ 92.159093861737574, 21.049417466574411 ], [ 92.147905165089256, 21.040854049796152 ] ] } },
{ "type": "Feature", "properties": { "transect_id": 1057 }, "geometry": { "type": "LineString", "coordinates": [ [ 92.159397920378453, 21.049067333377565 ], [ 92.148209230964838, 21.040503936568161 ] ] } },
{ "type": "Feature", "properties": { "transect_id": 1058 }, "geometry": { "type": "LineString", "coordinates": [ [ 92.159701977586792, 21.048717199574551 ], [ 92.148513295408307, 21.040153822733636 ] ] } },
{ "type": "Feature", "properties": { "transect_id": 1059 }, "geometry": { "type": "LineString", "coordinates": [ [ 92.160006033362606, 21.048367065165372 ], [ 92.14881735841989, 21.039803708292371 ] ] } },
{ "type": "Feature", "properties": { "transect_id": 1060 }, "geometry": { "type": "LineString", "coordinates": [ [ 92.160310087705923, 21.048016930150084 ], [ 92.149121419999489, 21.039453593244541 ] ] } },
{ "type": "Feature", "properties": { "transect_id": 1061 }, "geometry": { "type": "LineString", "coordinates": [ [ 92.160614140616786, 21.047666794528695 ], [ 92.149425480147116, 21.039103477590221 ] ] } },
{ "type": "Feature", "properties": { "transect_id": 1062 }, "geometry": { "type": "LineString", "coordinates": [ [ 92.160918192095238, 21.047316658301245 ], [ 92.149729538862957, 21.038753361329238 ] ] } },
{ "type": "Feature", "properties": { "transect_id": 1063 }, "geometry": { "type": "LineString", "coordinates": [ [ 92.161222242141307, 21.046966521467766 ], [ 92.150033596146869, 21.038403244461847 ] ] } },
{ "type": "Feature", "properties": { "transect_id": 1064 }, "geometry": { "type": "LineString", "coordinates": [ [ 92.16152629075502, 21.046616384028287 ], [ 92.150337651999081, 21.038053126987872 ] ] } },
{ "type": "Feature", "properties": { "transect_id": 1065 }, "geometry": { "type": "LineString", "coordinates": [ [ 92.161830337936408, 21.046266245982824 ], [ 92.150641706419449, 21.037703008907513 ] ] } },
{ "type": "Feature", "properties": { "transect_id": 1066 }, "geometry": { "type": "LineString", "coordinates": [ [ 92.162134383685526, 21.045916107331429 ], [ 92.150945759408032, 21.037352890220774 ] ] } },
{ "type": "Feature", "properties": { "transect_id": 1067 }, "geometry": { "type": "LineString", "coordinates": [ [ 92.162438428002375, 21.045565968074115 ], [ 92.151249810964998, 21.037002770927529 ] ] } },
{ "type": "Feature", "properties": { "transect_id": 1068 }, "geometry": { "type": "LineString", "coordinates": [ [ 92.162742470887025, 21.045215828210917 ], [ 92.151553861090193, 21.036652651028053 ] ] } },
{ "type": "Feature", "properties": { "transect_id": 1069 }, "geometry": { "type": "LineString", "coordinates": [ [ 92.163046512339477, 21.044865687741872 ], [ 92.151857909783871, 21.036302530522111 ] ] } },
{ "type": "Feature", "properties": { "transect_id": 1070 }, "geometry": { "type": "LineString", "coordinates": [ [ 92.163350552359788, 21.044515546666993 ], [ 92.152161957045877, 21.035952409409923 ] ] } },
{ "type": "Feature", "properties": { "transect_id": 1071 }, "geometry": { "type": "LineString", "coordinates": [ [ 92.163654590947985, 21.04416540498633 ], [ 92.152466002876253, 21.035602287691532 ] ] } },
{ "type": "Feature", "properties": { "transect_id": 1072 }, "geometry": { "type": "LineString", "coordinates": [ [ 92.163958628104098, 21.043815262699898 ], [ 92.152770047275197, 21.035252165366792 ] ] } },
{ "type": "Feature", "properties": { "transect_id": 1073 }, "geometry": { "type": "LineString", "coordinates": [ [ 92.164262663828168, 21.043465119807731 ], [ 92.153074090242541, 21.034902042435935 ] ] } },
{ "type": "Feature", "properties": { "transect_id": 1074 }, "geometry": { "type": "LineString", "coordinates": [ [ 92.16456669812024, 21.043114976309862 ], [ 92.15337813177851, 21.034551918898789 ] ] } },
{ "type": "Feature", "properties": { "transect_id": 1075 }, "geometry": { "type": "LineString", "coordinates": [ [ 92.164870730980311, 21.042764832206316 ], [ 92.153682171882991, 21.03420179475555 ] ] } },
{ "type": "Feature", "properties": { "transect_id": 1076 }, "geometry": { "type": "LineString", "coordinates": [ [ 92.165174762408441, 21.042414687497125 ], [ 92.153986210556027, 21.033851670006239 ] ] } },
{ "type": "Feature", "properties": { "transect_id": 1077 }, "geometry": { "type": "LineString", "coordinates": [ [ 92.165478792404684, 21.04206454218232 ], [ 92.154290247797803, 21.033501544650719 ] ] } },
{ "type": "Feature", "properties": { "transect_id": 1078 }, "geometry": { "type": "LineString", "coordinates": [ [ 92.165782820969014, 21.041714396261924 ], [ 92.15459428360812, 21.033151418689268 ] ] } },
{ "type": "Feature", "properties": { "transect_id": 1079 }, "geometry": { "type": "LineString", "coordinates": [ [ 92.166086848101514, 21.041364249735981 ], [ 92.154898317987261, 21.03280129212164 ] ] } },
{ "type": "Feature", "properties": { "transect_id": 1080 }, "geometry": { "type": "LineString", "coordinates": [ [ 92.166390873802229, 21.041014102604503 ], [ 92.155202350935085, 21.032451164948071 ] ] } },
{ "type": "Feature", "properties": { "transect_id": 1081 }, "geometry": { "type": "LineString", "coordinates": [ [ 92.166694898071157, 21.040663954867533 ], [ 92.155506382451605, 21.032101037168594 ] ] } },
{ "type": "Feature", "properties": { "transect_id": 1082 }, "geometry": { "type": "LineString", "coordinates": [ [ 92.166998920908327, 21.040313806525099 ], [ 92.155810412537036, 21.03175090878306 ] ] } },
{ "type": "Feature", "properties": { "transect_id": 1083 }, "geometry": { "type": "LineString", "coordinates": [ [ 92.16730294231381, 21.039963657577228 ], [ 92.156114441191207, 21.03140077979171 ] ] } },
{ "type": "Feature", "properties": { "transect_id": 1084 }, "geometry": { "type": "LineString", "coordinates": [ [ 92.167606962287607, 21.03961350802394 ], [ 92.156418468414358, 21.03105065019437 ] ] } },
{ "type": "Feature", "properties": { "transect_id": 1085 }, "geometry": { "type": "LineString", "coordinates": [ [ 92.167910980829774, 21.039263357865284 ], [ 92.156722494206335, 21.030700519991235 ] ] } },
{ "type": "Feature", "properties": { "transect_id": 1086 }, "geometry": { "type": "LineString", "coordinates": [ [ 92.168214997940325, 21.038913207101277 ], [ 92.157026518567235, 21.030350389182328 ] ] } },
{ "type": "Feature", "properties": { "transect_id": 1087 }, "geometry": { "type": "LineString", "coordinates": [ [ 92.168519013619331, 21.038563055731959 ], [ 92.157330541497188, 21.030000257767504 ] ] } },
{ "type": "Feature", "properties": { "transect_id": 1088 }, "geometry": { "type": "LineString", "coordinates": [ [ 92.168823027866779, 21.038212903757337 ], [ 92.157634562996023, 21.029650125747043 ] ] } },
{ "type": "Feature", "properties": { "transect_id": 1089 }, "geometry": { "type": "LineString", "coordinates": [ [ 92.169127040682724, 21.037862751177471 ], [ 92.157938583064038, 21.029299993120709 ] ] } },
{ "type": "Feature", "properties": { "transect_id": 1090 }, "geometry": { "type": "LineString", "coordinates": [ [ 92.169431052067196, 21.037512597992375 ], [ 92.158242601701062, 21.028949859888737 ] ] } },
{ "type": "Feature", "properties": { "transect_id": 1091 }, "geometry": { "type": "LineString", "coordinates": [ [ 92.169735062020251, 21.037162444202075 ], [ 92.158546618907138, 21.028599726051166 ] ] } },
{ "type": "Feature", "properties": { "transect_id": 1092 }, "geometry": { "type": "LineString", "coordinates": [ [ 92.170039070541904, 21.036812289806612 ], [ 92.158850634682466, 21.0282495916078 ] ] } },
{ "type": "Feature", "properties": { "transect_id": 1093 }, "geometry": { "type": "LineString", "coordinates": [ [ 92.170343077632168, 21.036462134806008 ], [ 92.15915464902686, 21.027899456558941 ] ] } },
{ "type": "Feature", "properties": { "transect_id": 1094 }, "geometry": { "type": "LineString", "coordinates": [ [ 92.170647083291129, 21.036111979200296 ], [ 92.159458661940562, 21.027549320904384 ] ] } },
{ "type": "Feature", "properties": { "transect_id": 1095 }, "geometry": { "type": "LineString", "coordinates": [ [ 92.170951087518773, 21.035761822989496 ], [ 92.159762673423458, 21.027199184644335 ] ] } },
{ "type": "Feature", "properties": { "transect_id": 1096 }, "geometry": { "type": "LineString", "coordinates": [ [ 92.171255090315157, 21.035411666173655 ], [ 92.160066683475577, 21.026849047778796 ] ] } },
{ "type": "Feature", "properties": { "transect_id": 1097 }, "geometry": { "type": "LineString", "coordinates": [ [ 92.171559091680308, 21.03506150875279 ], [ 92.160370692097132, 21.026498910307655 ] ] } },
{ "type": "Feature", "properties": { "transect_id": 1098 }, "geometry": { "type": "LineString", "coordinates": [ [ 92.171863091614256, 21.034711350726933 ], [ 92.160674699287895, 21.026148772231171 ] ] } },
{ "type": "Feature", "properties": { "transect_id": 1099 }, "geometry": { "type": "LineString", "coordinates": [ [ 92.172167090117043, 21.034361192096121 ], [ 92.160978705048166, 21.025798633549112 ] ] } },
{ "type": "Feature", "properties": { "transect_id": 1100 }, "geometry": { "type": "LineString", "coordinates": [ [ 92.172471087188711, 21.034011032860374 ], [ 92.161282709377787, 21.025448494261706 ] ] } },
{ "type": "Feature", "properties": { "transect_id": 1101 }, "geometry": { "type": "LineString", "coordinates": [ [ 92.172775082829276, 21.033660873019731 ], [ 92.161586712276801, 21.025098354369003 ] ] } },
{ "type": "Feature", "properties": { "transect_id": 1102 }, "geometry": { "type": "LineString", "coordinates": [ [ 92.173079077038793, 21.033310712574213 ], [ 92.161890713745407, 21.024748213870801 ] ] } },
{ "type": "Feature", "properties": { "transect_id": 1103 }, "geometry": { "type": "LineString", "coordinates": [ [ 92.173383069817262, 21.032960551523853 ], [ 92.162194713783421, 21.024398072767408 ] ] } },
{ "type": "Feature", "properties": { "transect_id": 1104 }, "geometry": { "type": "LineString", "coordinates": [ [ 92.173687061164756, 21.03261038986869 ], [ 92.162498712391098, 21.024047931058604 ] ] } },
{ "type": "Feature", "properties": { "transect_id": 1105 }, "geometry": { "type": "LineString", "coordinates": [ [ 92.173991051081288, 21.032260227608727 ], [ 92.162802709568282, 21.023697788744606 ] ] } },
{ "type": "Feature", "properties": { "transect_id": 1106 }, "geometry": { "type": "LineString", "coordinates": [ [ 92.174295039566886, 21.031910064744025 ], [ 92.163106705315059, 21.023347645825428 ] ] } },
{ "type": "Feature", "properties": { "transect_id": 1107 }, "geometry": { "type": "LineString", "coordinates": [ [ 92.174595610420994, 21.031557438202565 ], [ 92.163069598677097, 21.023399405590904 ] ] } },
{ "type": "Feature", "properties": { "transect_id": 1108 }, "geometry": { "type": "LineString", "coordinates": [ [ 92.174877493943015, 21.031191338597086 ], [ 92.163179964617626, 21.023251450725017 ] ] } },
{ "type": "Feature", "properties": { "transect_id": 1109 }, "geometry": { "type": "LineString", "coordinates": [ [ 92.175159376071846, 21.030825238463201 ], [ 92.163461858920911, 21.022885370098038 ] ] } },
{ "type": "Feature", "properties": { "transect_id": 1110 }, "geometry": { "type": "LineString", "coordinates": [ [ 92.175441256807545, 21.030459137800946 ], [ 92.16374375183149, 21.022519288942021 ] ] } },
{ "type": "Feature", "properties": { "transect_id": 1111 }, "geometry": { "type": "LineString", "coordinates": [ [ 92.175723136150111, 21.030093036610346 ], [ 92.164025643349277, 21.022153207257176 ] ] } },
{ "type": "Feature", "properties": { "transect_id": 1112 }, "geometry": { "type": "LineString", "coordinates": [ [ 92.176005014099601, 21.029726934891428 ], [ 92.164307533474286, 21.021787125043542 ] ] } },
{ "type": "Feature", "properties": { "transect_id": 1113 }, "geometry": { "type": "LineString", "coordinates": [ [ 92.176286890656044, 21.029360832644219 ], [ 92.164589422206703, 21.02142104230095 ] ] } },
{ "type": "Feature", "properties": { "transect_id": 1114 }, "geometry": { "type": "LineString", "coordinates": [ [ 92.176568765819496, 21.028994729868746 ], [ 92.164871309546413, 21.02105495902963 ] ] } },
{ "type": "Feature", "properties": { "transect_id": 1115 }, "geometry": { "type": "LineString", "coordinates": [ [ 92.176850639589972, 21.02862862656503 ], [ 92.165153195493488, 21.020688875229581 ] ] } },
{ "type": "Feature", "properties": { "transect_id": 1116 }, "geometry": { "type": "LineString", "coordinates": [ [ 92.177132511967514, 21.028262522733108 ], [ 92.165435080048084, 21.020322790900678 ] ] } },
{ "type": "Feature", "properties": { "transect_id": 1117 }, "geometry": { "type": "LineString", "coordinates": [ [ 92.177414382952151, 21.027896418373004 ], [ 92.165716963210045, 21.01995670604315 ] ] } },
{ "type": "Feature", "properties": { "transect_id": 1118 }, "geometry": { "type": "LineString", "coordinates": [ [ 92.177696252543939, 21.027530313484739 ], [ 92.165998844979569, 21.019590620656828 ] ] } },
{ "type": "Feature", "properties": { "transect_id": 1119 }, "geometry": { "type": "LineString", "coordinates": [ [ 92.177978120742907, 21.027164208068342 ], [ 92.1662807253566, 21.019224534741891 ] ] } },
{ "type": "Feature", "properties": { "transect_id": 1120 }, "geometry": { "type": "LineString", "coordinates": [ [ 92.178259987549083, 21.026798102123848 ], [ 92.166562604341166, 21.018858448298378 ] ] } },
{ "type": "Feature", "properties": { "transect_id": 1121 }, "geometry": { "type": "LineString", "coordinates": [ [ 92.178541852962496, 21.026431995651265 ], [ 92.166844481933424, 21.018492361326121 ] ] } },
{ "type": "Feature", "properties": { "transect_id": 1122 }, "geometry": { "type": "LineString", "coordinates": [ [ 92.178823716983217, 21.026065888650638 ], [ 92.167126358133274, 21.018126273825342 ] ] } },
{ "type": "Feature", "properties": { "transect_id": 1123 }, "geometry": { "type": "LineString", "coordinates": [ [ 92.179105579611246, 21.025699781121993 ], [ 92.167408232940758, 21.017760185796064 ] ] } },
{ "type": "Feature", "properties": { "transect_id": 1124 }, "geometry": { "type": "LineString", "coordinates": [ [ 92.179387440846639, 21.025333673065351 ], [ 92.167690106356048, 21.017394097238139 ] ] } },
{ "type": "Feature", "properties": { "transect_id": 1125 }, "geometry": { "type": "LineString", "coordinates": [ [ 92.179669300689426, 21.024967564480729 ], [ 92.167971978379057, 21.01702800815174 ] ] } },
{ "type": "Feature", "properties": { "transect_id": 1126 }, "geometry": { "type": "LineString", "coordinates": [ [ 92.179951159139648, 21.024601455368174 ], [ 92.168253849009801, 21.016661918536958 ] ] } },
{ "type": "Feature", "properties": { "transect_id": 1127 }, "geometry": { "type": "LineString", "coordinates": [ [ 92.180233016197349, 21.024235345727703 ], [ 92.168535718248478, 21.016295828393581 ] ] } },
{ "type": "Feature", "properties": { "transect_id": 1128 }, "geometry": { "type": "LineString", "coordinates": [ [ 92.180514871862556, 21.023869235559339 ], [ 92.168817586094917, 21.015929737721894 ] ] } },
{ "type": "Feature", "properties": { "transect_id": 1129 }, "geometry": { "type": "LineString", "coordinates": [ [ 92.180796726135299, 21.023503124863112 ], [ 92.169099452549347, 21.015563646521688 ] ] } },
{ "type": "Feature", "properties": { "transect_id": 1130 }, "geometry": { "type": "LineString", "coordinates": [ [ 92.181078579015605, 21.023137013639047 ], [ 92.169381317611666, 21.015197554793186 ] ] } },
{ "type": "Feature", "properties": { "transect_id": 1131 }, "geometry": { "type": "LineString", "coordinates": [ [ 92.181360430503545, 21.022770901887181 ], [ 92.169663181281919, 21.014831462536382 ] ] } },
{ "type": "Feature", "properties": { "transect_id": 1132 }, "geometry": { "type": "LineString", "coordinates": [ [ 92.181642280599135, 21.022404789607531 ], [ 92.169945043560276, 21.014465369751143 ] ] } },
{ "type": "Feature", "properties": { "transect_id": 1133 }, "geometry": { "type": "LineString", "coordinates": [ [ 92.181924129302416, 21.022038676800122 ], [ 92.170226904446636, 21.014099276437662 ] ] } },
{ "type": "Feature", "properties": { "transect_id": 1134 }, "geometry": { "type": "LineString", "coordinates": [ [ 92.182205976613417, 21.021672563464985 ], [ 92.170508763941001, 21.013733182595995 ] ] } },
{ "type": "Feature", "properties": { "transect_id": 1135 }, "geometry": { "type": "LineString", "coordinates": [ [ 92.182487822532195, 21.021306449602154 ], [ 92.170790622043612, 21.013367088225955 ] ] } },
{ "type": "Feature", "properties": { "transect_id": 1136 }, "geometry": { "type": "LineString", "coordinates": [ [ 92.18276966705875, 21.020940335211641 ], [ 92.171072478754269, 21.013000993327825 ] ] } },
{ "type": "Feature", "properties": { "transect_id": 1137 }, "geometry": { "type": "LineString", "coordinates": [ [ 92.183051510193152, 21.020574220293479 ], [ 92.171354334073229, 21.012634897901386 ] ] } },
{ "type": "Feature", "properties": { "transect_id": 1138 }, "geometry": { "type": "LineString", "coordinates": [ [ 92.183333351935431, 21.020208104847697 ], [ 92.171636188000349, 21.012268801946853 ] ] } },
{ "type": "Feature", "properties": { "transect_id": 1139 }, "geometry": { "type": "LineString", "coordinates": [ [ 92.183615192285615, 21.019841988874319 ], [ 92.171918040535687, 21.011902705464248 ] ] } },
{ "type": "Feature", "properties": { "transect_id": 1140 }, "geometry": { "type": "LineString", "coordinates": [ [ 92.183897031243731, 21.019475872373381 ], [ 92.17219989167944, 21.011536608453422 ] ] } },
{ "type": "Feature", "properties": { "transect_id": 1141 }, "geometry": { "type": "LineString", "coordinates": [ [ 92.184178868809838, 21.019109755344889 ], [ 92.172481741431483, 21.01117051091456 ] ] } },
{ "type": "Feature", "properties": { "transect_id": 1142 }, "geometry": { "type": "LineString", "coordinates": [ [ 92.184460704983962, 21.018743637788898 ], [ 92.172763589791842, 21.01080441284774 ] ] } },
{ "type": "Feature", "properties": { "transect_id": 1143 }, "geometry": { "type": "LineString", "coordinates": [ [ 92.184742539766148, 21.018377519705417 ], [ 92.173045436760717, 21.010438314252752 ] ] } },
{ "type": "Feature", "properties": { "transect_id": 1144 }, "geometry": { "type": "LineString", "coordinates": [ [ 92.185024373156409, 21.018011401094469 ], [ 92.173327282337979, 21.010072215129828 ] ] } },
{ "type": "Feature", "properties": { "transect_id": 1145 }, "geometry": { "type": "LineString", "coordinates": [ [ 92.185306205154816, 21.017645281956092 ], [ 92.173609126523701, 21.009706115478988 ] ] } },
{ "type": "Feature", "properties": { "transect_id": 1146 }, "geometry": { "type": "LineString", "coordinates": [ [ 92.18558803576137, 21.017279162290311 ], [ 92.173890969318023, 21.009340015300104 ] ] } },
{ "type": "Feature", "properties": { "transect_id": 1147 }, "geometry": { "type": "LineString", "coordinates": [ [ 92.185869864976141, 21.016913042097137 ], [ 92.174172810720819, 21.008973914593405 ] ] } },
{ "type": "Feature", "properties": { "transect_id": 1148 }, "geometry": { "type": "LineString", "coordinates": [ [ 92.186151692799129, 21.016546921376623 ], [ 92.174454650732287, 21.008607813358704 ] ] } },
{ "type": "Feature", "properties": { "transect_id": 1149 }, "geometry": { "type": "LineString", "coordinates": [ [ 92.186428207330266, 21.016177500696738 ], [ 92.174286659969937, 21.008850386912751 ] ] } },
{ "type": "Feature", "properties": { "transect_id": 1150 }, "geometry": { "type": "LineString", "coordinates": [ [ 92.186676802964485, 21.015790738848622 ], [ 92.174320297376426, 21.008787656272457 ] ] } },
{ "type": "Feature", "properties": { "transect_id": 1151 }, "geometry": { "type": "LineString", "coordinates": [ [ 92.18692539729318, 21.015403976578085 ], [ 92.17456891061164, 21.008400912406433 ] ] } },
{ "type": "Feature", "properties": { "transect_id": 1152 }, "geometry": { "type": "LineString", "coordinates": [ [ 92.187173990316424, 21.015017213885145 ], [ 92.174817522541503, 21.008014168117363 ] ] } },
{ "type": "Feature", "properties": { "transect_id": 1153 }, "geometry": { "type": "LineString", "coordinates": [ [ 92.187422582034245, 21.014630450769832 ], [ 92.175066133166013, 21.007627423405346 ] ] } },
{ "type": "Feature", "properties": { "transect_id": 1154 }, "geometry": { "type": "LineString", "coordinates": [ [ 92.187671172446684, 21.014243687232174 ], [ 92.175314742485213, 21.007240678270382 ] ] } },
{ "type": "Feature", "properties": { "transect_id": 1155 }, "geometry": { "type": "LineString", "coordinates": [ [ 92.18791373741692, 21.013853899312817 ], [ 92.175090502539049, 21.007634695999492 ] ] } },
{ "type": "Feature", "properties": { "transect_id": 1156 }, "geometry": { "type": "LineString", "coordinates": [ [ 92.188118169035135, 21.013444969703237 ], [ 92.175053539272312, 21.007685791062446 ] ] } },
{ "type": "Feature", "properties": { "transect_id": 1157 }, "geometry": { "type": "LineString", "coordinates": [ [ 92.188322599506705, 21.013036039792329 ], [ 92.17525799633772, 21.007276877485317 ] ] } },
{ "type": "Feature", "properties": { "transect_id": 1158 }, "geometry": { "type": "LineString", "coordinates": [ [ 92.188527028831643, 21.012627109580102 ], [ 92.175462452256284, 21.006867963606176 ] ] } },
{ "type": "Feature", "properties": { "transect_id": 1159 }, "geometry": { "type": "LineString", "coordinates": [ [ 92.188731457010022, 21.01221817906659 ], [ 92.17566690702796, 21.006459049425242 ] ] } },
{ "type": "Feature", "properties": { "transect_id": 1160 }, "geometry": { "type": "LineString", "coordinates": [ [ 92.188935884041825, 21.011809248251804 ], [ 92.17587136065282, 21.00605013494237 ] ] } },
{ "type": "Feature", "properties": { "transect_id": 1161 }, "geometry": { "type": "LineString", "coordinates": [ [ 92.18914030992714, 21.011400317135752 ], [ 92.176075813130851, 21.005641220157734 ] ] } },
{ "type": "Feature", "properties": { "transect_id": 1162 }, "geometry": { "type": "LineString", "coordinates": [ [ 92.189344734665994, 21.010991385718459 ], [ 92.176019162712819, 21.005786395186735 ] ] } },
{ "type": "Feature", "properties": { "transect_id": 1163 }, "geometry": { "type": "LineString", "coordinates": [ [ 92.189496871987771, 21.010563575843879 ], [ 92.175689248021698, 21.006619017877625 ] ] } },
{ "type": "Feature", "properties": { "transect_id": 1164 }, "geometry": { "type": "LineString", "coordinates": [ [ 92.189636879421613, 21.0101313865676 ], [ 92.175829290701358, 21.006186840946853 ] ] } },
{ "type": "Feature", "properties": { "transect_id": 1165 }, "geometry": { "type": "LineString", "coordinates": [ [ 92.189776886007238, 21.009699197128214 ], [ 92.175969332532077, 21.005754663852535 ] ] } },
{ "type": "Feature", "properties": { "transect_id": 1166 }, "geometry": { "type": "LineString", "coordinates": [ [ 92.189916891744659, 21.00926700752575 ], [ 92.176109373513881, 21.005322486594597 ] ] } },
{ "type": "Feature", "properties": { "transect_id": 1167 }, "geometry": { "type": "LineString", "coordinates": [ [ 92.190056896633919, 21.008834817760199 ], [ 92.176249413646772, 21.004890309173167 ] ] } },
{ "type": "Feature", "properties": { "transect_id": 1168 }, "geometry": { "type": "LineString", "coordinates": [ [ 92.190196900675033, 21.008402627831579 ], [ 92.176389452930835, 21.004458131588134 ] ] } },
{ "type": "Feature", "properties": { "transect_id": 1169 }, "geometry": { "type": "LineString", "coordinates": [ [ 92.190336903868058, 21.007970437739885 ], [ 92.176529491366068, 21.004025953839548 ] ] } },
{ "type": "Feature", "properties": { "transect_id": 1170 }, "geometry": { "type": "LineString", "coordinates": [ [ 92.190476906212993, 21.00753824748514 ], [ 92.176669528952488, 21.003593775927417 ] ] } },
{ "type": "Feature", "properties": { "transect_id": 1171 }, "geometry": { "type": "LineString", "coordinates": [ [ 92.190616907709895, 21.007106057067347 ], [ 92.176809565690149, 21.003161597851804 ] ] } },
{ "type": "Feature", "properties": { "transect_id": 1172 }, "geometry": { "type": "LineString", "coordinates": [ [ 92.190756908358779, 21.006673866486512 ], [ 92.176949601579054, 21.002729419612638 ] ] } },
{ "type": "Feature", "properties": { "transect_id": 1173 }, "geometry": { "type": "LineString", "coordinates": [ [ 92.190896908159658, 21.006241675742643 ], [ 92.177089636619272, 21.002297241209956 ] ] } },
{ "type": "Feature", "properties": { "transect_id": 1174 }, "geometry": { "type": "LineString", "coordinates": [ [ 92.191036907112604, 21.005809484835751 ], [ 92.177229670810817, 21.001865062643734 ] ] } },
{ "type": "Feature", "properties": { "transect_id": 1175 }, "geometry": { "type": "LineString", "coordinates": [ [ 92.191176905217631, 21.005377293765836 ], [ 92.177369704153691, 21.001432883914063 ] ] } },
{ "type": "Feature", "properties": { "transect_id": 1176 }, "geometry": { "type": "LineString", "coordinates": [ [ 92.191316902474739, 21.004945102532922 ], [ 92.177509736647963, 21.001000705020893 ] ] } },
{ "type": "Feature", "properties": { "transect_id": 1177 }, "geometry": { "type": "LineString", "coordinates": [ [ 92.191456898883999, 21.004512911136995 ], [ 92.177649768293634, 21.00056852596423 ] ] } },
{ "type": "Feature", "properties": { "transect_id": 1178 }, "geometry": { "type": "LineString", "coordinates": [ [ 92.191596894445411, 21.004080719578091 ], [ 92.177789799090775, 21.00013634674406 ] ] } },
{ "type": "Feature", "properties": { "transect_id": 1179 }, "geometry": { "type": "LineString", "coordinates": [ [ 92.191736889159017, 21.003648527856196 ], [ 92.177929829039357, 20.999704167360488 ] ] } },
{ "type": "Feature", "properties": { "transect_id": 1180 }, "geometry": { "type": "LineString", "coordinates": [ [ 92.191876883024861, 21.003216335971317 ], [ 92.178069858139452, 20.999271987813412 ] ] } },
{ "type": "Feature", "properties": { "transect_id": 1181 }, "geometry": { "type": "LineString", "coordinates": [ [ 92.192016876042942, 21.002784143923478 ], [ 92.178209886391087, 20.998839808102911 ] ] } },
{ "type": "Feature", "properties": { "transect_id": 1182 }, "geometry": { "type": "LineString", "coordinates": [ [ 92.192156868213317, 21.002351951712683 ], [ 92.178349913794278, 20.998407628228922 ] ] } },
{ "type": "Feature", "properties": { "transect_id": 1183 }, "geometry": { "type": "LineString", "coordinates": [ [ 92.192296859536015, 21.001919759338929 ], [ 92.178489940349053, 20.997975448191564 ] ] } },
{ "type": "Feature", "properties": { "transect_id": 1184 }, "geometry": { "type": "LineString", "coordinates": [ [ 92.192436850011049, 21.001487566802236 ], [ 92.178629966055453, 20.997543267990743 ] ] } },
{ "type": "Feature", "properties": { "transect_id": 1185 }, "geometry": { "type": "LineString", "coordinates": [ [ 92.192576839638448, 21.001055374102602 ], [ 92.178769990913509, 20.997111087626507 ] ] } },
{ "type": "Feature", "properties": { "transect_id": 1186 }, "geometry": { "type": "LineString", "coordinates": [ [ 92.192716828418256, 21.000623181240044 ], [ 92.178910014923261, 20.996678907098815 ] ] } },
{ "type": "Feature", "properties": { "transect_id": 1187 }, "geometry": { "type": "LineString", "coordinates": [ [ 92.192856816350499, 21.00019098821457 ], [ 92.179050038084682, 20.996246726407819 ] ] } },
{ "type": "Feature", "properties": { "transect_id": 1188 }, "geometry": { "type": "LineString", "coordinates": [ [ 92.192996803435221, 20.999758795026182 ], [ 92.179190060397872, 20.995814545553376 ] ] } },
{ "type": "Feature", "properties": { "transect_id": 1189 }, "geometry": { "type": "LineString", "coordinates": [ [ 92.193136789672408, 20.999326601674891 ], [ 92.17933008186283, 20.995382364535548 ] ] } },
{ "type": "Feature", "properties": { "transect_id": 1190 }, "geometry": { "type": "LineString", "coordinates": [ [ 92.193276775062131, 20.998894408160709 ], [ 92.179470102479613, 20.99495018335432 ] ] } },
{ "type": "Feature", "properties": { "transect_id": 1191 }, "geometry": { "type": "LineString", "coordinates": [ [ 92.193416759604418, 20.998462214483627 ], [ 92.179610122248192, 20.994518002009766 ] ] } },
{ "type": "Feature", "properties": { "transect_id": 1192 }, "geometry": { "type": "LineString", "coordinates": [ [ 92.193556743299283, 20.998030020643682 ], [ 92.179750141168654, 20.994085820501841 ] ] } },
{ "type": "Feature", "properties": { "transect_id": 1193 }, "geometry": { "type": "LineString", "coordinates": [ [ 92.193696726146769, 20.997597826640863 ], [ 92.179890159240998, 20.993653638830562 ] ] } },
{ "type": "Feature", "properties": { "transect_id": 1194 }, "geometry": { "type": "LineString", "coordinates": [ [ 92.193836708146875, 20.997165632475177 ], [ 92.18003017646528, 20.993221456995897 ] ] } },
{ "type": "Feature", "properties": { "transect_id": 1195 }, "geometry": { "type": "LineString", "coordinates": [ [ 92.193976689299674, 20.996733438146638 ], [ 92.180170192841487, 20.992789274997961 ] ] } },
{ "type": "Feature", "properties": { "transect_id": 1196 }, "geometry": { "type": "LineString", "coordinates": [ [ 92.194116669605179, 20.996301243655253 ], [ 92.18031020836969, 20.992357092836656 ] ] } },
{ "type": "Feature", "properties": { "transect_id": 1197 }, "geometry": { "type": "LineString", "coordinates": [ [ 92.194256649063405, 20.99586904900103 ], [ 92.180450223049903, 20.991924910512015 ] ] } },
{ "type": "Feature", "properties": { "transect_id": 1198 }, "geometry": { "type": "LineString", "coordinates": [ [ 92.194396627674394, 20.995436854183982 ], [ 92.180590236882139, 20.991492728024124 ] ] } },
{ "type": "Feature", "properties": { "transect_id": 1199 }, "geometry": { "type": "LineString", "coordinates": [ [ 92.194536605438188, 20.995004659204106 ], [ 92.180730249866471, 20.991060545372889 ] ] } },
{ "type": "Feature", "properties": { "transect_id": 1200 }, "geometry": { "type": "LineString", "coordinates": [ [ 92.194676582354802, 20.99457246406142 ], [ 92.180870262002884, 20.990628362558358 ] ] } },
{ "type": "Feature", "properties": { "transect_id": 1201 }, "geometry": { "type": "LineString", "coordinates": [ [ 92.194816558424264, 20.994140268755924 ], [ 92.181010273291449, 20.990196179580501 ] ] } },
{ "type": "Feature", "properties": { "transect_id": 1202 }, "geometry": { "type": "LineString", "coordinates": [ [ 92.194956533646618, 20.993708073287635 ], [ 92.181150283732165, 20.989763996439432 ] ] } },
{ "type": "Feature", "properties": { "transect_id": 1203 }, "geometry": { "type": "LineString", "coordinates": [ [ 92.195096508021877, 20.993275877656554 ], [ 92.181290293325063, 20.98933181313507 ] ] } },
{ "type": "Feature", "properties": { "transect_id": 1204 }, "geometry": { "type": "LineString", "coordinates": [ [ 92.195236481550083, 20.992843681862695 ], [ 92.181430302070183, 20.988899629667443 ] ] } },
{ "type": "Feature", "properties": { "transect_id": 1205 }, "geometry": { "type": "LineString", "coordinates": [ [ 92.195376454231251, 20.992411485906057 ], [ 92.181570309967569, 20.988467446036516 ] ] } },
{ "type": "Feature", "properties": { "transect_id": 1206 }, "geometry": { "type": "LineString", "coordinates": [ [ 92.195516426065439, 20.991979289786663 ], [ 92.181710317017235, 20.988035262242423 ] ] } },
{ "type": "Feature", "properties": { "transect_id": 1207 }, "geometry": { "type": "LineString", "coordinates": [ [ 92.195656397052645, 20.991547093504504 ], [ 92.181850323219209, 20.98760307828503 ] ] } },
{ "type": "Feature", "properties": { "transect_id": 1208 }, "geometry": { "type": "LineString", "coordinates": [ [ 92.195796367192926, 20.9911148970596 ], [ 92.181990328573505, 20.987170894164443 ] ] } },
{ "type": "Feature", "properties": { "transect_id": 1209 }, "geometry": { "type": "LineString", "coordinates": [ [ 92.195936336486284, 20.990682700451949 ], [ 92.182130333080195, 20.986738709880566 ] ] } },
{ "type": "Feature", "properties": { "transect_id": 1210 }, "geometry": { "type": "LineString", "coordinates": [ [ 92.196076304932788, 20.99025050368158 ], [ 92.182270336739265, 20.986306525433566 ] ] } },
{ "type": "Feature", "properties": { "transect_id": 1211 }, "geometry": { "type": "LineString", "coordinates": [ [ 92.196216272532439, 20.989818306748472 ], [ 92.182410339550785, 20.985874340823315 ] ] } },
{ "type": "Feature", "properties": { "transect_id": 1212 }, "geometry": { "type": "LineString", "coordinates": [ [ 92.196356239285265, 20.989386109652656 ], [ 92.182550341514755, 20.985442156049867 ] ] } },
{ "type": "Feature", "properties": { "transect_id": 1213 }, "geometry": { "type": "LineString", "coordinates": [ [ 92.196496205191295, 20.988953912394127 ], [ 92.182690342631233, 20.985009971113175 ] ] } },
{ "type": "Feature", "properties": { "transect_id": 1214 }, "geometry": { "type": "LineString", "coordinates": [ [ 92.196636170250585, 20.988521714972904 ], [ 92.182830342900203, 20.9845777860134 ] ] } },
{ "type": "Feature", "properties": { "transect_id": 1215 }, "geometry": { "type": "LineString", "coordinates": [ [ 92.196776134463136, 20.988089517388982 ], [ 92.182970342321738, 20.984145600750406 ] ] } },
{ "type": "Feature", "properties": { "transect_id": 1216 }, "geometry": { "type": "LineString", "coordinates": [ [ 92.196916097829003, 20.987657319642384 ], [ 92.183110340895837, 20.983713415324239 ] ] } },
{ "type": "Feature", "properties": { "transect_id": 1217 }, "geometry": { "type": "LineString", "coordinates": [ [ 92.197056060348174, 20.987225121733101 ], [ 92.183250338622585, 20.983281229734882 ] ] } },
{ "type": "Feature", "properties": { "transect_id": 1218 }, "geometry": { "type": "LineString", "coordinates": [ [ 92.197196022020734, 20.986792923661159 ], [ 92.183390335501926, 20.982849043982437 ] ] } },
{ "type": "Feature", "properties": { "transect_id": 1219 }, "geometry": { "type": "LineString", "coordinates": [ [ 92.197335982846667, 20.98636072542655 ], [ 92.183530331533959, 20.982416858066838 ] ] } },
{ "type": "Feature", "properties": { "transect_id": 1220 }, "geometry": { "type": "LineString", "coordinates": [ [ 92.197475942826046, 20.985928527029294 ], [ 92.183670326718698, 20.981984671988094 ] ] } },
{ "type": "Feature", "properties": { "transect_id": 1221 }, "geometry": { "type": "LineString", "coordinates": [ [ 92.197615901958869, 20.985496328469395 ], [ 92.183810321056171, 20.981552485746182 ] ] } },
{ "type": "Feature", "properties": { "transect_id": 1222 }, "geometry": { "type": "LineString", "coordinates": [ [ 92.197755860245167, 20.985064129746863 ], [ 92.183950314546394, 20.981120299341232 ] ] } },
{ "type": "Feature", "properties": { "transect_id": 1223 }, "geometry": { "type": "LineString", "coordinates": [ [ 92.19789581768498, 20.984631930861699 ], [ 92.184090307189408, 20.980688112773127 ] ] } },
{ "type": "Feature", "properties": { "transect_id": 1224 }, "geometry": { "type": "LineString", "coordinates": [ [ 92.198035774278338, 20.984199731813916 ], [ 92.184230298985227, 20.980255926041913 ] ] } },
{ "type": "Feature", "properties": { "transect_id": 1225 }, "geometry": { "type": "LineString", "coordinates": [ [ 92.198175730025255, 20.983767532603526 ], [ 92.184370289933923, 20.979823739147598 ] ] } },
{ "type": "Feature", "properties": { "transect_id": 1226 }, "geometry": { "type": "LineString", "coordinates": [ [ 92.198315684925788, 20.983335333230535 ], [ 92.184510280035468, 20.979391552090256 ] ] } },
{ "type": "Feature", "properties": { "transect_id": 1227 }, "geometry": { "type": "LineString", "coordinates": [ [ 92.198455638979951, 20.982903133694951 ], [ 92.184650269289932, 20.978959364869802 ] ] } },
{ "type": "Feature", "properties": { "transect_id": 1228 }, "geometry": { "type": "LineString", "coordinates": [ [ 92.198595592187772, 20.982470933996776 ], [ 92.184790257697358, 20.978527177486281 ] ] } },
{ "type": "Feature", "properties": { "transect_id": 1229 }, "geometry": { "type": "LineString", "coordinates": [ [ 92.19873554454928, 20.982038734136015 ], [ 92.18493024525776, 20.978094989939645 ] ] } },
{ "type": "Feature", "properties": { "transect_id": 1230 }, "geometry": { "type": "LineString", "coordinates": [ [ 92.198875496064517, 20.981606534112696 ], [ 92.18507023197111, 20.977662802230054 ] ] } },
{ "type": "Feature", "properties": { "transect_id": 1231 }, "geometry": { "type": "LineString", "coordinates": [ [ 92.199015446733512, 20.981174333926809 ], [ 92.185210217837522, 20.977230614357378 ] ] } },
{ "type": "Feature", "properties": { "transect_id": 1232 }, "geometry": { "type": "LineString", "coordinates": [ [ 92.199155396556279, 20.980742133578371 ], [ 92.185350202856981, 20.976798426321654 ] ] } },
{ "type": "Feature", "properties": { "transect_id": 1233 }, "geometry": { "type": "LineString", "coordinates": [ [ 92.19929534553286, 20.980309933067389 ], [ 92.185490187029558, 20.976366238122882 ] ] } },
{ "type": "Feature", "properties": { "transect_id": 1234 }, "geometry": { "type": "LineString", "coordinates": [ [ 92.199435293663285, 20.979877732393856 ], [ 92.185630170355225, 20.975934049761133 ] ] } },
{ "type": "Feature", "properties": { "transect_id": 1235 }, "geometry": { "type": "LineString", "coordinates": [ [ 92.199575240947567, 20.979445531557804 ], [ 92.185770152834053, 20.975501861236364 ] ] } },
{ "type": "Feature", "properties": { "transect_id": 1236 }, "geometry": { "type": "LineString", "coordinates": [ [ 92.199715187385763, 20.979013330559237 ], [ 92.185910134466056, 20.975069672548585 ] ] } },
{ "type": "Feature", "properties": { "transect_id": 1237 }, "geometry": { "type": "LineString", "coordinates": [ [ 92.199855132977888, 20.978581129398147 ], [ 92.186050115251291, 20.974637483697776 ] ] } },
{ "type": "Feature", "properties": { "transect_id": 1238 }, "geometry": { "type": "LineString", "coordinates": [ [ 92.199995077723969, 20.97814892807456 ], [ 92.18619009518973, 20.974205294684044 ] ] } },
{ "type": "Feature", "properties": { "transect_id": 1239 }, "geometry": { "type": "LineString", "coordinates": [ [ 92.20013502162405, 20.977716726588461 ], [ 92.186330074281443, 20.973773105507295 ] ] } },
{ "type": "Feature", "properties": { "transect_id": 1240 }, "geometry": { "type": "LineString", "coordinates": [ [ 92.200274964678144, 20.977284524939879 ], [ 92.186451400180403, 20.973398972503123 ] ] } },
{ "type": "Feature", "properties": { "transect_id": 1241 }, "geometry": { "type": "LineString", "coordinates": [ [ 92.200410080601927, 20.976850974280111 ], [ 92.186555852313347, 20.973063100554619 ] ] } },
{ "type": "Feature", "properties": { "transect_id": 1242 }, "geometry": { "type": "LineString", "coordinates": [ [ 92.200544495103529, 20.976417227662619 ], [ 92.186690302603125, 20.972629365861792 ] ] } },
{ "type": "Feature", "properties": { "transect_id": 1243 }, "geometry": { "type": "LineString", "coordinates": [ [ 92.200678908787623, 20.975983480892342 ], [ 92.186824752074628, 20.972195631015744 ] ] } },
{ "type": "Feature", "properties": { "transect_id": 1244 }, "geometry": { "type": "LineString", "coordinates": [ [ 92.200813321654209, 20.975549733969284 ], [ 92.18695920072787, 20.971761896016503 ] ] } },
{ "type": "Feature", "properties": { "transect_id": 1245 }, "geometry": { "type": "LineString", "coordinates": [ [ 92.200947733703359, 20.975115986893453 ], [ 92.18709364856295, 20.971328160863919 ] ] } },
{ "type": "Feature", "properties": { "transect_id": 1246 }, "geometry": { "type": "LineString", "coordinates": [ [ 92.201082144935086, 20.974682239664844 ], [ 92.187228095579812, 20.970894425558146 ] ] } },
{ "type": "Feature", "properties": { "transect_id": 1247 }, "geometry": { "type": "LineString", "coordinates": [ [ 92.201216555349404, 20.974248492283497 ], [ 92.187362541778526, 20.970460690099184 ] ] } },
{ "type": "Feature", "properties": { "transect_id": 1248 }, "geometry": { "type": "LineString", "coordinates": [ [ 92.201350964946357, 20.973814744749387 ], [ 92.187496987159122, 20.970026954486951 ] ] } },
{ "type": "Feature", "properties": { "transect_id": 1249 }, "geometry": { "type": "LineString", "coordinates": [ [ 92.201485373725973, 20.973380997062524 ], [ 92.187631431721641, 20.969593218721503 ] ] } },
{ "type": "Feature", "properties": { "transect_id": 1250 }, "geometry": { "type": "LineString", "coordinates": [ [ 92.201619781688279, 20.972947249222937 ], [ 92.18776587546607, 20.969159482802905 ] ] } },
{ "type": "Feature", "properties": { "transect_id": 1251 }, "geometry": { "type": "LineString", "coordinates": [ [ 92.201754188833306, 20.972513501230623 ], [ 92.187900318392494, 20.968725746731042 ] ] } },
{ "type": "Feature", "properties": { "transect_id": 1252 }, "geometry": { "type": "LineString", "coordinates": [ [ 92.201888595161066, 20.972079753085573 ], [ 92.188034760500884, 20.96829201050603 ] ] } },
{ "type": "Feature", "properties": { "transect_id": 1253 }, "geometry": { "type": "LineString", "coordinates": [ [ 92.202023000671616, 20.971646004787821 ], [ 92.188169201791297, 20.967858274127853 ] ] } },
{ "type": "Feature", "properties": { "transect_id": 1254 }, "geometry": { "type": "LineString", "coordinates": [ [ 92.202157405364972, 20.971212256337367 ], [ 92.18830364226379, 20.96742453759644 ] ] } },
{ "type": "Feature", "properties": { "transect_id": 1255 }, "geometry": { "type": "LineString", "coordinates": [ [ 92.202291809241146, 20.970778507734206 ], [ 92.188438081918349, 20.966990800911891 ] ] } },
{ "type": "Feature", "properties": { "transect_id": 1256 }, "geometry": { "type": "LineString", "coordinates": [ [ 92.20242621230021, 20.970344758978353 ], [ 92.188572520755002, 20.966557064074237 ] ] } },
{ "type": "Feature", "properties": { "transect_id": 1257 }, "geometry": { "type": "LineString", "coordinates": [ [ 92.202560614542151, 20.969911010069829 ], [ 92.188706958773821, 20.966123327083338 ] ] } },
{ "type": "Feature", "properties": { "transect_id": 1258 }, "geometry": { "type": "LineString", "coordinates": [ [ 92.202695015967024, 20.96947726100861 ], [ 92.188841395974791, 20.965689589939334 ] ] } },
{ "type": "Feature", "properties": { "transect_id": 1259 }, "geometry": { "type": "LineString", "coordinates": [ [ 92.202829416574829, 20.969043511794734 ], [ 92.188975832357954, 20.965255852642244 ] ] } },
{ "type": "Feature", "properties": { "transect_id": 1260 }, "geometry": { "type": "LineString", "coordinates": [ [ 92.202963816365624, 20.968609762428201 ], [ 92.189110267923354, 20.964822115191929 ] ] } },
{ "type": "Feature", "properties": { "transect_id": 1261 }, "geometry": { "type": "LineString", "coordinates": [ [ 92.203098215339438, 20.968176012909009 ], [ 92.189244702671004, 20.964388377588545 ] ] } },
{ "type": "Feature", "properties": { "transect_id": 1262 }, "geometry": { "type": "LineString", "coordinates": [ [ 92.203232613496283, 20.967742263237163 ], [ 92.189379136600934, 20.963954639832075 ] ] } },
{ "type": "Feature", "properties": { "transect_id": 1263 }, "geometry": { "type": "LineString", "coordinates": [ [ 92.203367010836203, 20.9673085134127 ], [ 92.189513569713199, 20.963520901922443 ] ] } },
{ "type": "Feature", "properties": { "transect_id": 1264 }, "geometry": { "type": "LineString", "coordinates": [ [ 92.203501407359198, 20.966874763435587 ], [ 92.1896480020078, 20.963087163859718 ] ] } },
{ "type": "Feature", "properties": { "transect_id": 1265 }, "geometry": { "type": "LineString", "coordinates": [ [ 92.203635803065339, 20.966441013305861 ], [ 92.189782433484751, 20.962653425643957 ] ] } },
{ "type": "Feature", "properties": { "transect_id": 1266 }, "geometry": { "type": "LineString", "coordinates": [ [ 92.203770197954611, 20.966007263023521 ], [ 92.189916864144109, 20.962219687275038 ] ] } },
{ "type": "Feature", "properties": { "transect_id": 1267 }, "geometry": { "type": "LineString", "coordinates": [ [ 92.203904592027101, 20.965573512588563 ], [ 92.190051293985903, 20.961785948753089 ] ] } },
{ "type": "Feature", "properties": { "transect_id": 1268 }, "geometry": { "type": "LineString", "coordinates": [ [ 92.204038985282779, 20.965139762001012 ], [ 92.190185723010146, 20.961352210078086 ] ] } },
{ "type": "Feature", "properties": { "transect_id": 1269 }, "geometry": { "type": "LineString", "coordinates": [ [ 92.204173377721702, 20.964706011260862 ], [ 92.190320151216895, 20.960918471249961 ] ] } },
{ "type": "Feature", "properties": { "transect_id": 1270 }, "geometry": { "type": "LineString", "coordinates": [ [ 92.204307769343899, 20.96427226036813 ], [ 92.190428324178228, 20.96057049528066 ] ] } },
{ "type": "Feature", "properties": { "transect_id": 1271 }, "geometry": { "type": "LineString", "coordinates": [ [ 92.204427632274829, 20.96383490053524 ], [ 92.190392489984987, 20.960693551216792 ] ] } },
{ "type": "Feature", "properties": { "transect_id": 1272 }, "geometry": { "type": "LineString", "coordinates": [ [ 92.204539090802825, 20.963395453067331 ], [ 92.190503986519303, 20.960254114014052 ] ] } },
{ "type": "Feature", "properties": { "transect_id": 1273 }, "geometry": { "type": "LineString", "coordinates": [ [ 92.204650548635612, 20.962956005483317 ], [ 92.190615482357543, 20.959814676694819 ] ] } },
{ "type": "Feature", "properties": { "transect_id": 1274 }, "geometry": { "type": "LineString", "coordinates": [ [ 92.204762005773205, 20.962516557783189 ], [ 92.190726977499722, 20.95937523925906 ] ] } },
{ "type": "Feature", "properties": { "transect_id": 1275 }, "geometry": { "type": "LineString", "coordinates": [ [ 92.20487346221563, 20.96207710996697 ], [ 92.190838471945852, 20.958935801706822 ] ] } },
{ "type": "Feature", "properties": { "transect_id": 1276 }, "geometry": { "type": "LineString", "coordinates": [ [ 92.204984917962918, 20.961637662034647 ], [ 92.190949965695978, 20.958496364038076 ] ] } },
{ "type": "Feature", "properties": { "transect_id": 1277 }, "geometry": { "type": "LineString", "coordinates": [ [ 92.205096373015081, 20.961198213986243 ], [ 92.191061458750113, 20.958056926252819 ] ] } },
{ "type": "Feature", "properties": { "transect_id": 1278 }, "geometry": { "type": "LineString", "coordinates": [ [ 92.205207827372163, 20.960758765821755 ], [ 92.191172951108285, 20.957617488351062 ] ] } },
{ "type": "Feature", "properties": { "transect_id": 1279 }, "geometry": { "type": "LineString", "coordinates": [ [ 92.205319281034178, 20.960319317541185 ], [ 92.191410570725921, 20.956716985409969 ] ] } },
{ "type": "Feature", "properties": { "transect_id": 1280 }, "geometry": { "type": "LineString", "coordinates": [ [ 92.205463398271107, 20.959888334714826 ], [ 92.191863810383936, 20.955363096374256 ] ] } },
{ "type": "Feature", "properties": { "transect_id": 1281 }, "geometry": { "type": "LineString", "coordinates": [ [ 92.205654444976616, 20.959474608025676 ], [ 92.192614302585525, 20.953675833840155 ] ] } },
{ "type": "Feature", "properties": { "transect_id": 1282 }, "geometry": { "type": "LineString", "coordinates": [ [ 92.20588096150243, 20.959077150940242 ], [ 92.19363853837956, 20.951906396003594 ] ] } },
{ "type": "Feature", "properties": { "transect_id": 1283 }, "geometry": { "type": "LineString", "coordinates": [ [ 92.20613857401284, 20.958695795794814 ], [ 92.193734991556909, 20.95177376204667 ] ] } },
{ "type": "Feature", "properties": { "transect_id": 1284 }, "geometry": { "type": "LineString", "coordinates": [ [ 92.206375543448118, 20.958302695591627 ], [ 92.193821398026898, 20.951624495869869 ] ] } },
{ "type": "Feature", "properties": { "transect_id": 1285 }, "geometry": { "type": "LineString", "coordinates": [ [ 92.206612511619738, 20.957909595001645 ], [ 92.194058387206411, 20.951231413138444 ] ] } },
{ "type": "Feature", "properties": { "transect_id": 1286 }, "geometry": { "type": "LineString", "coordinates": [ [ 92.206849478527786, 20.957516494024894 ], [ 92.194295375122294, 20.950838330019664 ] ] } },
{ "type": "Feature", "properties": { "transect_id": 1287 }, "geometry": { "type": "LineString", "coordinates": [ [ 92.207086444172248, 20.957123392661398 ], [ 92.194532361774634, 20.950445246513489 ] ] } },
{ "type": "Feature", "properties": { "transect_id": 1288 }, "geometry": { "type": "LineString", "coordinates": [ [ 92.207323408553194, 20.956730290911167 ], [ 92.194769347163358, 20.950052162620082 ] ] } },
{ "type": "Feature", "properties": { "transect_id": 1289 }, "geometry": { "type": "LineString", "coordinates": [ [ 92.207560371670667, 20.956337188774224 ], [ 92.195006331288624, 20.949659078339327 ] ] } },
{ "type": "Feature", "properties": { "transect_id": 1290 }, "geometry": { "type": "LineString", "coordinates": [ [ 92.207797333524681, 20.955944086250597 ], [ 92.195243314150417, 20.949265993671297 ] ] } },
{ "type": "Feature", "properties": { "transect_id": 1291 }, "geometry": { "type": "LineString", "coordinates": [ [ 92.208034294115279, 20.955550983340299 ], [ 92.195480295748766, 20.948872908616007 ] ] } },
{ "type": "Feature", "properties": { "transect_id": 1292 }, "geometry": { "type": "LineString", "coordinates": [ [ 92.208271253442518, 20.955157880043352 ], [ 92.195717276083769, 20.948479823173454 ] ] } },
{ "type": "Feature", "properties": { "transect_id": 1293 }, "geometry": { "type": "LineString", "coordinates": [ [ 92.208508211506441, 20.954764776359781 ], [ 92.195954255155371, 20.948086737343694 ] ] } },
{ "type": "Feature", "properties": { "transect_id": 1294 }, "geometry": { "type": "LineString", "coordinates": [ [ 92.208745168307061, 20.954371672289597 ], [ 92.196191232963685, 20.94769365112673 ] ] } },
{ "type": "Feature", "properties": { "transect_id": 1295 }, "geometry": { "type": "LineString", "coordinates": [ [ 92.208982123844407, 20.953978567832827 ], [ 92.196428209508724, 20.9473005645226 ] ] } },
{ "type": "Feature", "properties": { "transect_id": 1296 }, "geometry": { "type": "LineString", "coordinates": [ [ 92.209219078118565, 20.953585462989491 ], [ 92.196665184790547, 20.94690747753128 ] ] } },
{ "type": "Feature", "properties": { "transect_id": 1297 }, "geometry": { "type": "LineString", "coordinates": [ [ 92.209456031129534, 20.953192357759619 ], [ 92.196902158809152, 20.946514390152849 ] ] } },
{ "type": "Feature", "properties": { "transect_id": 1298 }, "geometry": { "type": "LineString", "coordinates": [ [ 92.209692982877371, 20.952799252143212 ], [ 92.197139131564583, 20.946121302387283 ] ] } },
{ "type": "Feature", "properties": { "transect_id": 1299 }, "geometry": { "type": "LineString", "coordinates": [ [ 92.209929933362091, 20.952406146140302 ], [ 92.197376103056911, 20.945728214234641 ] ] } },
{ "type": "Feature", "properties": { "transect_id": 1300 }, "geometry": { "type": "LineString", "coordinates": [ [ 92.210166882583749, 20.952013039750902 ], [ 92.197613073286163, 20.945335125694889 ] ] } },
{ "type": "Feature", "properties": { "transect_id": 1301 }, "geometry": { "type": "LineString", "coordinates": [ [ 92.210403830542404, 20.951619932975042 ], [ 92.197850042252355, 20.944942036768094 ] ] } },
{ "type": "Feature", "properties": { "transect_id": 1302 }, "geometry": { "type": "LineString", "coordinates": [ [ 92.210640777238069, 20.951226825812739 ], [ 92.198087009955557, 20.944548947454262 ] ] } },
{ "type": "Feature", "properties": { "transect_id": 1303 }, "geometry": { "type": "LineString", "coordinates": [ [ 92.210877722670787, 20.950833718264008 ], [ 92.198323976395784, 20.944155857753419 ] ] } },
{ "type": "Feature", "properties": { "transect_id": 1304 }, "geometry": { "type": "LineString", "coordinates": [ [ 92.211114666840587, 20.950440610328879 ], [ 92.198560941573078, 20.943762767665582 ] ] } },
{ "type": "Feature", "properties": { "transect_id": 1305 }, "geometry": { "type": "LineString", "coordinates": [ [ 92.211351609747524, 20.950047502007362 ], [ 92.198797905487524, 20.943369677190695 ] ] } },
{ "type": "Feature", "properties": { "transect_id": 1306 }, "geometry": { "type": "LineString", "coordinates": [ [ 92.211588551391614, 20.949654393299493 ], [ 92.199034868139051, 20.942976586328975 ] ] } },
{ "type": "Feature", "properties": { "transect_id": 1307 }, "geometry": { "type": "LineString", "coordinates": [ [ 92.211825491772927, 20.949261284205271 ], [ 92.199271829527788, 20.942583495080267 ] ] } },
{ "type": "Feature", "properties": { "transect_id": 1308 }, "geometry": { "type": "LineString", "coordinates": [ [ 92.212062430891478, 20.948868174724733 ], [ 92.199442466896656, 20.942301643203081 ] ] } },
{ "type": "Feature", "properties": { "transect_id": 1309 }, "geometry": { "type": "LineString", "coordinates": [ [ 92.212265221729155, 20.948459733159215 ], [ 92.198849512557146, 20.943476071898367 ] ] } },
{ "type": "Feature", "properties": { "transect_id": 1310 }, "geometry": { "type": "LineString", "coordinates": [ [ 92.212442042924152, 20.948039631676469 ], [ 92.199026364328589, 20.943055985089639 ] ] } },
{ "type": "Feature", "properties": { "transect_id": 1311 }, "geometry": { "type": "LineString", "coordinates": [ [ 92.212618863096637, 20.947619529958668 ], [ 92.199203215077063, 20.942635898045243 ] ] } },
{ "type": "Feature", "properties": { "transect_id": 1312 }, "geometry": { "type": "LineString", "coordinates": [ [ 92.212795682246622, 20.947199428005849 ], [ 92.199380064802511, 20.942215810765372 ] ] } },
{ "type": "Feature", "properties": { "transect_id": 1313 }, "geometry": { "type": "LineString", "coordinates": [ [ 92.212972500374164, 20.946779325817989 ], [ 92.199556913505063, 20.941795723249822 ] ] } },
{ "type": "Feature", "properties": { "transect_id": 1314 }, "geometry": { "type": "LineString", "coordinates": [ [ 92.213149317479292, 20.946359223395124 ], [ 92.199733761184689, 20.94137563549879 ] ] } },
{ "type": "Feature", "properties": { "transect_id": 1315 }, "geometry": { "type": "LineString", "coordinates": [ [ 92.21332613356202, 20.945939120737265 ], [ 92.19991060784146, 20.94095554751215 ] ] } },
{ "type": "Feature", "properties": { "transect_id": 1316 }, "geometry": { "type": "LineString", "coordinates": [ [ 92.213502948622406, 20.945519017844415 ], [ 92.200087453475405, 20.940535459289954 ] ] } },
{ "type": "Feature", "properties": { "transect_id": 1317 }, "geometry": { "type": "LineString", "coordinates": [ [ 92.21367976266049, 20.945098914716599 ], [ 92.200264298086523, 20.940115370832299 ] ] } },
{ "type": "Feature", "properties": { "transect_id": 1318 }, "geometry": { "type": "LineString", "coordinates": [ [ 92.213856575676289, 20.944678811353818 ], [ 92.200441141674901, 20.939695282139095 ] ] } },
{ "type": "Feature", "properties": { "transect_id": 1319 }, "geometry": { "type": "LineString", "coordinates": [ [ 92.214033387669858, 20.944258707756088 ], [ 92.200617984240566, 20.939275193210314 ] ] } },
{ "type": "Feature", "properties": { "transect_id": 1320 }, "geometry": { "type": "LineString", "coordinates": [ [ 92.214210198641197, 20.943838603923425 ], [ 92.200794825783504, 20.938855104046162 ] ] } },
{ "type": "Feature", "properties": { "transect_id": 1321 }, "geometry": { "type": "LineString", "coordinates": [ [ 92.214387008590364, 20.943418499855838 ], [ 92.200971666303829, 20.93843501464643 ] ] } },
{ "type": "Feature", "properties": { "transect_id": 1322 }, "geometry": { "type": "LineString", "coordinates": [ [ 92.214563817517401, 20.942998395553335 ], [ 92.201148505801484, 20.93801492501132 ] ] } },
{ "type": "Feature", "properties": { "transect_id": 1323 }, "geometry": { "type": "LineString", "coordinates": [ [ 92.214740625422323, 20.942578291015941 ], [ 92.201325344276569, 20.937594835140693 ] ] } },
{ "type": "Feature", "properties": { "transect_id": 1324 }, "geometry": { "type": "LineString", "coordinates": [ [ 92.214917432305185, 20.942158186243663 ], [ 92.201502181729126, 20.937174745034607 ] ] } },
{ "type": "Feature", "properties": { "transect_id": 1325 }, "geometry": { "type": "LineString", "coordinates": [ [ 92.215094238166003, 20.941738081236501 ], [ 92.201679018159126, 20.936754654693168 ] ] } },
{ "type": "Feature", "properties": { "transect_id": 1326 }, "geometry": { "type": "LineString", "coordinates": [ [ 92.215271043004819, 20.94131797599448 ], [ 92.201855853566656, 20.936334564116269 ] ] } },
{ "type": "Feature", "properties": { "transect_id": 1327 }, "geometry": { "type": "LineString", "coordinates": [ [ 92.215447846821675, 20.94089787051761 ], [ 92.202032687951757, 20.935914473303907 ] ] } },
{ "type": "Feature", "properties": { "transect_id": 1328 }, "geometry": { "type": "LineString", "coordinates": [ [ 92.215624649616601, 20.940477764805902 ], [ 92.202209521314401, 20.935494382256262 ] ] } },
{ "type": "Feature", "properties": { "transect_id": 1329 }, "geometry": { "type": "LineString", "coordinates": [ [ 92.215801451389638, 20.940057658859377 ], [ 92.202386353654688, 20.935074290973187 ] ] } },
{ "type": "Feature", "properties": { "transect_id": 1330 }, "geometry": { "type": "LineString", "coordinates": [ [ 92.2159782521408, 20.939637552678033 ], [ 92.202563184972647, 20.934654199454691 ] ] } },
{ "type": "Feature", "properties": { "transect_id": 1331 }, "geometry": { "type": "LineString", "coordinates": [ [ 92.21615505187016, 20.939217446261893 ], [ 92.202740015268276, 20.93423410770092 ] ] } },
{ "type": "Feature", "properties": { "transect_id": 1332 }, "geometry": { "type": "LineString", "coordinates": [ [ 92.216331850577703, 20.938797339610957 ], [ 92.202916844541647, 20.933814015711736 ] ] } },
{ "type": "Feature", "properties": { "transect_id": 1333 }, "geometry": { "type": "LineString", "coordinates": [ [ 92.216508648263499, 20.938377232725252 ], [ 92.203093672792747, 20.933393923487305 ] ] } },
{ "type": "Feature", "properties": { "transect_id": 1334 }, "geometry": { "type": "LineString", "coordinates": [ [ 92.216685444927577, 20.937957125604786 ], [ 92.203270500021659, 20.932973831027507 ] ] } },
{ "type": "Feature", "properties": { "transect_id": 1335 }, "geometry": { "type": "LineString", "coordinates": [ [ 92.216862240569952, 20.937537018249568 ], [ 92.203447326228428, 20.932553738332345 ] ] } },
{ "type": "Feature", "properties": { "transect_id": 1336 }, "geometry": { "type": "LineString", "coordinates": [ [ 92.217041151702134, 20.937117734864703 ], [ 92.20374185328626, 20.931868163769696 ] ] } },
{ "type": "Feature", "properties": { "transect_id": 1337 }, "geometry": { "type": "LineString", "coordinates": [ [ 92.21723256443893, 20.936703319973208 ], [ 92.203999531790373, 20.931308059691371 ] ] } },
{ "type": "Feature", "properties": { "transect_id": 1338 }, "geometry": { "type": "LineString", "coordinates": [ [ 92.217423976089307, 20.936288904813892 ], [ 92.204190971921008, 20.930893660054824 ] ] } },
{ "type": "Feature", "properties": { "transect_id": 1339 }, "geometry": { "type": "LineString", "coordinates": [ [ 92.217615386653307, 20.935874489386766 ], [ 92.204382410964868, 20.930479260149898 ] ] } },
{ "type": "Feature", "properties": { "transect_id": 1340 }, "geometry": { "type": "LineString", "coordinates": [ [ 92.217806796130958, 20.935460073691857 ], [ 92.204573848922024, 20.930064859976589 ] ] } },
{ "type": "Feature", "properties": { "transect_id": 1341 }, "geometry": { "type": "LineString", "coordinates": [ [ 92.217998204522303, 20.935045657729169 ], [ 92.204765285792476, 20.929650459534955 ] ] } },
{ "type": "Feature", "properties": { "transect_id": 1342 }, "geometry": { "type": "LineString", "coordinates": [ [ 92.218189611827384, 20.93463124149871 ], [ 92.204956721576295, 20.929236058824969 ] ] } },
{ "type": "Feature", "properties": { "transect_id": 1343 }, "geometry": { "type": "LineString", "coordinates": [ [ 92.218381018046216, 20.934216825000505 ], [ 92.205148156273495, 20.928821657846658 ] ] } },
{ "type": "Feature", "properties": { "transect_id": 1344 }, "geometry": { "type": "LineString", "coordinates": [ [ 92.218572423178856, 20.93380240823457 ], [ 92.205339589884119, 20.928407256600025 ] ] } },
{ "type": "Feature", "properties": { "transect_id": 1345 }, "geometry": { "type": "LineString", "coordinates": [ [ 92.218763827225345, 20.933387991200913 ], [ 92.205531022408195, 20.927992855085119 ] ] } },
{ "type": "Feature", "properties": { "transect_id": 1346 }, "geometry": { "type": "LineString", "coordinates": [ [ 92.218955230185699, 20.932973573899545 ], [ 92.205722453845766, 20.927578453301923 ] ] } },
{ "type": "Feature", "properties": { "transect_id": 1347 }, "geometry": { "type": "LineString", "coordinates": [ [ 92.21914663205996, 20.932559156330491 ], [ 92.205913884196903, 20.927164051250447 ] ] } },
{ "type": "Feature", "properties": { "transect_id": 1348 }, "geometry": { "type": "LineString", "coordinates": [ [ 92.219338032848171, 20.932144738493758 ], [ 92.206105313461578, 20.926749648930741 ] ] } },
{ "type": "Feature", "properties": { "transect_id": 1349 }, "geometry": { "type": "LineString", "coordinates": [ [ 92.219529432550388, 20.931730320389363 ], [ 92.206296741639861, 20.926335246342788 ] ] } },
{ "type": "Feature", "properties": { "transect_id": 1350 }, "geometry": { "type": "LineString", "coordinates": [ [ 92.219720831166597, 20.931315902017314 ], [ 92.206488168731781, 20.925920843486601 ] ] } },
{ "type": "Feature", "properties": { "transect_id": 1351 }, "geometry": { "type": "LineString", "coordinates": [ [ 92.21991222869687, 20.930901483377635 ], [ 92.206679594737395, 20.925506440362195 ] ] } },
{ "type": "Feature", "properties": { "transect_id": 1352 }, "geometry": { "type": "LineString", "coordinates": [ [ 92.220103625141235, 20.930487064470327 ], [ 92.206871019656703, 20.925092036969623 ] ] } },
{ "type": "Feature", "properties": { "transect_id": 1353 }, "geometry": { "type": "LineString", "coordinates": [ [ 92.220295020499734, 20.930072645295411 ], [ 92.207062443489775, 20.92467763330886 ] ] } },
{ "type": "Feature", "properties": { "transect_id": 1354 }, "geometry": { "type": "LineString", "coordinates": [ [ 92.220486414772381, 20.929658225852915 ], [ 92.207253866236627, 20.924263229379893 ] ] } },
{ "type": "Feature", "properties": { "transect_id": 1355 }, "geometry": { "type": "LineString", "coordinates": [ [ 92.220677807959234, 20.929243806142829 ], [ 92.207445287897301, 20.923848825182823 ] ] } },
{ "type": "Feature", "properties": { "transect_id": 1356 }, "geometry": { "type": "LineString", "coordinates": [ [ 92.220869200060335, 20.928829386165184 ], [ 92.207636708471838, 20.923434420717587 ] ] } },
{ "type": "Feature", "properties": { "transect_id": 1357 }, "geometry": { "type": "LineString", "coordinates": [ [ 92.221060591075698, 20.928414965919995 ], [ 92.207828127960269, 20.923020015984235 ] ] } },
{ "type": "Feature", "properties": { "transect_id": 1358 }, "geometry": { "type": "LineString", "coordinates": [ [ 92.221251981005381, 20.928000545407254 ], [ 92.208019546362635, 20.92260561098275 ] ] } },
{ "type": "Feature", "properties": { "transect_id": 1359 }, "geometry": { "type": "LineString", "coordinates": [ [ 92.221443369849396, 20.927586124627002 ], [ 92.208210963678951, 20.922191205713204 ] ] } },
{ "type": "Feature", "properties": { "transect_id": 1360 }, "geometry": { "type": "LineString", "coordinates": [ [ 92.221634757607802, 20.927171703579244 ], [ 92.208414008773531, 20.921751693721028 ] ] } },
{ "type": "Feature", "properties": { "transect_id": 1361 }, "geometry": { "type": "LineString", "coordinates": [ [ 92.221834748084518, 20.9267609603755 ], [ 92.208813175094065, 20.920930928910604 ] ] } },
{ "type": "Feature", "properties": { "transect_id": 1362 }, "geometry": { "type": "LineString", "coordinates": [ [ 92.222041572591365, 20.92635313889679 ], [ 92.209020025704888, 20.920523123792577 ] ] } },
{ "type": "Feature", "properties": { "transect_id": 1363 }, "geometry": { "type": "LineString", "coordinates": [ [ 92.222248395948469, 20.925945317113136 ], [ 92.209226875165697, 20.920115318369035 ] ] } },
{ "type": "Feature", "properties": { "transect_id": 1364 }, "geometry": { "type": "LineString", "coordinates": [ [ 92.222455218155858, 20.925537495024564 ], [ 92.209433723476508, 20.919707512639988 ] ] } },
{ "type": "Feature", "properties": { "transect_id": 1365 }, "geometry": { "type": "LineString", "coordinates": [ [ 92.22266203921356, 20.925129672631076 ], [ 92.209640570637404, 20.919299706605415 ] ] } },
{ "type": "Feature", "properties": { "transect_id": 1366 }, "geometry": { "type": "LineString", "coordinates": [ [ 92.222868859121633, 20.924721849932698 ], [ 92.209847416648387, 20.9188919002654 ] ] } },
{ "type": "Feature", "properties": { "transect_id": 1367 }, "geometry": { "type": "LineString", "coordinates": [ [ 92.223075677880104, 20.924314026929455 ], [ 92.210054261509526, 20.918484093619846 ] ] } },
{ "type": "Feature", "properties": { "transect_id": 1368 }, "geometry": { "type": "LineString", "coordinates": [ [ 92.223282495489002, 20.923906203621335 ], [ 92.210261105220795, 20.918076286668942 ] ] } },
{ "type": "Feature", "properties": { "transect_id": 1369 }, "geometry": { "type": "LineString", "coordinates": [ [ 92.22348931194837, 20.923498380008382 ], [ 92.210467947782291, 20.917668479412573 ] ] } },
{ "type": "Feature", "properties": { "transect_id": 1370 }, "geometry": { "type": "LineString", "coordinates": [ [ 92.223696127258236, 20.923090556090596 ], [ 92.210674789194044, 20.917260671850762 ] ] } },
{ "type": "Feature", "properties": { "transect_id": 1371 }, "geometry": { "type": "LineString", "coordinates": [ [ 92.223902941418672, 20.922682731868004 ], [ 92.210881629456082, 20.916852863983575 ] ] } },
{ "type": "Feature", "properties": { "transect_id": 1372 }, "geometry": { "type": "LineString", "coordinates": [ [ 92.224109754429691, 20.922274907340615 ], [ 92.211088468568448, 20.916445055810982 ] ] } },
{ "type": "Feature", "properties": { "transect_id": 1373 }, "geometry": { "type": "LineString", "coordinates": [ [ 92.224316031779438, 20.921866845820762 ], [ 92.211261177323209, 20.916103714283654 ] ] } },
{ "type": "Feature", "properties": { "transect_id": 1374 }, "geometry": { "type": "LineString", "coordinates": [ [ 92.224519175040328, 20.921457396697836 ], [ 92.211446081582451, 20.915730947560256 ] ] } },
{ "type": "Feature", "properties": { "transect_id": 1375 }, "geometry": { "type": "LineString", "coordinates": [ [ 92.224722317166766, 20.921047947279291 ], [ 92.211649250387268, 20.915321514298423 ] ] } },
{ "type": "Feature", "properties": { "transect_id": 1376 }, "geometry": { "type": "LineString", "coordinates": [ [ 92.224925458158765, 20.92063849756515 ], [ 92.211852418057347, 20.914912080740436 ] ] } },
{ "type": "Feature", "properties": { "transect_id": 1377 }, "geometry": { "type": "LineString", "coordinates": [ [ 92.225128598016397, 20.920229047555434 ], [ 92.21205558459279, 20.914502646886213 ] ] } },
{ "type": "Feature", "properties": { "transect_id": 1378 }, "geometry": { "type": "LineString", "coordinates": [ [ 92.225331736739676, 20.919819597250154 ], [ 92.212258749993595, 20.914093212735864 ] ] } },
{ "type": "Feature", "properties": { "transect_id": 1379 }, "geometry": { "type": "LineString", "coordinates": [ [ 92.225534874328645, 20.919410146649327 ], [ 92.212461914259762, 20.913683778289453 ] ] } },
{ "type": "Feature", "properties": { "transect_id": 1380 }, "geometry": { "type": "LineString", "coordinates": [ [ 92.225738010783331, 20.919000695752956 ], [ 92.212665077391406, 20.913274343546799 ] ] } },
{ "type": "Feature", "properties": { "transect_id": 1381 }, "geometry": { "type": "LineString", "coordinates": [ [ 92.225941146103793, 20.918591244561085 ], [ 92.212868239388499, 20.912864908508116 ] ] } },
{ "type": "Feature", "properties": { "transect_id": 1382 }, "geometry": { "type": "LineString", "coordinates": [ [ 92.226144280290043, 20.918181793073703 ], [ 92.213071400251096, 20.912455473173367 ] ] } },
{ "type": "Feature", "properties": { "transect_id": 1383 }, "geometry": { "type": "LineString", "coordinates": [ [ 92.22634741334214, 20.917772341290835 ], [ 92.213274559979268, 20.912046037542481 ] ] } },
{ "type": "Feature", "properties": { "transect_id": 1384 }, "geometry": { "type": "LineString", "coordinates": [ [ 92.22655054526011, 20.917362889212505 ], [ 92.213477718573017, 20.911636601615559 ] ] } },
{ "type": "Feature", "properties": { "transect_id": 1385 }, "geometry": { "type": "LineString", "coordinates": [ [ 92.226753676043984, 20.916953436838718 ], [ 92.213680876032356, 20.91122716539267 ] ] } },
{ "type": "Feature", "properties": { "transect_id": 1386 }, "geometry": { "type": "LineString", "coordinates": [ [ 92.226956805693817, 20.91654398416949 ], [ 92.213884032357413, 20.910817728873635 ] ] } },
{ "type": "Feature", "properties": { "transect_id": 1387 }, "geometry": { "type": "LineString", "coordinates": [ [ 92.227159934209624, 20.916134531204847 ], [ 92.214087187548131, 20.910408292058673 ] ] } },
{ "type": "Feature", "properties": { "transect_id": 1388 }, "geometry": { "type": "LineString", "coordinates": [ [ 92.227363061591461, 20.915725077944796 ], [ 92.214290341604553, 20.909998854947734 ] ] } },
{ "type": "Feature", "properties": { "transect_id": 1389 }, "geometry": { "type": "LineString", "coordinates": [ [ 92.227566187839358, 20.915315624389351 ], [ 92.214493494526792, 20.909589417540751 ] ] } },
{ "type": "Feature", "properties": { "transect_id": 1390 }, "geometry": { "type": "LineString", "coordinates": [ [ 92.22778260835878, 20.91491250054629 ], [ 92.21512527119674, 20.908414537480972 ] ] } },
{ "type": "Feature", "properties": { "transect_id": 1391 }, "geometry": { "type": "LineString", "coordinates": [ [ 92.228013875831195, 20.914516445637926 ], [ 92.215462982102636, 20.907838745032834 ] ] } },
{ "type": "Feature", "properties": { "transect_id": 1392 }, "geometry": { "type": "LineString", "coordinates": [ [ 92.228272897444555, 20.914136611901966 ], [ 92.216460186911547, 20.906360427707856 ] ] } },
{ "type": "Feature", "properties": { "transect_id": 1393 }, "geometry": { "type": "LineString", "coordinates": [ [ 92.228548748578007, 20.913766614432024 ], [ 92.216736051445636, 20.905990449443312 ] ] } },
{ "type": "Feature", "properties": { "transect_id": 1394 }, "geometry": { "type": "LineString", "coordinates": [ [ 92.228824598341475, 20.913396616458588 ], [ 92.217011914609998, 20.90562047067478 ] ] } },
{ "type": "Feature", "properties": { "transect_id": 1395 }, "geometry": { "type": "LineString", "coordinates": [ [ 92.229100446734989, 20.913026617981689 ], [ 92.217287776404703, 20.905250491402239 ] ] } },
{ "type": "Feature", "properties": { "transect_id": 1396 }, "geometry": { "type": "LineString", "coordinates": [ [ 92.229376293758577, 20.912656619001357 ], [ 92.217563636829809, 20.904880511625706 ] ] } },
{ "type": "Feature", "properties": { "transect_id": 1397 }, "geometry": { "type": "LineString", "coordinates": [ [ 92.229652139412281, 20.912286619517598 ], [ 92.2178394958853, 20.904510531345263 ] ] } },
{ "type": "Feature", "properties": { "transect_id": 1398 }, "geometry": { "type": "LineString", "coordinates": [ [ 92.229927983696143, 20.911916619530459 ], [ 92.218115353571321, 20.904140550560776 ] ] } },
{ "type": "Feature", "properties": { "transect_id": 1399 }, "geometry": { "type": "LineString", "coordinates": [ [ 92.230203826610193, 20.911546619039953 ], [ 92.218391209887812, 20.903770569272428 ] ] } },
{ "type": "Feature", "properties": { "transect_id": 1400 }, "geometry": { "type": "LineString", "coordinates": [ [ 92.230479668154473, 20.911176618046124 ], [ 92.218667064834847, 20.903400587480206 ] ] } },
{ "type": "Feature", "properties": { "transect_id": 1401 }, "geometry": { "type": "LineString", "coordinates": [ [ 92.230755508329025, 20.910806616548978 ], [ 92.218942918412438, 20.903030605184124 ] ] } },
{ "type": "Feature", "properties": { "transect_id": 1402 }, "geometry": { "type": "LineString", "coordinates": [ [ 92.231031347133879, 20.910436614548544 ], [ 92.219218770620586, 20.902660622384264 ] ] } },
{ "type": "Feature", "properties": { "transect_id": 1403 }, "geometry": { "type": "LineString", "coordinates": [ [ 92.231307184569062, 20.910066612044858 ], [ 92.219494621459475, 20.902290639080483 ] ] } },
{ "type": "Feature", "properties": { "transect_id": 1404 }, "geometry": { "type": "LineString", "coordinates": [ [ 92.231583020634631, 20.909696609037937 ], [ 92.219770470929021, 20.901920655272981 ] ] } },
{ "type": "Feature", "properties": { "transect_id": 1405 }, "geometry": { "type": "LineString", "coordinates": [ [ 92.231858855330614, 20.909326605527813 ], [ 92.220046319029251, 20.901550670961729 ] ] } },
{ "type": "Feature", "properties": { "transect_id": 1406 }, "geometry": { "type": "LineString", "coordinates": [ [ 92.232134688657041, 20.908956601514507 ], [ 92.220322165760237, 20.901180686146795 ] ] } },
{ "type": "Feature", "properties": { "transect_id": 1407 }, "geometry": { "type": "LineString", "coordinates": [ [ 92.232410520613954, 20.908586596998049 ], [ 92.220598011122064, 20.900810700828043 ] ] } },
{ "type": "Feature", "properties": { "transect_id": 1408 }, "geometry": { "type": "LineString", "coordinates": [ [ 92.232686351201394, 20.908216591978462 ], [ 92.220873855114704, 20.900440715005679 ] ] } },
{ "type": "Feature", "properties": { "transect_id": 1409 }, "geometry": { "type": "LineString", "coordinates": [ [ 92.232962180419392, 20.907846586455779 ], [ 92.221149697738213, 20.900070728679669 ] ] } },
{ "type": "Feature", "properties": { "transect_id": 1410 }, "geometry": { "type": "LineString", "coordinates": [ [ 92.233238008268003, 20.907476580430018 ], [ 92.221425538992605, 20.899700741850026 ] ] } },
{ "type": "Feature", "properties": { "transect_id": 1411 }, "geometry": { "type": "LineString", "coordinates": [ [ 92.233513834747228, 20.907106573901203 ], [ 92.22170137887791, 20.899330754516846 ] ] } },
{ "type": "Feature", "properties": { "transect_id": 1412 }, "geometry": { "type": "LineString", "coordinates": [ [ 92.233789659857138, 20.906736566869363 ], [ 92.221977217394283, 20.898960766679977 ] ] } },
{ "type": "Feature", "properties": { "transect_id": 1413 }, "geometry": { "type": "LineString", "coordinates": [ [ 92.234065483597746, 20.906366559334526 ], [ 92.222253054541625, 20.898590778339617 ] ] } },
{ "type": "Feature", "properties": { "transect_id": 1414 }, "geometry": { "type": "LineString", "coordinates": [ [ 92.23434130596911, 20.905996551296717 ], [ 92.222528890320007, 20.898220789495735 ] ] } },
{ "type": "Feature", "properties": { "transect_id": 1415 }, "geometry": { "type": "LineString", "coordinates": [ [ 92.234617126971258, 20.905626542755968 ], [ 92.222804724729485, 20.897850800148362 ] ] } },
{ "type": "Feature", "properties": { "transect_id": 1416 }, "geometry": { "type": "LineString", "coordinates": [ [ 92.234892946604219, 20.90525653371229 ], [ 92.223080557770061, 20.897480810297576 ] ] } },
{ "type": "Feature", "properties": { "transect_id": 1417 }, "geometry": { "type": "LineString", "coordinates": [ [ 92.235168764868035, 20.904886524165725 ], [ 92.223356389441875, 20.897110819943233 ] ] } },
{ "type": "Feature", "properties": { "transect_id": 1418 }, "geometry": { "type": "LineString", "coordinates": [ [ 92.235444581762749, 20.904516514116285 ], [ 92.223632219744843, 20.89674082908553 ] ] } },
{ "type": "Feature", "properties": { "transect_id": 1419 }, "geometry": { "type": "LineString", "coordinates": [ [ 92.235720397288404, 20.904146503564011 ], [ 92.22390804867905, 20.896370837724437 ] ] } },
{ "type": "Feature", "properties": { "transect_id": 1420 }, "geometry": { "type": "LineString", "coordinates": [ [ 92.235996211445013, 20.903776492508918 ], [ 92.224183876244538, 20.896000845859984 ] ] } },
{ "type": "Feature", "properties": { "transect_id": 1421 }, "geometry": { "type": "LineString", "coordinates": [ [ 92.236272024232619, 20.903406480951027 ], [ 92.22445970244128, 20.89563085349225 ] ] } },
{ "type": "Feature", "properties": { "transect_id": 1422 }, "geometry": { "type": "LineString", "coordinates": [ [ 92.23654783565128, 20.903036468890381 ], [ 92.224735527269459, 20.895260860621072 ] ] } },
{ "type": "Feature", "properties": { "transect_id": 1423 }, "geometry": { "type": "LineString", "coordinates": [ [ 92.236823645701023, 20.902666456326994 ], [ 92.225011350728991, 20.894890867246673 ] ] } },
{ "type": "Feature", "properties": { "transect_id": 1424 }, "geometry": { "type": "LineString", "coordinates": [ [ 92.237099454381877, 20.902296443260898 ], [ 92.225287172819932, 20.894520873369022 ] ] } },
{ "type": "Feature", "properties": { "transect_id": 1425 }, "geometry": { "type": "LineString", "coordinates": [ [ 92.23737526169387, 20.901926429692111 ], [ 92.225562993542297, 20.894150878988185 ] ] } },
{ "type": "Feature", "properties": { "transect_id": 1426 }, "geometry": { "type": "LineString", "coordinates": [ [ 92.23765106763706, 20.901556415620664 ], [ 92.225838812896242, 20.893780884104018 ] ] } },
{ "type": "Feature", "properties": { "transect_id": 1427 }, "geometry": { "type": "LineString", "coordinates": [ [ 92.237926872211474, 20.901186401046584 ], [ 92.226114630881682, 20.89341088871674 ] ] } },
{ "type": "Feature", "properties": { "transect_id": 1428 }, "geometry": { "type": "LineString", "coordinates": [ [ 92.238202675417156, 20.9008163859699 ], [ 92.226390447498673, 20.893040892826296 ] ] } },
{ "type": "Feature", "properties": { "transect_id": 1429 }, "geometry": { "type": "LineString", "coordinates": [ [ 92.238478477254134, 20.900446370390625 ], [ 92.226666262747287, 20.892670896432726 ] ] } },
{ "type": "Feature", "properties": { "transect_id": 1430 }, "geometry": { "type": "LineString", "coordinates": [ [ 92.238754277722464, 20.900076354308798 ], [ 92.226942076627495, 20.892300899536107 ] ] } },
{ "type": "Feature", "properties": { "transect_id": 1431 }, "geometry": { "type": "LineString", "coordinates": [ [ 92.239030076822161, 20.899706337724439 ], [ 92.227217889139467, 20.891930902136284 ] ] } },
{ "type": "Feature", "properties": { "transect_id": 1432 }, "geometry": { "type": "LineString", "coordinates": [ [ 92.239305874553253, 20.899336320637573 ], [ 92.227493700283119, 20.891560904233469 ] ] } },
{ "type": "Feature", "properties": { "transect_id": 1433 }, "geometry": { "type": "LineString", "coordinates": [ [ 92.239581670915811, 20.898966303048237 ], [ 92.227769510058508, 20.891190905827635 ] ] } },
{ "type": "Feature", "properties": { "transect_id": 1434 }, "geometry": { "type": "LineString", "coordinates": [ [ 92.23985746590985, 20.898596284956447 ], [ 92.228045318465718, 20.890820906918798 ] ] } },
{ "type": "Feature", "properties": { "transect_id": 1435 }, "geometry": { "type": "LineString", "coordinates": [ [ 92.240133259535398, 20.898226266362219 ], [ 92.228321125504692, 20.890450907507034 ] ] } },
{ "type": "Feature", "properties": { "transect_id": 1436 }, "geometry": { "type": "LineString", "coordinates": [ [ 92.240409051792511, 20.897856247265604 ], [ 92.228596931175602, 20.890080907592221 ] ] } },
{ "type": "Feature", "properties": { "transect_id": 1437 }, "geometry": { "type": "LineString", "coordinates": [ [ 92.240684842681233, 20.897486227666601 ], [ 92.228872735478404, 20.889710907174525 ] ] } },
{ "type": "Feature", "properties": { "transect_id": 1438 }, "geometry": { "type": "LineString", "coordinates": [ [ 92.240960632201563, 20.897116207565258 ], [ 92.229148538413128, 20.889340906253942 ] ] } },
{ "type": "Feature", "properties": { "transect_id": 1439 }, "geometry": { "type": "LineString", "coordinates": [ [ 92.241236420353587, 20.896746186961593 ], [ 92.229424339979829, 20.888970904830487 ] ] } },
{ "type": "Feature", "properties": { "transect_id": 1440 }, "geometry": { "type": "LineString", "coordinates": [ [ 92.241512207137305, 20.896376165855624 ], [ 92.229700140178508, 20.88860090290423 ] ] } },
{ "type": "Feature", "properties": { "transect_id": 1441 }, "geometry": { "type": "LineString", "coordinates": [ [ 92.241787992552773, 20.896006144247394 ], [ 92.229975939009307, 20.888230900475062 ] ] } },
{ "type": "Feature", "properties": { "transect_id": 1442 }, "geometry": { "type": "LineString", "coordinates": [ [ 92.242063776600006, 20.895636122136914 ], [ 92.230251736472155, 20.887860897543145 ] ] } },
{ "type": "Feature", "properties": { "transect_id": 1443 }, "geometry": { "type": "LineString", "coordinates": [ [ 92.24233955927906, 20.895266099524214 ], [ 92.230527532567137, 20.88749089410846 ] ] } },
{ "type": "Feature", "properties": { "transect_id": 1444 }, "geometry": { "type": "LineString", "coordinates": [ [ 92.242615340589978, 20.894896076409324 ], [ 92.230803327294225, 20.887120890171094 ] ] } },
{ "type": "Feature", "properties": { "transect_id": 1445 }, "geometry": { "type": "LineString", "coordinates": [ [ 92.242891120532789, 20.894526052792262 ], [ 92.23107912065359, 20.886750885730894 ] ] } },
{ "type": "Feature", "properties": { "transect_id": 1446 }, "geometry": { "type": "LineString", "coordinates": [ [ 92.243166899107521, 20.894156028673059 ], [ 92.231354912645159, 20.88638088078806 ] ] } },
{ "type": "Feature", "properties": { "transect_id": 1447 }, "geometry": { "type": "LineString", "coordinates": [ [ 92.243442676314217, 20.893786004051748 ], [ 92.231630703268991, 20.886010875342567 ] ] } },
{ "type": "Feature", "properties": { "transect_id": 1448 }, "geometry": { "type": "LineString", "coordinates": [ [ 92.243718452152919, 20.893415978928346 ], [ 92.231906492525141, 20.885640869394436 ] ] } },
{ "type": "Feature", "properties": { "transect_id": 1449 }, "geometry": { "type": "LineString", "coordinates": [ [ 92.243994226623641, 20.893045953302877 ], [ 92.232182280413582, 20.885270862943752 ] ] } },
{ "type": "Feature", "properties": { "transect_id": 1450 }, "geometry": { "type": "LineString", "coordinates": [ [ 92.244269999726455, 20.892675927175375 ], [ 92.232458066934498, 20.88490085599036 ] ] } },
{ "type": "Feature", "properties": { "transect_id": 1451 }, "geometry": { "type": "LineString", "coordinates": [ [ 92.244545771461375, 20.892305900545857 ], [ 92.232733852087776, 20.884530848534467 ] ] } },
{ "type": "Feature", "properties": { "transect_id": 1452 }, "geometry": { "type": "LineString", "coordinates": [ [ 92.244821541828458, 20.891935873414358 ], [ 92.233009635873515, 20.884160840576055 ] ] } },
{ "type": "Feature", "properties": { "transect_id": 1453 }, "geometry": { "type": "LineString", "coordinates": [ [ 92.245097310827717, 20.891565845780896 ], [ 92.233122025280522, 20.884014793343336 ] ] } },
{ "type": "Feature", "properties": { "transect_id": 1454 }, "geometry": { "type": "LineString", "coordinates": [ [ 92.245356452018555, 20.891185369667184 ], [ 92.233198711141654, 20.883896394489355 ] ] } },
{ "type": "Feature", "properties": { "transect_id": 1455 }, "geometry": { "type": "LineString", "coordinates": [ [ 92.245614978198333, 20.890804507467386 ], [ 92.233457254226863, 20.883515550910623 ] ] } },
{ "type": "Feature", "properties": { "transect_id": 1456 }, "geometry": { "type": "LineString", "coordinates": [ [ 92.245873503054085, 20.890423644820093 ], [ 92.233715795988132, 20.883134706883919 ] ] } },
{ "type": "Feature", "properties": { "transect_id": 1457 }, "geometry": { "type": "LineString", "coordinates": [ [ 92.246132026585869, 20.890042781725331 ], [ 92.233974336425604, 20.882753862409135 ] ] } },
{ "type": "Feature", "properties": { "transect_id": 1458 }, "geometry": { "type": "LineString", "coordinates": [ [ 92.246390548793713, 20.889661918183108 ], [ 92.234232875539362, 20.882373017486252 ] ] } },
{ "type": "Feature", "properties": { "transect_id": 1459 }, "geometry": { "type": "LineString", "coordinates": [ [ 92.246649069677673, 20.889281054193461 ], [ 92.23449141332928, 20.881992172115478 ] ] } },
{ "type": "Feature", "properties": { "transect_id": 1460 }, "geometry": { "type": "LineString", "coordinates": [ [ 92.246907589237765, 20.888900189756416 ], [ 92.234749949795557, 20.88161132629666 ] ] } },
{ "type": "Feature", "properties": { "transect_id": 1461 }, "geometry": { "type": "LineString", "coordinates": [ [ 92.24716610747403, 20.888519324871979 ], [ 92.235008484938177, 20.881230480029895 ] ] } },
{ "type": "Feature", "properties": { "transect_id": 1462 }, "geometry": { "type": "LineString", "coordinates": [ [ 92.247424624386511, 20.888138459540187 ], [ 92.235267018757199, 20.88084963331513 ] ] } },
{ "type": "Feature", "properties": { "transect_id": 1463 }, "geometry": { "type": "LineString", "coordinates": [ [ 92.247683139975237, 20.887757593761059 ], [ 92.23552555125255, 20.880468786152573 ] ] } },
{ "type": "Feature", "properties": { "transect_id": 1464 }, "geometry": { "type": "LineString", "coordinates": [ [ 92.247941654240265, 20.887376727534626 ], [ 92.235784082424402, 20.880087938542079 ] ] } },
{ "type": "Feature", "properties": { "transect_id": 1465 }, "geometry": { "type": "LineString", "coordinates": [ [ 92.248200167181608, 20.886995860860896 ], [ 92.23604261227274, 20.879707090483713 ] ] } },
{ "type": "Feature", "properties": { "transect_id": 1466 }, "geometry": { "type": "LineString", "coordinates": [ [ 92.248458678799338, 20.886614993739904 ], [ 92.236301140797636, 20.879326241977449 ] ] } },
{ "type": "Feature", "properties": { "transect_id": 1467 }, "geometry": { "type": "LineString", "coordinates": [ [ 92.248717189093455, 20.886234126171676 ], [ 92.236559667999032, 20.878945393023486 ] ] } },
{ "type": "Feature", "properties": { "transect_id": 1468 }, "geometry": { "type": "LineString", "coordinates": [ [ 92.248975698064029, 20.885853258156232 ], [ 92.23681819387707, 20.878564543621678 ] ] } },
{ "type": "Feature", "properties": { "transect_id": 1469 }, "geometry": { "type": "LineString", "coordinates": [ [ 92.249234205711076, 20.885472389693593 ], [ 92.23707671843178, 20.878183693772037 ] ] } },
{ "type": "Feature", "properties": { "transect_id": 1470 }, "geometry": { "type": "LineString", "coordinates": [ [ 92.249492712034652, 20.885091520783782 ], [ 92.237335241663089, 20.877802843474768 ] ] } },
{ "type": "Feature", "properties": { "transect_id": 1471 }, "geometry": { "type": "LineString", "coordinates": [ [ 92.249751217034756, 20.884710651426829 ], [ 92.237593763571169, 20.877421992729708 ] ] } },
{ "type": "Feature", "properties": { "transect_id": 1472 }, "geometry": { "type": "LineString", "coordinates": [ [ 92.250009720711475, 20.88432978162275 ], [ 92.237852284155977, 20.877041141536981 ] ] } },
{ "type": "Feature", "properties": { "transect_id": 1473 }, "geometry": { "type": "LineString", "coordinates": [ [ 92.250268223064822, 20.883948911371565 ], [ 92.238110803417641, 20.876660289896488 ] ] } },
{ "type": "Feature", "properties": { "transect_id": 1474 }, "geometry": { "type": "LineString", "coordinates": [ [ 92.25052672409484, 20.883568040673318 ], [ 92.238369321356046, 20.876279437808478 ] ] } },
{ "type": "Feature", "properties": { "transect_id": 1475 }, "geometry": { "type": "LineString", "coordinates": [ [ 92.250791941385557, 20.88319136390492 ], [ 92.238916741317013, 20.875502850492186 ] ] } },
{ "type": "Feature", "properties": { "transect_id": 1476 }, "geometry": { "type": "LineString", "coordinates": [ [ 92.251065357777989, 20.882819806917496 ], [ 92.239205339557884, 20.875110661584298 ] ] } },
{ "type": "Feature", "properties": { "transect_id": 1477 }, "geometry": { "type": "LineString", "coordinates": [ [ 92.251338772808865, 20.882448249436216 ], [ 92.239478768495587, 20.874739123195575 ] ] } },
{ "type": "Feature", "properties": { "transect_id": 1478 }, "geometry": { "type": "LineString", "coordinates": [ [ 92.251612186478226, 20.882076691461108 ], [ 92.239752196072033, 20.874367584312537 ] ] } },
{ "type": "Feature", "properties": { "transect_id": 1479 }, "geometry": { "type": "LineString", "coordinates": [ [ 92.251885598786103, 20.881705132992209 ], [ 92.240025622287376, 20.873996044935023 ] ] } },
{ "type": "Feature", "properties": { "transect_id": 1480 }, "geometry": { "type": "LineString", "coordinates": [ [ 92.252159009732551, 20.881333574029529 ], [ 92.240299047141519, 20.873624505063241 ] ] } },
{ "type": "Feature", "properties": { "transect_id": 1481 }, "geometry": { "type": "LineString", "coordinates": [ [ 92.2524324193176, 20.880962014573107 ], [ 92.240572470634504, 20.873252964697219 ] ] } },
{ "type": "Feature", "properties": { "transect_id": 1482 }, "geometry": { "type": "LineString", "coordinates": [ [ 92.252705827541277, 20.880590454622954 ], [ 92.240845892766473, 20.872881423836802 ] ] } },
{ "type": "Feature", "properties": { "transect_id": 1483 }, "geometry": { "type": "LineString", "coordinates": [ [ 92.252979234403625, 20.880218894179102 ], [ 92.24111931353734, 20.872509882482259 ] ] } },
{ "type": "Feature", "properties": { "transect_id": 1484 }, "geometry": { "type": "LineString", "coordinates": [ [ 92.253252639904687, 20.879847333241589 ], [ 92.241392732947276, 20.872138340633366 ] ] } },
{ "type": "Feature", "properties": { "transect_id": 1485 }, "geometry": { "type": "LineString", "coordinates": [ [ 92.253526044044492, 20.879475771810423 ], [ 92.241666150996195, 20.871766798290331 ] ] } },
{ "type": "Feature", "properties": { "transect_id": 1486 }, "geometry": { "type": "LineString", "coordinates": [ [ 92.253799446823066, 20.879104209885643 ], [ 92.241939567684142, 20.871395255453187 ] ] } },
{ "type": "Feature", "properties": { "transect_id": 1487 }, "geometry": { "type": "LineString", "coordinates": [ [ 92.254072848240483, 20.878732647467256 ], [ 92.242212983011299, 20.871023712121776 ] ] } },
{ "type": "Feature", "properties": { "transect_id": 1488 }, "geometry": { "type": "LineString", "coordinates": [ [ 92.254346248296741, 20.878361084555308 ], [ 92.24248639697754, 20.870652168296299 ] ] } },
{ "type": "Feature", "properties": { "transect_id": 1489 }, "geometry": { "type": "LineString", "coordinates": [ [ 92.254619646991898, 20.877989521149811 ], [ 92.242759809582921, 20.87028062397679 ] ] } },
{ "type": "Feature", "properties": { "transect_id": 1490 }, "geometry": { "type": "LineString", "coordinates": [ [ 92.254893044325982, 20.877617957250809 ], [ 92.243033220827613, 20.86990907916309 ] ] } },
{ "type": "Feature", "properties": { "transect_id": 1491 }, "geometry": { "type": "LineString", "coordinates": [ [ 92.25516644029905, 20.877246392858304 ], [ 92.243306630711501, 20.869537533855404 ] ] } },
{ "type": "Feature", "properties": { "transect_id": 1492 }, "geometry": { "type": "LineString", "coordinates": [ [ 92.255439834911101, 20.876874827972337 ], [ 92.243580039234644, 20.869165988053759 ] ] } },
{ "type": "Feature", "properties": { "transect_id": 1493 }, "geometry": { "type": "LineString", "coordinates": [ [ 92.255713228162207, 20.876503262592923 ], [ 92.24385344639721, 20.868794441758002 ] ] } },
{ "type": "Feature", "properties": { "transect_id": 1494 }, "geometry": { "type": "LineString", "coordinates": [ [ 92.255986620052397, 20.876131696720098 ], [ 92.244126852199088, 20.868422894968326 ] ] } },
{ "type": "Feature", "properties": { "transect_id": 1495 }, "geometry": { "type": "LineString", "coordinates": [ [ 92.256260010581698, 20.875760130353886 ], [ 92.244400256640319, 20.868051347684769 ] ] } },
{ "type": "Feature", "properties": { "transect_id": 1496 }, "geometry": { "type": "LineString", "coordinates": [ [ 92.256533399750154, 20.875388563494301 ], [ 92.244673659721101, 20.867679799907179 ] ] } },
{ "type": "Feature", "properties": { "transect_id": 1497 }, "geometry": { "type": "LineString", "coordinates": [ [ 92.256806787557807, 20.87501699614139 ], [ 92.244947061441252, 20.867308251635823 ] ] } },
{ "type": "Feature", "properties": { "transect_id": 1498 }, "geometry": { "type": "LineString", "coordinates": [ [ 92.25706767241212, 20.874637830384966 ], [ 92.244722749743573, 20.867634238840935 ] ] } },
{ "type": "Feature", "properties": { "transect_id": 1499 }, "geometry": { "type": "LineString", "coordinates": [ [ 92.257316041005311, 20.874251058164088 ], [ 92.244971013935256, 20.86724767674842 ] ] } },
{ "type": "Feature", "properties": { "transect_id": 1500 }, "geometry": { "type": "LineString", "coordinates": [ [ 92.257564408305669, 20.873864285527102 ], [ 92.245219400089383, 20.86686092232771 ] ] } },
{ "type": "Feature", "properties": { "transect_id": 1501 }, "geometry": { "type": "LineString", "coordinates": [ [ 92.257812774313223, 20.873477512474036 ], [ 92.245467784950733, 20.86647416749042 ] ] } },
{ "type": "Feature", "properties": { "transect_id": 1502 }, "geometry": { "type": "LineString", "coordinates": [ [ 92.25806113902803, 20.873090739004908 ], [ 92.245716168519451, 20.866087412236443 ] ] } },
{ "type": "Feature", "properties": { "transect_id": 1503 }, "geometry": { "type": "LineString", "coordinates": [ [ 92.258309502450118, 20.872703965119744 ], [ 92.245964550795534, 20.865700656565803 ] ] } },
{ "type": "Feature", "properties": { "transect_id": 1504 }, "geometry": { "type": "LineString", "coordinates": [ [ 92.258557864579529, 20.872317190818567 ], [ 92.246212931778942, 20.865313900478643 ] ] } },
{ "type": "Feature", "properties": { "transect_id": 1505 }, "geometry": { "type": "LineString", "coordinates": [ [ 92.258806225416279, 20.871930416101389 ], [ 92.24646131146983, 20.864927143974864 ] ] } },
{ "type": "Feature", "properties": { "transect_id": 1506 }, "geometry": { "type": "LineString", "coordinates": [ [ 92.259054584960438, 20.871543640968255 ], [ 92.246709689868226, 20.864540387054468 ] ] } },
{ "type": "Feature", "properties": { "transect_id": 1507 }, "geometry": { "type": "LineString", "coordinates": [ [ 92.259302691233827, 20.871156726293453 ], [ 92.246865852505834, 20.864298728474282 ] ] } },
{ "type": "Feature", "properties": { "transect_id": 1508 }, "geometry": { "type": "LineString", "coordinates": [ [ 92.259541215694711, 20.870764521478545 ], [ 92.247023062683525, 20.864038532816917 ] ] } },
{ "type": "Feature", "properties": { "transect_id": 1509 }, "geometry": { "type": "LineString", "coordinates": [ [ 92.259779738894409, 20.870372316276214 ], [ 92.247261606555554, 20.863646345420133 ] ] } },
{ "type": "Feature", "properties": { "transect_id": 1510 }, "geometry": { "type": "LineString", "coordinates": [ [ 92.260018260832936, 20.86998011068648 ], [ 92.247500149166342, 20.863254157635478 ] ] } },
{ "type": "Feature", "properties": { "transect_id": 1511 }, "geometry": { "type": "LineString", "coordinates": [ [ 92.26025678151035, 20.869587904709377 ], [ 92.247738690516073, 20.862861969462777 ] ] } },
{ "type": "Feature", "properties": { "transect_id": 1512 }, "geometry": { "type": "LineString", "coordinates": [ [ 92.260495300926664, 20.86919569834491 ], [ 92.247977230604704, 20.862469780902085 ] ] } },
{ "type": "Feature", "properties": { "transect_id": 1513 }, "geometry": { "type": "LineString", "coordinates": [ [ 92.260733819081963, 20.868803491593109 ], [ 92.248215769432235, 20.862077591953582 ] ] } },
{ "type": "Feature", "properties": { "transect_id": 1514 }, "geometry": { "type": "LineString", "coordinates": [ [ 92.260972335976234, 20.868411284453984 ], [ 92.248454306998795, 20.861685402617088 ] ] } },
{ "type": "Feature", "properties": { "transect_id": 1515 }, "geometry": { "type": "LineString", "coordinates": [ [ 92.261210851609547, 20.868019076927574 ], [ 92.248692843304411, 20.861293212892686 ] ] } },
{ "type": "Feature", "properties": { "transect_id": 1516 }, "geometry": { "type": "LineString", "coordinates": [ [ 92.261449365981946, 20.867626869013883 ], [ 92.248931378349042, 20.860901022780496 ] ] } },
{ "type": "Feature", "properties": { "transect_id": 1517 }, "geometry": { "type": "LineString", "coordinates": [ [ 92.261687879093429, 20.867234660712942 ], [ 92.249169912132785, 20.860508832280413 ] ] } },
{ "type": "Feature", "properties": { "transect_id": 1518 }, "geometry": { "type": "LineString", "coordinates": [ [ 92.261926390944083, 20.866842452024763 ], [ 92.2494084446557, 20.860116641392473 ] ] } },
{ "type": "Feature", "properties": { "transect_id": 1519 }, "geometry": { "type": "LineString", "coordinates": [ [ 92.262164901533907, 20.866450242949373 ], [ 92.249646975917742, 20.859724450116804 ] ] } },
{ "type": "Feature", "properties": { "transect_id": 1520 }, "geometry": { "type": "LineString", "coordinates": [ [ 92.262403410862959, 20.866058033486787 ], [ 92.249885505919025, 20.859332258453328 ] ] } },
{ "type": "Feature", "properties": { "transect_id": 1521 }, "geometry": { "type": "LineString", "coordinates": [ [ 92.26264191893128, 20.86566582363703 ], [ 92.250124034659621, 20.858940066402013 ] ] } },
{ "type": "Feature", "properties": { "transect_id": 1522 }, "geometry": { "type": "LineString", "coordinates": [ [ 92.262880425738899, 20.865273613400131 ], [ 92.250362562139429, 20.858547873963062 ] ] } },
{ "type": "Feature", "properties": { "transect_id": 1523 }, "geometry": { "type": "LineString", "coordinates": [ [ 92.26311893128586, 20.864881402776096 ], [ 92.250601088358607, 20.858155681136349 ] ] } },
{ "type": "Feature", "properties": { "transect_id": 1524 }, "geometry": { "type": "LineString", "coordinates": [ [ 92.263357435572189, 20.864489191764946 ], [ 92.250839613317183, 20.857763487921869 ] ] } },
{ "type": "Feature", "properties": { "transect_id": 1525 }, "geometry": { "type": "LineString", "coordinates": [ [ 92.263595938597945, 20.864096980366721 ], [ 92.251078137015099, 20.857371294319822 ] ] } },
{ "type": "Feature", "properties": { "transect_id": 1526 }, "geometry": { "type": "LineString", "coordinates": [ [ 92.263834440363155, 20.86370476858141 ], [ 92.251316659452513, 20.856979100330044 ] ] } },
{ "type": "Feature", "properties": { "transect_id": 1527 }, "geometry": { "type": "LineString", "coordinates": [ [ 92.264072940867862, 20.863312556409063 ], [ 92.251555180629438, 20.856586905952597 ] ] } },
{ "type": "Feature", "properties": { "transect_id": 1528 }, "geometry": { "type": "LineString", "coordinates": [ [ 92.264311440112081, 20.862920343849691 ], [ 92.251793700545804, 20.856194711187634 ] ] } },
{ "type": "Feature", "properties": { "transect_id": 1529 }, "geometry": { "type": "LineString", "coordinates": [ [ 92.264549938095897, 20.862528130903303 ], [ 92.252032219201823, 20.855802516034949 ] ] } },
{ "type": "Feature", "properties": { "transect_id": 1530 }, "geometry": { "type": "LineString", "coordinates": [ [ 92.264788434819309, 20.862135917569937 ], [ 92.252270736597367, 20.855410320494816 ] ] } },
{ "type": "Feature", "properties": { "transect_id": 1531 }, "geometry": { "type": "LineString", "coordinates": [ [ 92.26502693028236, 20.861743703849609 ], [ 92.25250925273258, 20.855018124567046 ] ] } },
{ "type": "Feature", "properties": { "transect_id": 1532 }, "geometry": { "type": "LineString", "coordinates": [ [ 92.265265424485094, 20.861351489742326 ], [ 92.252747767607516, 20.854625928251707 ] ] } },
{ "type": "Feature", "properties": { "transect_id": 1533 }, "geometry": { "type": "LineString", "coordinates": [ [ 92.265503917427552, 20.860959275248131 ], [ 92.252986281222093, 20.85423373154897 ] ] } },
{ "type": "Feature", "properties": { "transect_id": 1534 }, "geometry": { "type": "LineString", "coordinates": [ [ 92.265742409109777, 20.860567060367025 ], [ 92.253224793576464, 20.853841534458649 ] ] } },
{ "type": "Feature", "properties": { "transect_id": 1535 }, "geometry": { "type": "LineString", "coordinates": [ [ 92.265980899531797, 20.860174845099042 ], [ 92.253463304670646, 20.85344933698083 ] ] } },
{ "type": "Feature", "properties": { "transect_id": 1536 }, "geometry": { "type": "LineString", "coordinates": [ [ 92.266219388693656, 20.859782629444194 ], [ 92.253701814504595, 20.853057139115645 ] ] } },
{ "type": "Feature", "properties": { "transect_id": 1537 }, "geometry": { "type": "LineString", "coordinates": [ [ 92.266457876595396, 20.859390413402512 ], [ 92.253940323078453, 20.852664940862983 ] ] } },
{ "type": "Feature", "properties": { "transect_id": 1538 }, "geometry": { "type": "LineString", "coordinates": [ [ 92.266696363237045, 20.858998196973996 ], [ 92.254178830392235, 20.852272742222866 ] ] } },
{ "type": "Feature", "properties": { "transect_id": 1539 }, "geometry": { "type": "LineString", "coordinates": [ [ 92.266934848618646, 20.8586059801587 ], [ 92.254417336445925, 20.851880543195445 ] ] } },
{ "type": "Feature", "properties": { "transect_id": 1540 }, "geometry": { "type": "LineString", "coordinates": [ [ 92.267173332740228, 20.858213762956613 ], [ 92.254655841239611, 20.851488343780623 ] ] } },
{ "type": "Feature", "properties": { "transect_id": 1541 }, "geometry": { "type": "LineString", "coordinates": [ [ 92.267411815601847, 20.857821545367766 ], [ 92.254894344773362, 20.851096143978374 ] ] } },
{ "type": "Feature", "properties": { "transect_id": 1542 }, "geometry": { "type": "LineString", "coordinates": [ [ 92.267650297203545, 20.857429327392193 ], [ 92.255132847047108, 20.850703943788911 ] ] } },
{ "type": "Feature", "properties": { "transect_id": 1543 }, "geometry": { "type": "LineString", "coordinates": [ [ 92.267888777545338, 20.857037109029893 ], [ 92.255371348060962, 20.850311743212099 ] ] } },
{ "type": "Feature", "properties": { "transect_id": 1544 }, "geometry": { "type": "LineString", "coordinates": [ [ 92.268127256627267, 20.856644890280897 ], [ 92.255609847815023, 20.849919542247918 ] ] } },
{ "type": "Feature", "properties": { "transect_id": 1545 }, "geometry": { "type": "LineString", "coordinates": [ [ 92.268365734449389, 20.856252671145239 ], [ 92.255848346309151, 20.849527340896614 ] ] } },
{ "type": "Feature", "properties": { "transect_id": 1546 }, "geometry": { "type": "LineString", "coordinates": [ [ 92.26860421101172, 20.85586045162291 ], [ 92.256086843543557, 20.849135139157973 ] ] } },
{ "type": "Feature", "properties": { "transect_id": 1547 }, "geometry": { "type": "LineString", "coordinates": [ [ 92.268842686314315, 20.855468231713957 ], [ 92.256325339518241, 20.848742937032068 ] ] } },
{ "type": "Feature", "properties": { "transect_id": 1548 }, "geometry": { "type": "LineString", "coordinates": [ [ 92.269081160357203, 20.85507601141839 ], [ 92.256563834233148, 20.848350734519077 ] ] } },
{ "type": "Feature", "properties": { "transect_id": 1549 }, "geometry": { "type": "LineString", "coordinates": [ [ 92.269319633140441, 20.854683790736228 ], [ 92.256802327688419, 20.847958531618826 ] ] } },
{ "type": "Feature", "properties": { "transect_id": 1550 }, "geometry": { "type": "LineString", "coordinates": [ [ 92.269558104664029, 20.854291569667492 ], [ 92.257040819884068, 20.847566328331379 ] ] } },
{ "type": "Feature", "properties": { "transect_id": 1551 }, "geometry": { "type": "LineString", "coordinates": [ [ 92.269796574928051, 20.853899348212213 ], [ 92.257279310820081, 20.847174124656874 ] ] } },
{ "type": "Feature", "properties": { "transect_id": 1552 }, "geometry": { "type": "LineString", "coordinates": [ [ 92.270035043932509, 20.853507126370392 ], [ 92.257517800496558, 20.846781920595202 ] ] } },
{ "type": "Feature", "properties": { "transect_id": 1553 }, "geometry": { "type": "LineString", "coordinates": [ [ 92.270273511677459, 20.853114904142071 ], [ 92.257756288913541, 20.846389716146387 ] ] } },
{ "type": "Feature", "properties": { "transect_id": 1554 }, "geometry": { "type": "LineString", "coordinates": [ [ 92.270511978162929, 20.852722681527261 ], [ 92.257994776071001, 20.845997511310575 ] ] } },
{ "type": "Feature", "properties": { "transect_id": 1555 }, "geometry": { "type": "LineString", "coordinates": [ [ 92.270750443388977, 20.852330458525977 ], [ 92.258233261969025, 20.845605306087677 ] ] } },
{ "type": "Feature", "properties": { "transect_id": 1556 }, "geometry": { "type": "LineString", "coordinates": [ [ 92.27098890735563, 20.851938235138245 ], [ 92.258471746607697, 20.845213100477654 ] ] } },
{ "type": "Feature", "properties": { "transect_id": 1557 }, "geometry": { "type": "LineString", "coordinates": [ [ 92.271227370062903, 20.851546011364093 ], [ 92.258710229986946, 20.844820894480737 ] ] } },
{ "type": "Feature", "properties": { "transect_id": 1558 }, "geometry": { "type": "LineString", "coordinates": [ [ 92.271465831510866, 20.851153787203526 ], [ 92.258948712106871, 20.844428688096784 ] ] } },
{ "type": "Feature", "properties": { "transect_id": 1559 }, "geometry": { "type": "LineString", "coordinates": [ [ 92.271704291699535, 20.850761562656576 ], [ 92.259187192967559, 20.844036481325766 ] ] } },
{ "type": "Feature", "properties": { "transect_id": 1560 }, "geometry": { "type": "LineString", "coordinates": [ [ 92.27194275062898, 20.850369337723265 ], [ 92.259425672568909, 20.843644274167932 ] ] } },
{ "type": "Feature", "properties": { "transect_id": 1561 }, "geometry": { "type": "LineString", "coordinates": [ [ 92.272181208299216, 20.849977112403607 ], [ 92.259664150911121, 20.843252066623073 ] ] } },
{ "type": "Feature", "properties": { "transect_id": 1562 }, "geometry": { "type": "LineString", "coordinates": [ [ 92.27241966471027, 20.84958488669762 ], [ 92.259902627994151, 20.842859858691263 ] ] } },
{ "type": "Feature", "properties": { "transect_id": 1563 }, "geometry": { "type": "LineString", "coordinates": [ [ 92.2726581198622, 20.84919266060534 ], [ 92.260141103818, 20.842467650372676 ] ] } },
{ "type": "Feature", "properties": { "transect_id": 1564 }, "geometry": { "type": "LineString", "coordinates": [ [ 92.272896573755048, 20.848800434126776 ], [ 92.260379578382768, 20.842075441667138 ] ] } },
{ "type": "Feature", "properties": { "transect_id": 1565 }, "geometry": { "type": "LineString", "coordinates": [ [ 92.273135026388843, 20.848408207261944 ], [ 92.26061805168851, 20.841683232574709 ] ] } },
{ "type": "Feature", "properties": { "transect_id": 1566 }, "geometry": { "type": "LineString", "coordinates": [ [ 92.273373477763613, 20.848015980010874 ], [ 92.260856523735185, 20.841291023095547 ] ] } },
{ "type": "Feature", "properties": { "transect_id": 1567 }, "geometry": { "type": "LineString", "coordinates": [ [ 92.273611927879415, 20.847623752373586 ], [ 92.261094994522892, 20.840898813229522 ] ] } },
{ "type": "Feature", "properties": { "transect_id": 1568 }, "geometry": { "type": "LineString", "coordinates": [ [ 92.273850376736277, 20.8472315243501 ], [ 92.261333464051702, 20.84050660297666 ] ] } },
{ "type": "Feature", "properties": { "transect_id": 1569 }, "geometry": { "type": "LineString", "coordinates": [ [ 92.274088824334228, 20.846839295940434 ], [ 92.26157193232153, 20.840114392337114 ] ] } },
{ "type": "Feature", "properties": { "transect_id": 1570 }, "geometry": { "type": "LineString", "coordinates": [ [ 92.274327270673339, 20.846447067144599 ], [ 92.261810399332518, 20.83972218131079 ] ] } },
{ "type": "Feature", "properties": { "transect_id": 1571 }, "geometry": { "type": "LineString", "coordinates": [ [ 92.27456571575361, 20.84605483796264 ], [ 92.262048865084708, 20.839329969897666 ] ] } },
{ "type": "Feature", "properties": { "transect_id": 1572 }, "geometry": { "type": "LineString", "coordinates": [ [ 92.274804159575112, 20.845662608394555 ], [ 92.262287329578058, 20.838937758097934 ] ] } },
{ "type": "Feature", "properties": { "transect_id": 1573 }, "geometry": { "type": "LineString", "coordinates": [ [ 92.275042602137859, 20.845270378440379 ], [ 92.262525792812653, 20.838545545911479 ] ] } },
{ "type": "Feature", "properties": { "transect_id": 1574 }, "geometry": { "type": "LineString", "coordinates": [ [ 92.275281043441893, 20.844878148100129 ], [ 92.262764254788593, 20.838153333338287 ] ] } },
{ "type": "Feature", "properties": { "transect_id": 1575 }, "geometry": { "type": "LineString", "coordinates": [ [ 92.275519483487244, 20.844485917373817 ], [ 92.263002715505777, 20.837761120378566 ] ] } },
{ "type": "Feature", "properties": { "transect_id": 1576 }, "geometry": { "type": "LineString", "coordinates": [ [ 92.275757922273996, 20.844093686261477 ], [ 92.263241174964364, 20.837368907032154 ] ] } },
{ "type": "Feature", "properties": { "transect_id": 1577 }, "geometry": { "type": "LineString", "coordinates": [ [ 92.275996359802122, 20.843701454763121 ], [ 92.26347963316438, 20.836976693299089 ] ] } },
{ "type": "Feature", "properties": { "transect_id": 1578 }, "geometry": { "type": "LineString", "coordinates": [ [ 92.276234796071705, 20.843309222878769 ], [ 92.263718090105769, 20.836584479179564 ] ] } },
{ "type": "Feature", "properties": { "transect_id": 1579 }, "geometry": { "type": "LineString", "coordinates": [ [ 92.276473231082775, 20.842916990608451 ], [ 92.263956545788673, 20.836192264673386 ] ] } },
{ "type": "Feature", "properties": { "transect_id": 1580 }, "geometry": { "type": "LineString", "coordinates": [ [ 92.276711664835375, 20.84252475795218 ], [ 92.264195000213107, 20.835800049780641 ] ] } },
{ "type": "Feature", "properties": { "transect_id": 1581 }, "geometry": { "type": "LineString", "coordinates": [ [ 92.276950097329518, 20.842132524909978 ], [ 92.264433453379041, 20.835407834501456 ] ] } },
{ "type": "Feature", "properties": { "transect_id": 1582 }, "geometry": { "type": "LineString", "coordinates": [ [ 92.27718286560345, 20.841737417864834 ], [ 92.264406291534669, 20.835459610121156 ] ] } },
{ "type": "Feature", "properties": { "transect_id": 1583 }, "geometry": { "type": "LineString", "coordinates": [ [ 92.277400839573346, 20.841334803853215 ], [ 92.264552948312556, 20.83518702492043 ] ] } },
{ "type": "Feature", "properties": { "transect_id": 1584 }, "geometry": { "type": "LineString", "coordinates": [ [ 92.277618812357417, 20.840932189511516 ], [ 92.264770945318503, 20.834784427388819 ] ] } },
{ "type": "Feature", "properties": { "transect_id": 1585 }, "geometry": { "type": "LineString", "coordinates": [ [ 92.277836783955721, 20.840529574839735 ], [ 92.264988941138469, 20.834381829526599 ] ] } },
{ "type": "Feature", "properties": { "transect_id": 1586 }, "geometry": { "type": "LineString", "coordinates": [ [ 92.278054754368256, 20.8401269598379 ], [ 92.265206935772525, 20.833979231333732 ] ] } },
{ "type": "Feature", "properties": { "transect_id": 1587 }, "geometry": { "type": "LineString", "coordinates": [ [ 92.278272723595109, 20.839724344506038 ], [ 92.2654249292207, 20.833576632810232 ] ] } },
{ "type": "Feature", "properties": { "transect_id": 1588 }, "geometry": { "type": "LineString", "coordinates": [ [ 92.278490691636279, 20.839321728844148 ], [ 92.265642921483007, 20.833174033956176 ] ] } },
{ "type": "Feature", "properties": { "transect_id": 1589 }, "geometry": { "type": "LineString", "coordinates": [ [ 92.278708658491823, 20.838919112852253 ], [ 92.26586091255956, 20.832771434771409 ] ] } },
{ "type": "Feature", "properties": { "transect_id": 1590 }, "geometry": { "type": "LineString", "coordinates": [ [ 92.278926624161784, 20.838516496530389 ], [ 92.266078902450317, 20.832368835256144 ] ] } },
{ "type": "Feature", "properties": { "transect_id": 1591 }, "geometry": { "type": "LineString", "coordinates": [ [ 92.279144588646176, 20.838113879878556 ], [ 92.266296891155349, 20.831966235410292 ] ] } },
{ "type": "Feature", "properties": { "transect_id": 1592 }, "geometry": { "type": "LineString", "coordinates": [ [ 92.279362551945056, 20.837711262896775 ], [ 92.266514878674698, 20.831563635233913 ] ] } },
{ "type": "Feature", "properties": { "transect_id": 1593 }, "geometry": { "type": "LineString", "coordinates": [ [ 92.279580514058466, 20.837308645585058 ], [ 92.266732865008365, 20.83116103472706 ] ] } },
{ "type": "Feature", "properties": { "transect_id": 1594 }, "geometry": { "type": "LineString", "coordinates": [ [ 92.279798474986436, 20.836906027943439 ], [ 92.266950850156462, 20.830758433889599 ] ] } },
{ "type": "Feature", "properties": { "transect_id": 1595 }, "geometry": { "type": "LineString", "coordinates": [ [ 92.280016434728992, 20.836503409971922 ], [ 92.267168834118976, 20.8303558327217 ] ] } },
{ "type": "Feature", "properties": { "transect_id": 1596 }, "geometry": { "type": "LineString", "coordinates": [ [ 92.280234393286179, 20.836100791670528 ], [ 92.267386816895922, 20.829953231223332 ] ] } },
{ "type": "Feature", "properties": { "transect_id": 1597 }, "geometry": { "type": "LineString", "coordinates": [ [ 92.280452350658038, 20.835698173039276 ], [ 92.267604798487383, 20.829550629394522 ] ] } },
{ "type": "Feature", "properties": { "transect_id": 1598 }, "geometry": { "type": "LineString", "coordinates": [ [ 92.280670306844613, 20.83529555407819 ], [ 92.267822778893375, 20.829148027235277 ] ] } },
{ "type": "Feature", "properties": { "transect_id": 1599 }, "geometry": { "type": "LineString", "coordinates": [ [ 92.280888261845931, 20.83489293478727 ], [ 92.268040758113926, 20.828745424745648 ] ] } },
{ "type": "Feature", "properties": { "transect_id": 1600 }, "geometry": { "type": "LineString", "coordinates": [ [ 92.281106215662035, 20.834490315166551 ], [ 92.26825873614915, 20.828342821925535 ] ] } },
{ "type": "Feature", "properties": { "transect_id": 1601 }, "geometry": { "type": "LineString", "coordinates": [ [ 92.281324168292954, 20.834087695216049 ], [ 92.268476712998975, 20.827940218775083 ] ] } },
{ "type": "Feature", "properties": { "transect_id": 1602 }, "geometry": { "type": "LineString", "coordinates": [ [ 92.281542119738745, 20.833685074935772 ], [ 92.268694688663501, 20.827537615294275 ] ] } },
{ "type": "Feature", "properties": { "transect_id": 1603 }, "geometry": { "type": "LineString", "coordinates": [ [ 92.28176006999945, 20.833282454325744 ], [ 92.268912663142743, 20.827135011483119 ] ] } },
{ "type": "Feature", "properties": { "transect_id": 1604 }, "geometry": { "type": "LineString", "coordinates": [ [ 92.281978019075083, 20.832879833385974 ], [ 92.269130636436728, 20.826732407341684 ] ] } },
{ "type": "Feature", "properties": { "transect_id": 1605 }, "geometry": { "type": "LineString", "coordinates": [ [ 92.282195966965674, 20.832477212116508 ], [ 92.26934860854557, 20.826329802869846 ] ] } },
{ "type": "Feature", "properties": { "transect_id": 1606 }, "geometry": { "type": "LineString", "coordinates": [ [ 92.282413913671292, 20.832074590517333 ], [ 92.269566579469213, 20.825927198067774 ] ] } },
{ "type": "Feature", "properties": { "transect_id": 1607 }, "geometry": { "type": "LineString", "coordinates": [ [ 92.282631859191937, 20.831671968588473 ], [ 92.269784549207742, 20.825524592935402 ] ] } },
{ "type": "Feature", "properties": { "transect_id": 1608 }, "geometry": { "type": "LineString", "coordinates": [ [ 92.282849803527711, 20.831269346329954 ], [ 92.270002517761199, 20.825121987472791 ] ] } },
{ "type": "Feature", "properties": { "transect_id": 1609 }, "geometry": { "type": "LineString", "coordinates": [ [ 92.283067746678583, 20.830866723741789 ], [ 92.27022048512957, 20.82471938167998 ] ] } },
{ "type": "Feature", "properties": { "transect_id": 1610 }, "geometry": { "type": "LineString", "coordinates": [ [ 92.283285688644611, 20.830464100824006 ], [ 92.27043845131297, 20.824316775556866 ] ] } },
{ "type": "Feature", "properties": { "transect_id": 1611 }, "geometry": { "type": "LineString", "coordinates": [ [ 92.283503629425866, 20.830061477576606 ], [ 92.270656416311382, 20.823914169103595 ] ] } },
{ "type": "Feature", "properties": { "transect_id": 1612 }, "geometry": { "type": "LineString", "coordinates": [ [ 92.283721569022347, 20.829658853999625 ], [ 92.270874380124866, 20.823511562320132 ] ] } },
{ "type": "Feature", "properties": { "transect_id": 1613 }, "geometry": { "type": "LineString", "coordinates": [ [ 92.283939507434098, 20.829256230093065 ], [ 92.271092342753462, 20.823108955206514 ] ] } },
{ "type": "Feature", "properties": { "transect_id": 1614 }, "geometry": { "type": "LineString", "coordinates": [ [ 92.284157444661176, 20.828853605856942 ], [ 92.271310304197158, 20.822706347762782 ] ] } },
{ "type": "Feature", "properties": { "transect_id": 1615 }, "geometry": { "type": "LineString", "coordinates": [ [ 92.284375380703594, 20.828450981291279 ], [ 92.27152826445608, 20.822303739988836 ] ] } },
{ "type": "Feature", "properties": { "transect_id": 1616 }, "geometry": { "type": "LineString", "coordinates": [ [ 92.284593315561423, 20.82804835639611 ], [ 92.271746223530201, 20.821901131884808 ] ] } },
{ "type": "Feature", "properties": { "transect_id": 1617 }, "geometry": { "type": "LineString", "coordinates": [ [ 92.284811249234664, 20.827645731171426 ], [ 92.271964181419577, 20.821498523450686 ] ] } },
{ "type": "Feature", "properties": { "transect_id": 1618 }, "geometry": { "type": "LineString", "coordinates": [ [ 92.285029181723374, 20.827243105617264 ], [ 92.272182138124251, 20.821095914686502 ] ] } },
{ "type": "Feature", "properties": { "transect_id": 1619 }, "geometry": { "type": "LineString", "coordinates": [ [ 92.28524711302758, 20.826840479733637 ], [ 92.272400093644222, 20.820693305592297 ] ] } },
{ "type": "Feature", "properties": { "transect_id": 1620 }, "geometry": { "type": "LineString", "coordinates": [ [ 92.28546504314734, 20.826437853520556 ], [ 92.272618047979634, 20.820290696167941 ] ] } },
{ "type": "Feature", "properties": { "transect_id": 1621 }, "geometry": { "type": "LineString", "coordinates": [ [ 92.285682972082668, 20.826035226978043 ], [ 92.272836001130401, 20.81988808641362 ] ] } },
{ "type": "Feature", "properties": { "transect_id": 1622 }, "geometry": { "type": "LineString", "coordinates": [ [ 92.285900899833635, 20.825632600106122 ], [ 92.273053953096621, 20.819485476329294 ] ] } },
{ "type": "Feature", "properties": { "transect_id": 1623 }, "geometry": { "type": "LineString", "coordinates": [ [ 92.286118826400227, 20.825229972904808 ], [ 92.27327190387831, 20.819082865914993 ] ] } },
{ "type": "Feature", "properties": { "transect_id": 1624 }, "geometry": { "type": "LineString", "coordinates": [ [ 92.286336751782528, 20.824827345374107 ], [ 92.27348985347551, 20.818680255170737 ] ] } },
{ "type": "Feature", "properties": { "transect_id": 1625 }, "geometry": { "type": "LineString", "coordinates": [ [ 92.286554675980554, 20.824424717514049 ], [ 92.273707801888321, 20.818277644096447 ] ] } },
{ "type": "Feature", "properties": { "transect_id": 1626 }, "geometry": { "type": "LineString", "coordinates": [ [ 92.286772598994361, 20.824022089324654 ], [ 92.273925749116685, 20.817875032692271 ] ] } },
{ "type": "Feature", "properties": { "transect_id": 1627 }, "geometry": { "type": "LineString", "coordinates": [ [ 92.286990520823977, 20.823619460805929 ], [ 92.274143695160703, 20.817472420958172 ] ] } },
{ "type": "Feature", "properties": { "transect_id": 1628 }, "geometry": { "type": "LineString", "coordinates": [ [ 92.287208441469431, 20.8232168319579 ], [ 92.274361640020373, 20.817069808894175 ] ] } },
{ "type": "Feature", "properties": { "transect_id": 1629 }, "geometry": { "type": "LineString", "coordinates": [ [ 92.287426360930752, 20.822814202780584 ], [ 92.274579583695768, 20.816667196500305 ] ] } },
{ "type": "Feature", "properties": { "transect_id": 1630 }, "geometry": { "type": "LineString", "coordinates": [ [ 92.287644279207996, 20.822411573273989 ], [ 92.274797526186873, 20.816264583776601 ] ] } },
{ "type": "Feature", "properties": { "transect_id": 1631 }, "geometry": { "type": "LineString", "coordinates": [ [ 92.287862196301205, 20.822008943438149 ], [ 92.275015467493802, 20.815861970722978 ] ] } },
{ "type": "Feature", "properties": { "transect_id": 1632 }, "geometry": { "type": "LineString", "coordinates": [ [ 92.288080112210409, 20.821606313273072 ], [ 92.27523340761654, 20.815459357339549 ] ] } },
{ "type": "Feature", "properties": { "transect_id": 1633 }, "geometry": { "type": "LineString", "coordinates": [ [ 92.288298026935649, 20.821203682778776 ], [ 92.27545134655513, 20.815056743626322 ] ] } },
{ "type": "Feature", "properties": { "transect_id": 1634 }, "geometry": { "type": "LineString", "coordinates": [ [ 92.288515940476955, 20.820801051955279 ], [ 92.275669284309643, 20.8146541295833 ] ] } },
{ "type": "Feature", "properties": { "transect_id": 1635 }, "geometry": { "type": "LineString", "coordinates": [ [ 92.288733852834383, 20.820398420802597 ], [ 92.275887220880037, 20.81425151521055 ] ] } },
{ "type": "Feature", "properties": { "transect_id": 1636 }, "geometry": { "type": "LineString", "coordinates": [ [ 92.288951764007933, 20.819995789320757 ], [ 92.276105156266468, 20.813848900507953 ] ] } },
{ "type": "Feature", "properties": { "transect_id": 1637 }, "geometry": { "type": "LineString", "coordinates": [ [ 92.289169673997691, 20.819593157509772 ], [ 92.276323090468878, 20.813446285475649 ] ] } },
{ "type": "Feature", "properties": { "transect_id": 1638 }, "geometry": { "type": "LineString", "coordinates": [ [ 92.289387582803641, 20.819190525369656 ], [ 92.27654102348734, 20.813043670113633 ] ] } },
{ "type": "Feature", "properties": { "transect_id": 1639 }, "geometry": { "type": "LineString", "coordinates": [ [ 92.28960549042587, 20.818787892900431 ], [ 92.276758955321881, 20.81264105442192 ] ] } },
{ "type": "Feature", "properties": { "transect_id": 1640 }, "geometry": { "type": "LineString", "coordinates": [ [ 92.289823396864406, 20.818385260102108 ], [ 92.276976885972545, 20.812238438400556 ] ] } },
{ "type": "Feature", "properties": { "transect_id": 1641 }, "geometry": { "type": "LineString", "coordinates": [ [ 92.290041302119263, 20.817982626974707 ], [ 92.277194815439401, 20.811835822049421 ] ] } },
{ "type": "Feature", "properties": { "transect_id": 1642 }, "geometry": { "type": "LineString", "coordinates": [ [ 92.290259206190484, 20.817579993518258 ], [ 92.277412743722422, 20.811433205368697 ] ] } },
{ "type": "Feature", "properties": { "transect_id": 1643 }, "geometry": { "type": "LineString", "coordinates": [ [ 92.29047710907814, 20.817177359732764 ], [ 92.277630670821708, 20.811030588358339 ] ] } },
{ "type": "Feature", "properties": { "transect_id": 1644 }, "geometry": { "type": "LineString", "coordinates": [ [ 92.29069501078223, 20.816774725618249 ], [ 92.277848596737243, 20.810627971018363 ] ] } },
{ "type": "Feature", "properties": { "transect_id": 1645 }, "geometry": { "type": "LineString", "coordinates": [ [ 92.290912911302811, 20.816372091174731 ], [ 92.278066521469086, 20.810225353348837 ] ] } },
{ "type": "Feature", "properties": { "transect_id": 1646 }, "geometry": { "type": "LineString", "coordinates": [ [ 92.291130810639913, 20.815969456402218 ], [ 92.27828444501732, 20.809822735349634 ] ] } },
{ "type": "Feature", "properties": { "transect_id": 1647 }, "geometry": { "type": "LineString", "coordinates": [ [ 92.291348708793578, 20.815566821300749 ], [ 92.278502367381918, 20.80942011702092 ] ] } },
{ "type": "Feature", "properties": { "transect_id": 1648 }, "geometry": { "type": "LineString", "coordinates": [ [ 92.291566605763848, 20.815164185870323 ], [ 92.278720288562937, 20.809017498362667 ] ] } },
{ "type": "Feature", "properties": { "transect_id": 1649 }, "geometry": { "type": "LineString", "coordinates": [ [ 92.291784501550751, 20.814761550110966 ], [ 92.278938208560447, 20.808614879374872 ] ] } },
{ "type": "Feature", "properties": { "transect_id": 1650 }, "geometry": { "type": "LineString", "coordinates": [ [ 92.292002396154331, 20.814358914022691 ], [ 92.279156127374407, 20.808212260057626 ] ] } },
{ "type": "Feature", "properties": { "transect_id": 1651 }, "geometry": { "type": "LineString", "coordinates": [ [ 92.29222028957463, 20.81395627760552 ], [ 92.279374045004971, 20.807809640410785 ] ] } },
{ "type": "Feature", "properties": { "transect_id": 1652 }, "geometry": { "type": "LineString", "coordinates": [ [ 92.292436020195765, 20.81355263129576 ], [ 92.279495190714982, 20.807584031551773 ] ] } },
{ "type": "Feature", "properties": { "transect_id": 1653 }, "geometry": { "type": "LineString", "coordinates": [ [ 92.292645597287262, 20.813146111261798 ], [ 92.279675496002781, 20.807234013077696 ] ] } },
{ "type": "Feature", "properties": { "transect_id": 1654 }, "geometry": { "type": "LineString", "coordinates": [ [ 92.292855173227693, 20.812739590920312 ], [ 92.279885097506209, 20.806827509080261 ] ] } },
{ "type": "Feature", "properties": { "transect_id": 1655 }, "geometry": { "type": "LineString", "coordinates": [ [ 92.293064748017045, 20.812333070271325 ], [ 92.28009469785836, 20.806421004774723 ] ] } },
{ "type": "Feature", "properties": { "transect_id": 1656 }, "geometry": { "type": "LineString", "coordinates": [ [ 92.293274321655389, 20.811926549314844 ], [ 92.280304297059274, 20.806014500161098 ] ] } },
{ "type": "Feature", "properties": { "transect_id": 1657 }, "geometry": { "type": "LineString", "coordinates": [ [ 92.293483894142753, 20.811520028050893 ], [ 92.280513895108939, 20.805607995239409 ] ] } },
{ "type": "Feature", "properties": { "transect_id": 1658 }, "geometry": { "type": "LineString", "coordinates": [ [ 92.293693465479166, 20.811113506479487 ], [ 92.280723492007468, 20.805201490009612 ] ] } },
{ "type": "Feature", "properties": { "transect_id": 1659 }, "geometry": { "type": "LineString", "coordinates": [ [ 92.29390303566467, 20.810706984600642 ], [ 92.280933087754789, 20.804794984471915 ] ] } },
{ "type": "Feature", "properties": { "transect_id": 1660 }, "geometry": { "type": "LineString", "coordinates": [ [ 92.294112604699336, 20.810300462414368 ], [ 92.281142682351032, 20.804388478626144 ] ] } },
{ "type": "Feature", "properties": { "transect_id": 1661 }, "geometry": { "type": "LineString", "coordinates": [ [ 92.294322172583151, 20.809893939920698 ], [ 92.281352275796209, 20.803981972472378 ] ] } },
{ "type": "Feature", "properties": { "transect_id": 1662 }, "geometry": { "type": "LineString", "coordinates": [ [ 92.29453173931617, 20.809487417119637 ], [ 92.281561868090364, 20.803575466010617 ] ] } },
{ "type": "Feature", "properties": { "transect_id": 1663 }, "geometry": { "type": "LineString", "coordinates": [ [ 92.294741304898437, 20.809080894011199 ], [ 92.281771459233511, 20.803168959240921 ] ] } },
{ "type": "Feature", "properties": { "transect_id": 1664 }, "geometry": { "type": "LineString", "coordinates": [ [ 92.29495086932998, 20.808674370595408 ], [ 92.281981049225706, 20.802762452163261 ] ] } },
{ "type": "Feature", "properties": { "transect_id": 1665 }, "geometry": { "type": "LineString", "coordinates": [ [ 92.295160432610842, 20.808267846872269 ], [ 92.282190638066965, 20.802355944777677 ] ] } },
{ "type": "Feature", "properties": { "transect_id": 1666 }, "geometry": { "type": "LineString", "coordinates": [ [ 92.29536999474108, 20.807861322841816 ], [ 92.282400225757399, 20.801949437084126 ] ] } },
{ "type": "Feature", "properties": { "transect_id": 1667 }, "geometry": { "type": "LineString", "coordinates": [ [ 92.295579555720693, 20.807454798504061 ], [ 92.282609812296926, 20.801542929082771 ] ] } },
{ "type": "Feature", "properties": { "transect_id": 1668 }, "geometry": { "type": "LineString", "coordinates": [ [ 92.295789115549738, 20.80704827385901 ], [ 92.282819397685657, 20.80113642077351 ] ] } },
{ "type": "Feature", "properties": { "transect_id": 1669 }, "geometry": { "type": "LineString", "coordinates": [ [ 92.295998674228272, 20.806641748906692 ], [ 92.283028981923607, 20.800729912156367 ] ] } },
{ "type": "Feature", "properties": { "transect_id": 1670 }, "geometry": { "type": "LineString", "coordinates": [ [ 92.296208231756282, 20.806235223647114 ], [ 92.283238565010862, 20.800323403231396 ] ] } },
{ "type": "Feature", "properties": { "transect_id": 1671 }, "geometry": { "type": "LineString", "coordinates": [ [ 92.296417788133851, 20.805828698080294 ], [ 92.283448146947393, 20.799916893998581 ] ] } },
{ "type": "Feature", "properties": { "transect_id": 1672 }, "geometry": { "type": "LineString", "coordinates": [ [ 92.29662734336101, 20.805422172206256 ], [ 92.283657727733285, 20.799510384457943 ] ] } },
{ "type": "Feature", "properties": { "transect_id": 1673 }, "geometry": { "type": "LineString", "coordinates": [ [ 92.296836897437771, 20.805015646025009 ], [ 92.283867307368567, 20.799103874609489 ] ] } },
{ "type": "Feature", "properties": { "transect_id": 1674 }, "geometry": { "type": "LineString", "coordinates": [ [ 92.297046450364192, 20.804609119536568 ], [ 92.28407688585321, 20.798697364453339 ] ] } },
{ "type": "Feature", "properties": { "transect_id": 1675 }, "geometry": { "type": "LineString", "coordinates": [ [ 92.297256002140315, 20.804202592740964 ], [ 92.284286463187343, 20.798290853989382 ] ] } },
{ "type": "Feature", "properties": { "transect_id": 1676 }, "geometry": { "type": "LineString", "coordinates": [ [ 92.29746555276617, 20.803796065638199 ], [ 92.284496039370978, 20.79788434321766 ] ] } },
{ "type": "Feature", "properties": { "transect_id": 1677 }, "geometry": { "type": "LineString", "coordinates": [ [ 92.297675102241769, 20.803389538228295 ], [ 92.284705614404118, 20.797477832138238 ] ] } },
{ "type": "Feature", "properties": { "transect_id": 1678 }, "geometry": { "type": "LineString", "coordinates": [ [ 92.297884650567198, 20.802983010511269 ], [ 92.284915188286845, 20.797071320751087 ] ] } },
{ "type": "Feature", "properties": { "transect_id": 1679 }, "geometry": { "type": "LineString", "coordinates": [ [ 92.298094197742458, 20.80257648248714 ], [ 92.285124761019176, 20.796664809056242 ] ] } },
{ "type": "Feature", "properties": { "transect_id": 1680 }, "geometry": { "type": "LineString", "coordinates": [ [ 92.298303743767605, 20.802169954155918 ], [ 92.285334332601138, 20.796258297053711 ] ] } },
{ "type": "Feature", "properties": { "transect_id": 1681 }, "geometry": { "type": "LineString", "coordinates": [ [ 92.298513288642667, 20.80176342551762 ], [ 92.285543903032803, 20.795851784743466 ] ] } },
{ "type": "Feature", "properties": { "transect_id": 1682 }, "geometry": { "type": "LineString", "coordinates": [ [ 92.298722832367673, 20.801356896572265 ], [ 92.285753472314141, 20.795445272125686 ] ] } },
{ "type": "Feature", "properties": { "transect_id": 1683 }, "geometry": { "type": "LineString", "coordinates": [ [ 92.29893237494268, 20.800950367319874 ], [ 92.285963040445239, 20.795038759200228 ] ] } },
{ "type": "Feature", "properties": { "transect_id": 1684 }, "geometry": { "type": "LineString", "coordinates": [ [ 92.299141916367716, 20.800543837760458 ], [ 92.286172607426138, 20.794632245967154 ] ] } },
{ "type": "Feature", "properties": { "transect_id": 1685 }, "geometry": { "type": "LineString", "coordinates": [ [ 92.29935145664281, 20.800137307894044 ], [ 92.286382173256868, 20.794225732426476 ] ] } },
{ "type": "Feature", "properties": { "transect_id": 1686 }, "geometry": { "type": "LineString", "coordinates": [ [ 92.299560995768005, 20.799730777720633 ], [ 92.286591737937471, 20.793819218578211 ] ] } },
{ "type": "Feature", "properties": { "transect_id": 1687 }, "geometry": { "type": "LineString", "coordinates": [ [ 92.299770533743356, 20.79932424724025 ], [ 92.28680130146796, 20.793412704422408 ] ] } },
{ "type": "Feature", "properties": { "transect_id": 1688 }, "geometry": { "type": "LineString", "coordinates": [ [ 92.299980070568878, 20.798917716452905 ], [ 92.287010863848423, 20.793006189958994 ] ] } },
{ "type": "Feature", "properties": { "transect_id": 1689 }, "geometry": { "type": "LineString", "coordinates": [ [ 92.300189606244629, 20.798511185358624 ], [ 92.2872204250788, 20.792599675188153 ] ] } },
{ "type": "Feature", "properties": { "transect_id": 1690 }, "geometry": { "type": "LineString", "coordinates": [ [ 92.300399140770622, 20.79810465395742 ], [ 92.287429985159235, 20.792193160109736 ] ] } },
{ "type": "Feature", "properties": { "transect_id": 1691 }, "geometry": { "type": "LineString", "coordinates": [ [ 92.300608674146901, 20.797698122249308 ], [ 92.287639544089714, 20.791786644723846 ] ] } },
{ "type": "Feature", "properties": { "transect_id": 1692 }, "geometry": { "type": "LineString", "coordinates": [ [ 92.300818206373521, 20.797291590234309 ], [ 92.287849101870279, 20.791380129030465 ] ] } },
{ "type": "Feature", "properties": { "transect_id": 1693 }, "geometry": { "type": "LineString", "coordinates": [ [ 92.301027737450511, 20.796885057912437 ], [ 92.288058658500972, 20.790973613029621 ] ] } },
{ "type": "Feature", "properties": { "transect_id": 1694 }, "geometry": { "type": "LineString", "coordinates": [ [ 92.301237267377886, 20.796478525283707 ], [ 92.288268213981837, 20.790567096721329 ] ] } },
{ "type": "Feature", "properties": { "transect_id": 1695 }, "geometry": { "type": "LineString", "coordinates": [ [ 92.301446796155716, 20.796071992348143 ], [ 92.288477768312916, 20.790160580105606 ] ] } },
{ "type": "Feature", "properties": { "transect_id": 1696 }, "geometry": { "type": "LineString", "coordinates": [ [ 92.301656323784002, 20.795665459105745 ], [ 92.288687321494223, 20.789754063182428 ] ] } },
{ "type": "Feature", "properties": { "transect_id": 1697 }, "geometry": { "type": "LineString", "coordinates": [ [ 92.301865850262828, 20.795258925556549 ], [ 92.288896873525772, 20.789347545951948 ] ] } },
{ "type": "Feature", "properties": { "transect_id": 1698 }, "geometry": { "type": "LineString", "coordinates": [ [ 92.302075375592196, 20.794852391700552 ], [ 92.289106424407663, 20.788941028414037 ] ] } },
{ "type": "Feature", "properties": { "transect_id": 1699 }, "geometry": { "type": "LineString", "coordinates": [ [ 92.302284899772147, 20.794445857537788 ], [ 92.28931597413991, 20.788534510568766 ] ] } },
{ "type": "Feature", "properties": { "transect_id": 1700 }, "geometry": { "type": "LineString", "coordinates": [ [ 92.302494422802738, 20.794039323068272 ], [ 92.289525522722542, 20.788127992416129 ] ] } },
{ "type": "Feature", "properties": { "transect_id": 1701 }, "geometry": { "type": "LineString", "coordinates": [ [ 92.302703944683984, 20.793632788292012 ], [ 92.289735070155587, 20.787721473956193 ] ] } },
{ "type": "Feature", "properties": { "transect_id": 1702 }, "geometry": { "type": "LineString", "coordinates": [ [ 92.302913465415941, 20.793226253209028 ], [ 92.289944616439101, 20.787314955188933 ] ] } },
{ "type": "Feature", "properties": { "transect_id": 1703 }, "geometry": { "type": "LineString", "coordinates": [ [ 92.303122984998623, 20.792819717819334 ], [ 92.290154161573142, 20.78690843611432 ] ] } },
{ "type": "Feature", "properties": { "transect_id": 1704 }, "geometry": { "type": "LineString", "coordinates": [ [ 92.303332503432088, 20.792413182122953 ], [ 92.290363705557681, 20.786501916732515 ] ] } },
{ "type": "Feature", "properties": { "transect_id": 1705 }, "geometry": { "type": "LineString", "coordinates": [ [ 92.303542020716378, 20.792006646119894 ], [ 92.290573248392803, 20.786095397043422 ] ] } },
{ "type": "Feature", "properties": { "transect_id": 1706 }, "geometry": { "type": "LineString", "coordinates": [ [ 92.303751536851522, 20.791600109810187 ], [ 92.290782790078552, 20.785688877047075 ] ] } },
{ "type": "Feature", "properties": { "transect_id": 1707 }, "geometry": { "type": "LineString", "coordinates": [ [ 92.303961051837533, 20.791193573193841 ], [ 92.290992330614927, 20.785282356743494 ] ] } },
{ "type": "Feature", "properties": { "transect_id": 1708 }, "geometry": { "type": "LineString", "coordinates": [ [ 92.304170565674482, 20.79078703627086 ], [ 92.291201870002027, 20.784875836132706 ] ] } },
{ "type": "Feature", "properties": { "transect_id": 1709 }, "geometry": { "type": "LineString", "coordinates": [ [ 92.304380078362385, 20.79038049904128 ], [ 92.291411408239824, 20.784469315214697 ] ] } },
{ "type": "Feature", "properties": { "transect_id": 1710 }, "geometry": { "type": "LineString", "coordinates": [ [ 92.304589589901312, 20.789973961505108 ], [ 92.29162094532839, 20.784062793989541 ] ] } },
{ "type": "Feature", "properties": { "transect_id": 1711 }, "geometry": { "type": "LineString", "coordinates": [ [ 92.304799100291248, 20.789567423662355 ], [ 92.29183048126778, 20.783656272457151 ] ] } },
{ "type": "Feature", "properties": { "transect_id": 1712 }, "geometry": { "type": "LineString", "coordinates": [ [ 92.30500860953228, 20.789160885513049 ], [ 92.292040016057939, 20.783249750617721 ] ] } },
{ "type": "Feature", "properties": { "transect_id": 1713 }, "geometry": { "type": "LineString", "coordinates": [ [ 92.30521811762442, 20.788754347057207 ], [ 92.292249549699022, 20.782843228471101 ] ] } },
{ "type": "Feature", "properties": { "transect_id": 1714 }, "geometry": { "type": "LineString", "coordinates": [ [ 92.305427624567699, 20.788347808294841 ], [ 92.292459082191016, 20.782436706017364 ] ] } },
{ "type": "Feature", "properties": { "transect_id": 1715 }, "geometry": { "type": "LineString", "coordinates": [ [ 92.305637130362186, 20.787941269225968 ], [ 92.292668613533934, 20.782030183256563 ] ] } },
{ "type": "Feature", "properties": { "transect_id": 1716 }, "geometry": { "type": "LineString", "coordinates": [ [ 92.305846635007896, 20.787534729850599 ], [ 92.292878143727862, 20.781623660188661 ] ] } },
{ "type": "Feature", "properties": { "transect_id": 1717 }, "geometry": { "type": "LineString", "coordinates": [ [ 92.306056138504843, 20.787128190168758 ], [ 92.293087672772799, 20.781217136813691 ] ] } },
{ "type": "Feature", "properties": { "transect_id": 1718 }, "geometry": { "type": "LineString", "coordinates": [ [ 92.306265640853113, 20.786721650180457 ], [ 92.293297200668832, 20.780810613131621 ] ] } },
{ "type": "Feature", "properties": { "transect_id": 1719 }, "geometry": { "type": "LineString", "coordinates": [ [ 92.306475142052705, 20.786315109885724 ], [ 92.29353303926402, 20.78035330858787 ] ] } },
{ "type": "Feature", "properties": { "transect_id": 1720 }, "geometry": { "type": "LineString", "coordinates": [ [ 92.306707074576963, 20.785920103247747 ], [ 92.294416940347958, 20.778842623182111 ] ] } },
{ "type": "Feature", "properties": { "transect_id": 1721 }, "geometry": { "type": "LineString", "coordinates": [ [ 92.30695792112914, 20.785534821770145 ], [ 92.2946678052365, 20.778457359901715 ] ] } },
{ "type": "Feature", "properties": { "transect_id": 1722 }, "geometry": { "type": "LineString", "coordinates": [ [ 92.307208766388655, 20.785149539872947 ], [ 92.294918668832494, 20.77807209620109 ] ] } },
{ "type": "Feature", "properties": { "transect_id": 1723 }, "geometry": { "type": "LineString", "coordinates": [ [ 92.307459610355522, 20.784764257556191 ], [ 92.295181849348623, 20.777667948879014 ] ] } },
{ "type": "Feature", "properties": { "transect_id": 1724 }, "geometry": { "type": "LineString", "coordinates": [ [ 92.30771639191083, 20.784382494910044 ], [ 92.295625805122597, 20.777007482358819 ] ] } },
{ "type": "Feature", "properties": { "transect_id": 1725 }, "geometry": { "type": "LineString", "coordinates": [ [ 92.307977782344892, 20.784003464371516 ], [ 92.295887211856709, 20.776628470401278 ] ] } },
{ "type": "Feature", "properties": { "transect_id": 1726 }, "geometry": { "type": "LineString", "coordinates": [ [ 92.308239171456407, 20.783624433381668 ], [ 92.296148617268415, 20.776249457991952 ] ] } },
{ "type": "Feature", "properties": { "transect_id": 1727 }, "geometry": { "type": "LineString", "coordinates": [ [ 92.308500559245431, 20.783245401940516 ], [ 92.296410021357872, 20.775870445130643 ] ] } },
{ "type": "Feature", "properties": { "transect_id": 1728 }, "geometry": { "type": "LineString", "coordinates": [ [ 92.308761945712007, 20.782866370048097 ], [ 92.296671424125023, 20.775491431817553 ] ] } },
{ "type": "Feature", "properties": { "transect_id": 1729 }, "geometry": { "type": "LineString", "coordinates": [ [ 92.309023330856164, 20.782487337704421 ], [ 92.296932825569897, 20.775112418052686 ] ] } },
{ "type": "Feature", "properties": { "transect_id": 1730 }, "geometry": { "type": "LineString", "coordinates": [ [ 92.309284714677943, 20.782108304909531 ], [ 92.297194225692664, 20.774733403835931 ] ] } },
{ "type": "Feature", "properties": { "transect_id": 1731 }, "geometry": { "type": "LineString", "coordinates": [ [ 92.309546097177375, 20.781729271663437 ], [ 92.297455624493196, 20.774354389167506 ] ] } },
{ "type": "Feature", "properties": { "transect_id": 1732 }, "geometry": { "type": "LineString", "coordinates": [ [ 92.3098074783545, 20.781350237966169 ], [ 92.297717021971678, 20.773975374047225 ] ] } },
{ "type": "Feature", "properties": { "transect_id": 1733 }, "geometry": { "type": "LineString", "coordinates": [ [ 92.310068858209377, 20.780971203817742 ], [ 92.297978418128054, 20.77359635847527 ] ] } },
{ "type": "Feature", "properties": { "transect_id": 1734 }, "geometry": { "type": "LineString", "coordinates": [ [ 92.310330236742004, 20.780592169218188 ], [ 92.298239812962322, 20.773217342451687 ] ] } },
{ "type": "Feature", "properties": { "transect_id": 1735 }, "geometry": { "type": "LineString", "coordinates": [ [ 92.310591613952454, 20.780213134167536 ], [ 92.298501206474683, 20.772838325976295 ] ] } },
{ "type": "Feature", "properties": { "transect_id": 1736 }, "geometry": { "type": "LineString", "coordinates": [ [ 92.31085298984074, 20.779834098665798 ], [ 92.298762598665007, 20.772459309049371 ] ] } },
{ "type": "Feature", "properties": { "transect_id": 1737 }, "geometry": { "type": "LineString", "coordinates": [ [ 92.311117756461769, 20.779457231672431 ], [ 92.299270653032394, 20.771741160253278 ] ] } },
{ "type": "Feature", "properties": { "transect_id": 1738 }, "geometry": { "type": "LineString", "coordinates": [ [ 92.311396430877778, 20.779089258027199 ], [ 92.299658982217665, 20.771226397931699 ] ] } },
{ "type": "Feature", "properties": { "transect_id": 1739 }, "geometry": { "type": "LineString", "coordinates": [ [ 92.311675103929431, 20.778721283876202 ], [ 92.299937668060011, 20.770858442889367 ] ] } },
{ "type": "Feature", "properties": { "transect_id": 1740 }, "geometry": { "type": "LineString", "coordinates": [ [ 92.311953775616772, 20.778353309219479 ], [ 92.300216352538413, 20.770490487340677 ] ] } },
{ "type": "Feature", "properties": { "transect_id": 1741 }, "geometry": { "type": "LineString", "coordinates": [ [ 92.312232445939827, 20.777985334057064 ], [ 92.300495035652858, 20.770122531285775 ] ] } },
{ "type": "Feature", "properties": { "transect_id": 1742 }, "geometry": { "type": "LineString", "coordinates": [ [ 92.312511114898626, 20.777617358388976 ], [ 92.30077371740343, 20.769754574724598 ] ] } },
{ "type": "Feature", "properties": { "transect_id": 1743 }, "geometry": { "type": "LineString", "coordinates": [ [ 92.312789782493226, 20.777249382215246 ], [ 92.301052397790031, 20.769386617657336 ] ] } },
{ "type": "Feature", "properties": { "transect_id": 1744 }, "geometry": { "type": "LineString", "coordinates": [ [ 92.313068448723655, 20.776881405535889 ], [ 92.301331076812858, 20.769018660083866 ] ] } },
{ "type": "Feature", "properties": { "transect_id": 1745 }, "geometry": { "type": "LineString", "coordinates": [ [ 92.313347113589941, 20.776513428350942 ], [ 92.301609754471841, 20.768650702004269 ] ] } },
{ "type": "Feature", "properties": { "transect_id": 1746 }, "geometry": { "type": "LineString", "coordinates": [ [ 92.313625777092128, 20.776145450660433 ], [ 92.301888430767136, 20.768282743418485 ] ] } },
{ "type": "Feature", "properties": { "transect_id": 1747 }, "geometry": { "type": "LineString", "coordinates": [ [ 92.313904439230257, 20.77577747246438 ], [ 92.302167105698587, 20.767914784326763 ] ] } },
{ "type": "Feature", "properties": { "transect_id": 1748 }, "geometry": { "type": "LineString", "coordinates": [ [ 92.314183100004357, 20.775409493762815 ], [ 92.302445779266407, 20.7675468247289 ] ] } },
{ "type": "Feature", "properties": { "transect_id": 1749 }, "geometry": { "type": "LineString", "coordinates": [ [ 92.314461759414471, 20.775041514555763 ], [ 92.302724451470539, 20.767178864625016 ] ] } },
{ "type": "Feature", "properties": { "transect_id": 1750 }, "geometry": { "type": "LineString", "coordinates": [ [ 92.314740417460627, 20.774673534843249 ], [ 92.303003122311054, 20.766810904015145 ] ] } },
{ "type": "Feature", "properties": { "transect_id": 1751 }, "geometry": { "type": "LineString", "coordinates": [ [ 92.315019074142853, 20.774305554625304 ], [ 92.303281791788038, 20.766442942899214 ] ] } },
{ "type": "Feature", "properties": { "transect_id": 1752 }, "geometry": { "type": "LineString", "coordinates": [ [ 92.315297729461221, 20.773937573901954 ], [ 92.303560459901377, 20.766074981277477 ] ] } },
{ "type": "Feature", "properties": { "transect_id": 1753 }, "geometry": { "type": "LineString", "coordinates": [ [ 92.315576383415731, 20.773569592673208 ], [ 92.303839126651255, 20.76570701914973 ] ] } },
{ "type": "Feature", "properties": { "transect_id": 1754 }, "geometry": { "type": "LineString", "coordinates": [ [ 92.31585503600644, 20.773201610939118 ], [ 92.304117792037644, 20.765339056516098 ] ] } },
{ "type": "Feature", "properties": { "transect_id": 1755 }, "geometry": { "type": "LineString", "coordinates": [ [ 92.316133687233375, 20.772833628699701 ], [ 92.304396456060644, 20.764971093376555 ] ] } },
{ "type": "Feature", "properties": { "transect_id": 1756 }, "geometry": { "type": "LineString", "coordinates": [ [ 92.316412337096594, 20.772465645954981 ], [ 92.304675118720155, 20.764603129731256 ] ] } },
{ "type": "Feature", "properties": { "transect_id": 1757 }, "geometry": { "type": "LineString", "coordinates": [ [ 92.316690985596097, 20.772097662704979 ], [ 92.304953780016348, 20.764235165580089 ] ] } },
{ "type": "Feature", "properties": { "transect_id": 1758 }, "geometry": { "type": "LineString", "coordinates": [ [ 92.31696963273194, 20.771729678949725 ], [ 92.305232439949179, 20.763867200923151 ] ] } },
{ "type": "Feature", "properties": { "transect_id": 1759 }, "geometry": { "type": "LineString", "coordinates": [ [ 92.317248278504152, 20.771361694689254 ], [ 92.305511098518792, 20.763499235760356 ] ] } },
{ "type": "Feature", "properties": { "transect_id": 1760 }, "geometry": { "type": "LineString", "coordinates": [ [ 92.317526922912791, 20.770993709923587 ], [ 92.305789755725044, 20.763131270091971 ] ] } },
{ "type": "Feature", "properties": { "transect_id": 1761 }, "geometry": { "type": "LineString", "coordinates": [ [ 92.317805565957869, 20.770625724652742 ], [ 92.306068411568134, 20.762763303917783 ] ] } },
{ "type": "Feature", "properties": { "transect_id": 1762 }, "geometry": { "type": "LineString", "coordinates": [ [ 92.318085308303822, 20.770258481984229 ], [ 92.306403400740351, 20.762323648029611 ] ] } },
{ "type": "Feature", "properties": { "transect_id": 1763 }, "geometry": { "type": "LineString", "coordinates": [ [ 92.318366880040642, 20.769892474830588 ], [ 92.306692882333849, 20.761947384984918 ] ] } },
{ "type": "Feature", "properties": { "transect_id": 1764 }, "geometry": { "type": "LineString", "coordinates": [ [ 92.31864845040775, 20.769526467162272 ], [ 92.306974464884149, 20.761581396489554 ] ] } },
{ "type": "Feature", "properties": { "transect_id": 1765 }, "geometry": { "type": "LineString", "coordinates": [ [ 92.318930019405187, 20.769160458979304 ], [ 92.307256046065021, 20.761215407479131 ] ] } },
{ "type": "Feature", "properties": { "transect_id": 1766 }, "geometry": { "type": "LineString", "coordinates": [ [ 92.319211587032996, 20.768794450281717 ], [ 92.307537625876691, 20.76084941795348 ] ] } },
{ "type": "Feature", "properties": { "transect_id": 1767 }, "geometry": { "type": "LineString", "coordinates": [ [ 92.319493153291205, 20.768428441069535 ], [ 92.307819204319102, 20.7604834279127 ] ] } },
{ "type": "Feature", "properties": { "transect_id": 1768 }, "geometry": { "type": "LineString", "coordinates": [ [ 92.319774718179858, 20.768062431342781 ], [ 92.308100781392341, 20.760117437356776 ] ] } },
{ "type": "Feature", "properties": { "transect_id": 1769 }, "geometry": { "type": "LineString", "coordinates": [ [ 92.320056281698996, 20.767696421101501 ], [ 92.308382357096349, 20.759751446285872 ] ] } },
{ "type": "Feature", "properties": { "transect_id": 1770 }, "geometry": { "type": "LineString", "coordinates": [ [ 92.320337843848634, 20.767330410345693 ], [ 92.308663931431241, 20.759385454699864 ] ] } },
{ "type": "Feature", "properties": { "transect_id": 1771 }, "geometry": { "type": "LineString", "coordinates": [ [ 92.320619404628815, 20.766964399075398 ], [ 92.308945504397059, 20.759019462598829 ] ] } },
{ "type": "Feature", "properties": { "transect_id": 1772 }, "geometry": { "type": "LineString", "coordinates": [ [ 92.320900964039595, 20.766598387290646 ], [ 92.310152802558349, 20.757571551427773 ] ] } },
{ "type": "Feature", "properties": { "transect_id": 1773 }, "geometry": { "type": "LineString", "coordinates": [ [ 92.321256302187265, 20.766294525525829 ], [ 92.311579549194079, 20.756252482417672 ] ] } },
{ "type": "Feature", "properties": { "transect_id": 1774 }, "geometry": { "type": "LineString", "coordinates": [ [ 92.321612187140317, 20.765991124783596 ], [ 92.311935428689409, 20.755949101249108 ] ] } },
{ "type": "Feature", "properties": { "transect_id": 1775 }, "geometry": { "type": "LineString", "coordinates": [ [ 92.321968070676519, 20.765687723254246 ], [ 92.312291306768813, 20.755645719293163 ] ] } },
{ "type": "Feature", "properties": { "transect_id": 1776 }, "geometry": { "type": "LineString", "coordinates": [ [ 92.322323952795855, 20.765384320937823 ], [ 92.312647183432261, 20.755342336549912 ] ] } },
{ "type": "Feature", "properties": { "transect_id": 1777 }, "geometry": { "type": "LineString", "coordinates": [ [ 92.32267983349837, 20.765080917834339 ], [ 92.313003058679826, 20.755038953019358 ] ] } },
{ "type": "Feature", "properties": { "transect_id": 1778 }, "geometry": { "type": "LineString", "coordinates": [ [ 92.32303571278409, 20.764777513943848 ], [ 92.313358932511491, 20.754735568701562 ] ] } },
{ "type": "Feature", "properties": { "transect_id": 1779 }, "geometry": { "type": "LineString", "coordinates": [ [ 92.323396151643252, 20.764479251449412 ], [ 92.314331152346739, 20.753944354447253 ] ] } },
{ "type": "Feature", "properties": { "transect_id": 1780 }, "geometry": { "type": "LineString", "coordinates": [ [ 92.323777302393694, 20.764204340813905 ], [ 92.315009356223996, 20.753449326100377 ] ] } },
{ "type": "Feature", "properties": { "transect_id": 1781 }, "geometry": { "type": "LineString", "coordinates": [ [ 92.324158451776171, 20.763929429286115 ], [ 92.315390493279466, 20.753174433370376 ] ] } },
{ "type": "Feature", "properties": { "transect_id": 1782 }, "geometry": { "type": "LineString", "coordinates": [ [ 92.324539599790668, 20.763654516866104 ], [ 92.315771628967866, 20.752899539748178 ] ] } },
{ "type": "Feature", "properties": { "transect_id": 1783 }, "geometry": { "type": "LineString", "coordinates": [ [ 92.324920746437229, 20.763379603553886 ], [ 92.316152763289452, 20.752624645233645 ] ] } },
{ "type": "Feature", "properties": { "transect_id": 1784 }, "geometry": { "type": "LineString", "coordinates": [ [ 92.325301891715853, 20.763104689349522 ], [ 92.316533896244167, 20.752349749826884 ] ] } },
{ "type": "Feature", "properties": { "transect_id": 1785 }, "geometry": { "type": "LineString", "coordinates": [ [ 92.32568303562654, 20.762829774253028 ], [ 92.316915027832096, 20.752074853527859 ] ] } },
{ "type": "Feature", "properties": { "transect_id": 1786 }, "geometry": { "type": "LineString", "coordinates": [ [ 92.326064178169304, 20.762554858264448 ], [ 92.317296158053011, 20.751799956336786 ] ] } },
{ "type": "Feature", "properties": { "transect_id": 1787 }, "geometry": { "type": "LineString", "coordinates": [ [ 92.326445319344202, 20.762279941383824 ], [ 92.317677286907184, 20.751525058253527 ] ] } },
{ "type": "Feature", "properties": { "transect_id": 1788 }, "geometry": { "type": "LineString", "coordinates": [ [ 92.326826459151192, 20.762005023611181 ], [ 92.318058414394613, 20.751250159278122 ] ] } },
{ "type": "Feature", "properties": { "transect_id": 1789 }, "geometry": { "type": "LineString", "coordinates": [ [ 92.327207597590331, 20.761730104946562 ], [ 92.318439540515058, 20.750975259410776 ] ] } },
{ "type": "Feature", "properties": { "transect_id": 1790 }, "geometry": { "type": "LineString", "coordinates": [ [ 92.327588734661617, 20.761455185390002 ], [ 92.318820665268817, 20.750700358651358 ] ] } },
{ "type": "Feature", "properties": { "transect_id": 1791 }, "geometry": { "type": "LineString", "coordinates": [ [ 92.327969870365067, 20.76118026494154 ], [ 92.319201788655874, 20.750425456999892 ] ] } },
{ "type": "Feature", "properties": { "transect_id": 1792 }, "geometry": { "type": "LineString", "coordinates": [ [ 92.328351004700693, 20.760905343601209 ], [ 92.31958291067599, 20.75015055445661 ] ] } },
{ "type": "Feature", "properties": { "transect_id": 1793 }, "geometry": { "type": "LineString", "coordinates": [ [ 92.32873213766851, 20.760630421369054 ], [ 92.319964031329448, 20.749875651021355 ] ] } },
{ "type": "Feature", "properties": { "transect_id": 1794 }, "geometry": { "type": "LineString", "coordinates": [ [ 92.329113269268518, 20.760355498245101 ], [ 92.320345150616177, 20.749600746694231 ] ] } },
{ "type": "Feature", "properties": { "transect_id": 1795 }, "geometry": { "type": "LineString", "coordinates": [ [ 92.32949439950076, 20.760080574229395 ], [ 92.320726268536276, 20.749325841475201 ] ] } },
{ "type": "Feature", "properties": { "transect_id": 1796 }, "geometry": { "type": "LineString", "coordinates": [ [ 92.329875528365235, 20.759805649321962 ], [ 92.321107385089476, 20.749050935364508 ] ] } },
{ "type": "Feature", "properties": { "transect_id": 1797 }, "geometry": { "type": "LineString", "coordinates": [ [ 92.330256655861959, 20.759530723522847 ], [ 92.321488500276104, 20.748776028361991 ] ] } },
{ "type": "Feature", "properties": { "transect_id": 1798 }, "geometry": { "type": "LineString", "coordinates": [ [ 92.330637781990944, 20.759255796832083 ], [ 92.321869614096116, 20.748501120467672 ] ] } },
{ "type": "Feature", "properties": { "transect_id": 1799 }, "geometry": { "type": "LineString", "coordinates": [ [ 92.331018906752206, 20.758980869249712 ], [ 92.322250726549314, 20.748226211681811 ] ] } },
{ "type": "Feature", "properties": { "transect_id": 1800 }, "geometry": { "type": "LineString", "coordinates": [ [ 92.331400030145758, 20.758705940775766 ], [ 92.322631837635925, 20.747951302004225 ] ] } },
{ "type": "Feature", "properties": { "transect_id": 1801 }, "geometry": { "type": "LineString", "coordinates": [ [ 92.331781152171615, 20.758431011410284 ], [ 92.323012947356005, 20.747676391434968 ] ] } },
{ "type": "Feature", "properties": { "transect_id": 1802 }, "geometry": { "type": "LineString", "coordinates": [ [ 92.332162272829791, 20.758156081153292 ], [ 92.323394055709286, 20.747401479974236 ] ] } },
{ "type": "Feature", "properties": { "transect_id": 1803 }, "geometry": { "type": "LineString", "coordinates": [ [ 92.3325433921203, 20.757881150004845 ], [ 92.323775162696052, 20.747126567621923 ] ] } },
{ "type": "Feature", "properties": { "transect_id": 1804 }, "geometry": { "type": "LineString", "coordinates": [ [ 92.332924510043171, 20.75760621796497 ], [ 92.324156268316315, 20.74685165437803 ] ] } },
{ "type": "Feature", "properties": { "transect_id": 1805 }, "geometry": { "type": "LineString", "coordinates": [ [ 92.333305626598388, 20.7573312850337 ], [ 92.324537372569822, 20.746576740242791 ] ] } },
{ "type": "Feature", "properties": { "transect_id": 1806 }, "geometry": { "type": "LineString", "coordinates": [ [ 92.333686741785996, 20.757056351211073 ], [ 92.324918475456883, 20.746301825216058 ] ] } },
{ "type": "Feature", "properties": { "transect_id": 1807 }, "geometry": { "type": "LineString", "coordinates": [ [ 92.334067855605994, 20.756781416497134 ], [ 92.325299576977358, 20.746026909297939 ] ] } },
{ "type": "Feature", "properties": { "transect_id": 1808 }, "geometry": { "type": "LineString", "coordinates": [ [ 92.334448968058396, 20.756506480891915 ], [ 92.325680677131402, 20.74575199248839 ] ] } },
{ "type": "Feature", "properties": { "transect_id": 1809 }, "geometry": { "type": "LineString", "coordinates": [ [ 92.334830079143217, 20.75623154439544 ], [ 92.32606177591876, 20.745477074787633 ] ] } },
{ "type": "Feature", "properties": { "transect_id": 1810 }, "geometry": { "type": "LineString", "coordinates": [ [ 92.33521118886047, 20.755956607007768 ], [ 92.326442873339687, 20.745202156195546 ] ] } },
{ "type": "Feature", "properties": { "transect_id": 1811 }, "geometry": { "type": "LineString", "coordinates": [ [ 92.335592297210169, 20.755681668728919 ], [ 92.326823969394226, 20.74492723671214 ] ] } },
{ "type": "Feature", "properties": { "transect_id": 1812 }, "geometry": { "type": "LineString", "coordinates": [ [ 92.335993678772425, 20.755436838336088 ], [ 92.329269517551467, 20.743450229297739 ] ] } },
{ "type": "Feature", "properties": { "transect_id": 1813 }, "geometry": { "type": "LineString", "coordinates": [ [ 92.336420811694083, 20.755230250758707 ], [ 92.329832385663195, 20.743177135900293 ] ] } },
{ "type": "Feature", "properties": { "transect_id": 1814 }, "geometry": { "type": "LineString", "coordinates": [ [ 92.336847943478986, 20.755023662083492 ], [ 92.330259491545903, 20.742970562630475 ] ] } },
{ "type": "Feature", "properties": { "transect_id": 1815 }, "geometry": { "type": "LineString", "coordinates": [ [ 92.337275074127163, 20.754817072310484 ], [ 92.330686596292807, 20.74276398826327 ] ] } },
{ "type": "Feature", "properties": { "transect_id": 1816 }, "geometry": { "type": "LineString", "coordinates": [ [ 92.337702203638599, 20.754610481439709 ], [ 92.331113699904293, 20.742557412798533 ] ] } },
{ "type": "Feature", "properties": { "transect_id": 1817 }, "geometry": { "type": "LineString", "coordinates": [ [ 92.338129332013267, 20.75440388947121 ], [ 92.331540802379962, 20.742350836236486 ] ] } },
{ "type": "Feature", "properties": { "transect_id": 1818 }, "geometry": { "type": "LineString", "coordinates": [ [ 92.338556459251194, 20.754197296405014 ], [ 92.331967903720198, 20.742144258576978 ] ] } },
{ "type": "Feature", "properties": { "transect_id": 1819 }, "geometry": { "type": "LineString", "coordinates": [ [ 92.338983585352338, 20.753990702241158 ], [ 92.332395003924603, 20.741937679820222 ] ] } },
{ "type": "Feature", "properties": { "transect_id": 1820 }, "geometry": { "type": "LineString", "coordinates": [ [ 92.339410710316727, 20.753784106979687 ], [ 92.332822102993589, 20.741731099966064 ] ] } },
{ "type": "Feature", "properties": { "transect_id": 1821 }, "geometry": { "type": "LineString", "coordinates": [ [ 92.339837834144348, 20.753577510620612 ], [ 92.333885552914268, 20.741235062737037 ] ] } },
{ "type": "Feature", "properties": { "transect_id": 1822 }, "geometry": { "type": "LineString", "coordinates": [ [ 92.340290628783862, 20.753431421527686 ], [ 92.336247354486233, 20.740422950738175 ] ] } },
{ "type": "Feature", "properties": { "transect_id": 1823 }, "geometry": { "type": "LineString", "coordinates": [ [ 92.340751613561679, 20.753304637063042 ], [ 92.336708302555479, 20.740296175952029 ] ] } },
{ "type": "Feature", "properties": { "transect_id": 1824 }, "geometry": { "type": "LineString", "coordinates": [ [ 92.341212597605178, 20.753177851339526 ], [ 92.337169249891431, 20.740169399907685 ] ] } },
{ "type": "Feature", "properties": { "transect_id": 1825 }, "geometry": { "type": "LineString", "coordinates": [ [ 92.34167358091436, 20.753051064357177 ], [ 92.33763019649389, 20.740042622605209 ] ] } },
{ "type": "Feature", "properties": { "transect_id": 1826 }, "geometry": { "type": "LineString", "coordinates": [ [ 92.342134563489168, 20.752924276116012 ], [ 92.338091142362842, 20.739915844044624 ] ] } },
{ "type": "Feature", "properties": { "transect_id": 1827 }, "geometry": { "type": "LineString", "coordinates": [ [ 92.3426046177497, 20.752845344161418 ], [ 92.341616376308295, 20.739324173917602 ] ] } },
{ "type": "Feature", "properties": { "transect_id": 1828 }, "geometry": { "type": "LineString", "coordinates": [ [ 92.343083777468181, 20.752814444289235 ], [ 92.342098318631301, 20.739293093154114 ] ] } },
{ "type": "Feature", "properties": { "transect_id": 1829 }, "geometry": { "type": "LineString", "coordinates": [ [ 92.343562937032161, 20.752783543075992 ], [ 92.342577435644586, 20.73926219350345 ] ] } },
{ "type": "Feature", "properties": { "transect_id": 1830 }, "geometry": { "type": "LineString", "coordinates": [ [ 92.344042096441612, 20.752752640521685 ], [ 92.343056552503555, 20.73923129251266 ] ] } },
{ "type": "Feature", "properties": { "transect_id": 1831 }, "geometry": { "type": "LineString", "coordinates": [ [ 92.344521462252914, 20.752727410708168 ], [ 92.344209478474852, 20.73917749395503 ] ] } },
{ "type": "Feature", "properties": { "transect_id": 1832 }, "geometry": { "type": "LineString", "coordinates": [ [ 92.345001746562872, 20.752727411683544 ], [ 92.345001738052346, 20.739174315640689 ] ] } },
{ "type": "Feature", "properties": { "transect_id": 1833 }, "geometry": { "type": "LineString", "coordinates": [ [ 92.345482030913288, 20.752727411316901 ], [ 92.345481979618398, 20.739174314132068 ] ] } }
]
}
